#
# There is insufficient memory for the Java Runtime Environment to continue.
# Native memory allocation (mmap) failed to map 57671680 bytes. Error detail: G1 virtual space
# Possible reasons:
#   The system is out of physical RAM or swap space
#   This process is running with CompressedOops enabled, and the Java Heap may be blocking the growth of the native heap
# Possible solutions:
#   Reduce memory load on the system
#   Increase physical memory or swap space
#   Check if swap backing store is full
#   Decrease Java heap size (-Xmx/-Xms)
#   Decrease number of Java threads
#   Decrease Java thread stack sizes (-Xss)
#   Set larger code cache with -XX:ReservedCodeCacheSize=
#   JVM is running with Unscaled Compressed Oops mode in which the Java heap is
#     placed in the first 4GB address space. The Java Heap base address is the
#     maximum limit for the native heap growth. Please use -XX:HeapBaseMinAddress
#     to set the Java Heap base and to place the Java Heap above 4GB virtual address.
# This output file may be truncated or incomplete.
#
#  Out of Memory Error (os_windows.cpp:3925), pid=22828, tid=6976
#
# JRE version: OpenJDK Runtime Environment (21.0.8) (build 21.0.8+-14196175-b1038.72)
# Java VM: OpenJDK 64-Bit Server VM (21.0.8+-14196175-b1038.72, mixed mode, tiered, compressed oops, compressed class ptrs, g1 gc, windows-amd64)
# No core dump will be written. Minidumps are not enabled by default on client versions of Windows
#

---------------  S U M M A R Y ------------

Command Line: --add-opens=java.base/java.lang=ALL-UNNAMED --add-opens=java.base/java.lang.invoke=ALL-UNNAMED --add-opens=java.base/java.util=ALL-UNNAMED --add-opens=java.prefs/java.util.prefs=ALL-UNNAMED --add-exports=jdk.compiler/com.sun.tools.javac.api=ALL-UNNAMED --add-exports=jdk.compiler/com.sun.tools.javac.util=ALL-UNNAMED --add-opens=java.base/java.util=ALL-UNNAMED --add-opens=java.prefs/java.util.prefs=ALL-UNNAMED --add-opens=java.base/java.nio.charset=ALL-UNNAMED --add-opens=java.base/java.net=ALL-UNNAMED --add-opens=java.base/java.util.concurrent.atomic=ALL-UNNAMED --add-opens=java.xml/javax.xml.namespace=ALL-UNNAMED -Xmx2048m -Dfile.encoding=UTF-8 -Duser.country=US -Duser.language=en -Duser.variant -javaagent:C:\Users\rawat\.gradle\wrapper\dists\gradle-8.13-bin\5xuhj0ry160q40clulazy9h7d\gradle-8.13\lib\agents\gradle-instrumentation-agent-8.13.jar org.gradle.launcher.daemon.bootstrap.GradleDaemon 8.13

Host: 11th Gen Intel(R) Core(TM) i7-1165G7 @ 2.80GHz, 8 cores, 7G,  Windows 11 , 64 bit Build 26100 (10.0.26100.8875)
Time: Fri Jul 24 16:07:39 2026 Nepal Standard Time elapsed time: 785.168218 seconds (0d 0h 13m 5s)

---------------  T H R E A D  ---------------

Current thread (0x00000209ca85ec30):  VMThread "VM Thread"          [id=6976, stack(0x000000a11db00000,0x000000a11dc00000) (1024K)]

Stack: [0x000000a11db00000,0x000000a11dc00000]
Native frames: (J=compiled Java code, j=interpreted, Vv=VM code, C=native code)
V  [jvm.dll+0x6d68d9]
V  [jvm.dll+0x866693]
V  [jvm.dll+0x868c4e]
V  [jvm.dll+0x869333]
V  [jvm.dll+0x280566]
V  [jvm.dll+0x6d3195]
V  [jvm.dll+0x6c69ea]
V  [jvm.dll+0x3586db]
V  [jvm.dll+0x360336]
V  [jvm.dll+0x3b23f6]
V  [jvm.dll+0x3b26c8]
V  [jvm.dll+0x32ae6c]
V  [jvm.dll+0x32d806]
V  [jvm.dll+0x3376dd]
V  [jvm.dll+0x36ee15]
V  [jvm.dll+0x86f0b8]
V  [jvm.dll+0x870434]
V  [jvm.dll+0x870970]
V  [jvm.dll+0x870c03]
V  [jvm.dll+0x80eac8]
V  [jvm.dll+0x6d512d]
C  [ucrtbase.dll+0x2cd30]
C  [KERNEL32.DLL+0x2e957]
C  [ntdll.dll+0xaad6c]

VM_Operation (0x000000a11d6ff7d0): G1PauseRemark, mode: safepoint, requested by thread 0x00000209b31c6eb0


---------------  P R O C E S S  ---------------

Threads class SMR info:
_java_thread_list=0x00000209d08a9da0, length=48, elements={
0x00000209b0cd7e20, 0x00000209ca9dd470, 0x00000209caa02ee0, 0x00000209caa03940,
0x00000209caa1a9b0, 0x00000209caa2ecd0, 0x00000209caa25bb0, 0x00000209caa30e10,
0x00000209caa3a720, 0x00000209caa44dd0, 0x00000209cad41470, 0x00000209d0895720,
0x00000209d08d29d0, 0x00000209d0a4d420, 0x00000209d0a38040, 0x00000209d0a386d0,
0x00000209d0a379b0, 0x00000209d349cdb0, 0x00000209d34a08c0, 0x00000209d349fba0,
0x00000209d34a0230, 0x00000209d349f510, 0x00000209d4a46aa0, 0x00000209d4d6bd80,
0x00000209d4d6d130, 0x00000209d1b29f50, 0x00000209d1b277f0, 0x00000209d1b25720,
0x00000209d1b27e80, 0x00000209d1b29230, 0x00000209d1b28ba0, 0x00000209d1b298c0,
0x00000209d1b26440, 0x00000209d1b26ad0, 0x00000209d1b28510, 0x00000209d1b2a5e0,
0x00000209d1b27160, 0x00000209d1b2b990, 0x00000209d1b2ac70, 0x00000209d1b2c020,
0x00000209d1b2cd40, 0x00000209d1b2c6b0, 0x00000209d1b663e0, 0x00000209d1b66a70,
0x00000209d1b67790, 0x00000209d1b64310, 0x00000209d1b691d0, 0x00000209d1b69ef0
}

Java Threads: ( => current thread )
  0x00000209b0cd7e20 JavaThread "main"                              [_thread_blocked, id=24120, stack(0x000000a11d400000,0x000000a11d500000) (1024K)]
  0x00000209ca9dd470 JavaThread "Common-Cleaner"             daemon [_thread_blocked, id=8032, stack(0x000000a11dc00000,0x000000a11dd00000) (1024K)]
  0x00000209caa02ee0 JavaThread "Reference Handler"          daemon [_thread_blocked, id=22080, stack(0x000000a11dd00000,0x000000a11de00000) (1024K)]
  0x00000209caa03940 JavaThread "Finalizer"                  daemon [_thread_blocked, id=12792, stack(0x000000a11de00000,0x000000a11df00000) (1024K)]
  0x00000209caa1a9b0 JavaThread "Signal Dispatcher"          daemon [_thread_blocked, id=13460, stack(0x000000a11df00000,0x000000a11e000000) (1024K)]
  0x00000209caa2ecd0 JavaThread "Attach Listener"            daemon [_thread_blocked, id=17856, stack(0x000000a11e000000,0x000000a11e100000) (1024K)]
  0x00000209caa25bb0 JavaThread "Service Thread"             daemon [_thread_blocked, id=2972, stack(0x000000a11e100000,0x000000a11e200000) (1024K)]
  0x00000209caa30e10 JavaThread "Monitor Deflation Thread"   daemon [_thread_blocked, id=23080, stack(0x000000a11e200000,0x000000a11e300000) (1024K)]
  0x00000209caa3a720 JavaThread "C2 CompilerThread0"         daemon [_thread_blocked, id=19100, stack(0x000000a11e300000,0x000000a11e400000) (1024K)]
  0x00000209caa44dd0 JavaThread "C1 CompilerThread0"         daemon [_thread_blocked, id=18040, stack(0x000000a11e400000,0x000000a11e500000) (1024K)]
  0x00000209cad41470 JavaThread "Notification Thread"        daemon [_thread_blocked, id=18368, stack(0x000000a11e500000,0x000000a11e600000) (1024K)]
  0x00000209d0895720 JavaThread "Daemon health stats"               [_thread_blocked, id=9556, stack(0x000000a11eb00000,0x000000a11ec00000) (1024K)]
  0x00000209d08d29d0 JavaThread "Incoming local TCP Connector on port 65191"        [_thread_in_native, id=11092, stack(0x000000a11ef00000,0x000000a11f000000) (1024K)]
  0x00000209d0a4d420 JavaThread "Daemon periodic checks"            [_thread_blocked, id=14304, stack(0x000000a11f000000,0x000000a11f100000) (1024K)]
  0x00000209d0a38040 JavaThread "Cache worker for journal cache (C:\Users\rawat\.gradle\caches\journal-1)"        [_thread_blocked, id=21372, stack(0x000000a11f900000,0x000000a11fa00000) (1024K)]
  0x00000209d0a386d0 JavaThread "File lock request listener"        [_thread_in_native, id=19768, stack(0x000000a11fa00000,0x000000a11fb00000) (1024K)]
  0x00000209d0a379b0 JavaThread "Cache worker for file hash cache (C:\Users\rawat\.gradle\caches\8.13\fileHashes)"        [_thread_blocked, id=23252, stack(0x000000a11fb00000,0x000000a11fc00000) (1024K)]
  0x00000209d349cdb0 JavaThread "File watcher server"        daemon [_thread_in_native, id=23536, stack(0x000000a11ff00000,0x000000a120000000) (1024K)]
  0x00000209d34a08c0 JavaThread "File watcher consumer"      daemon [_thread_blocked, id=13892, stack(0x000000a120000000,0x000000a120100000) (1024K)]
  0x00000209d349fba0 JavaThread "jar transforms"                    [_thread_blocked, id=8256, stack(0x000000a120100000,0x000000a120200000) (1024K)]
  0x00000209d34a0230 JavaThread "jar transforms Thread 2"           [_thread_blocked, id=13784, stack(0x000000a120200000,0x000000a120300000) (1024K)]
  0x00000209d349f510 JavaThread "Cache worker for file content cache (C:\Users\rawat\.gradle\caches\8.13\fileContent)"        [_thread_blocked, id=6180, stack(0x000000a120400000,0x000000a120500000) (1024K)]
  0x00000209d4a46aa0 JavaThread "Memory manager"                    [_thread_blocked, id=22212, stack(0x000000a121c00000,0x000000a121d00000) (1024K)]
  0x00000209d4d6bd80 JavaThread "pool-3-thread-1"                   [_thread_blocked, id=17060, stack(0x000000a121e00000,0x000000a121f00000) (1024K)]
  0x00000209d4d6d130 JavaThread "pool-6-thread-1"                   [_thread_blocked, id=5404, stack(0x000000a121600000,0x000000a121700000) (1024K)]
  0x00000209d1b29f50 JavaThread "pool-9-thread-1"                   [_thread_blocked, id=19452, stack(0x000000a121700000,0x000000a121800000) (1024K)]
  0x00000209d1b277f0 JavaThread "Daemon Thread 2"                   [_thread_blocked, id=14308, stack(0x000000a11d100000,0x000000a11d200000) (1024K)]
  0x00000209d1b25720 JavaThread "Handler for socket connection from /127.0.0.1:65191 to /127.0.0.1:58354"        [_thread_in_native, id=17712, stack(0x000000a11d200000,0x000000a11d300000) (1024K)]
  0x00000209d1b27e80 JavaThread "Cancel handler"                    [_thread_blocked, id=2056, stack(0x000000a11d300000,0x000000a11d400000) (1024K)]
  0x00000209d1b29230 JavaThread "Daemon worker Thread 2"            [_thread_blocked, id=4472, stack(0x000000a11e600000,0x000000a11e700000) (1024K)]
  0x00000209d1b28ba0 JavaThread "Asynchronous log dispatcher for DefaultDaemonConnection: socket connection from /127.0.0.1:65191 to /127.0.0.1:58354"        [_thread_blocked, id=15720, stack(0x000000a11f100000,0x000000a11f200000) (1024K)]
  0x00000209d1b298c0 JavaThread "Stdin handler"                     [_thread_blocked, id=332, stack(0x000000a11f200000,0x000000a11f300000) (1024K)]
  0x00000209d1b26440 JavaThread "Daemon client event forwarder"        [_thread_blocked, id=20072, stack(0x000000a11f300000,0x000000a11f400000) (1024K)]
  0x00000209d1b26ad0 JavaThread "Cache worker for file hash cache (C:\Findora_App\.gradle\8.13\fileHashes)"        [_thread_blocked, id=9272, stack(0x000000a11f400000,0x000000a11f500000) (1024K)]
  0x00000209d1b28510 JavaThread "Cache worker for Build Output Cleanup Cache (C:\Findora_App\.gradle\buildOutputCleanup)"        [_thread_blocked, id=17292, stack(0x000000a11f500000,0x000000a11f600000) (1024K)]
  0x00000209d1b2a5e0 JavaThread "jar transforms Thread 3"           [_thread_blocked, id=2424, stack(0x000000a11f600000,0x000000a11f700000) (1024K)]
  0x00000209d1b27160 JavaThread "jar transforms Thread 4"           [_thread_blocked, id=6508, stack(0x000000a11f700000,0x000000a11f800000) (1024K)]
  0x00000209d1b2b990 JavaThread "jar transforms Thread 5"           [_thread_blocked, id=18428, stack(0x000000a11fc00000,0x000000a11fd00000) (1024K)]
  0x00000209d1b2ac70 JavaThread "jar transforms Thread 6"           [_thread_blocked, id=18656, stack(0x000000a11fd00000,0x000000a11fe00000) (1024K)]
  0x00000209d1b2c020 JavaThread "jar transforms Thread 7"           [_thread_blocked, id=14524, stack(0x000000a11fe00000,0x000000a11ff00000) (1024K)]
  0x00000209d1b2cd40 JavaThread "jar transforms Thread 8"           [_thread_blocked, id=12696, stack(0x000000a120300000,0x000000a120400000) (1024K)]
  0x00000209d1b2c6b0 JavaThread "Cache worker for checksums cache (C:\Findora_App\.gradle\8.13\checksums)"        [_thread_blocked, id=3268, stack(0x000000a120500000,0x000000a120600000) (1024K)]
  0x00000209d1b663e0 JavaThread "Cache worker for cache directory md-supplier (C:\Users\rawat\.gradle\caches\8.13\md-supplier)"        [_thread_blocked, id=8828, stack(0x000000a120600000,0x000000a120700000) (1024K)]
  0x00000209d1b66a70 JavaThread "Cache worker for cache directory md-rule (C:\Users\rawat\.gradle\caches\8.13\md-rule)"        [_thread_blocked, id=22360, stack(0x000000a120700000,0x000000a120800000) (1024K)]
  0x00000209d1b67790 JavaThread "Unconstrained build operations"        [_thread_blocked, id=19064, stack(0x000000a120800000,0x000000a120900000) (1024K)]
  0x00000209d1b64310 JavaThread "Unconstrained build operations Thread 2"        [_thread_blocked, id=19688, stack(0x000000a120900000,0x000000a120a00000) (1024K)]
  0x00000209d1b691d0 JavaThread "Unconstrained build operations Thread 3"        [_thread_blocked, id=15232, stack(0x000000a120a00000,0x000000a120b00000) (1024K)]
  0x00000209d1b69ef0 JavaThread "Unconstrained build operations Thread 4"        [_thread_blocked, id=19900, stack(0x000000a120b00000,0x000000a120c00000) (1024K)]
Total: 48

Other Threads:
=>0x00000209ca85ec30 VMThread "VM Thread"                           [id=6976, stack(0x000000a11db00000,0x000000a11dc00000) (1024K)]
  0x00000209ca7fd7e0 WatcherThread "VM Periodic Task Thread"        [id=23228, stack(0x000000a11da00000,0x000000a11db00000) (1024K)]
  0x00000209b31b4fb0 WorkerThread "GC Thread#0"                     [id=18836, stack(0x000000a11d500000,0x000000a11d600000) (1024K)]
  0x00000209cf509470 WorkerThread "GC Thread#1"                     [id=21908, stack(0x000000a11e700000,0x000000a11e800000) (1024K)]
  0x00000209cf509f50 WorkerThread "GC Thread#2"                     [id=12104, stack(0x000000a11e800000,0x000000a11e900000) (1024K)]
  0x00000209cf50a2f0 WorkerThread "GC Thread#3"                     [id=2768, stack(0x000000a11e900000,0x000000a11ea00000) (1024K)]
  0x00000209cf50a690 WorkerThread "GC Thread#4"                     [id=9172, stack(0x000000a11ea00000,0x000000a11eb00000) (1024K)]
  0x00000209cf509810 WorkerThread "GC Thread#5"                     [id=9548, stack(0x000000a11ec00000,0x000000a11ed00000) (1024K)]
  0x00000209d0852c80 WorkerThread "GC Thread#6"                     [id=2936, stack(0x000000a11ed00000,0x000000a11ee00000) (1024K)]
  0x00000209d08521a0 WorkerThread "GC Thread#7"                     [id=17988, stack(0x000000a11ee00000,0x000000a11ef00000) (1024K)]
  0x00000209b31c6eb0 ConcurrentGCThread "G1 Main Marker"            [id=5520, stack(0x000000a11d600000,0x000000a11d700000) (1024K)]
  0x00000209b31c8700 WorkerThread "G1 Conc#0"                       [id=5704, stack(0x000000a11d700000,0x000000a11d800000) (1024K)]
  0x00000209d0854d20 WorkerThread "G1 Conc#1"                       [id=18456, stack(0x000000a11f800000,0x000000a11f900000) (1024K)]
  0x00000209ca6cf510 ConcurrentGCThread "G1 Refine#0"               [id=17632, stack(0x000000a11d800000,0x000000a11d900000) (1024K)]
  0x00000209ca6d0e40 ConcurrentGCThread "G1 Service"                [id=5604, stack(0x000000a11d900000,0x000000a11da00000) (1024K)]
Total: 15

Threads with active compile tasks:
C2 CompilerThread0  785230 14470       4       java.util.Arrays::mismatch (69 bytes)
Total: 1

VM state: at safepoint (normal execution)

VM Mutex/Monitor currently owned by a thread:  ([mutex/lock_event])
[0x00007ffb7b2385b8] Threads_lock - owner thread: 0x00000209ca85ec30
[0x00007ffb7b2386b8] Heap_lock - owner thread: 0x00000209b31c6eb0

Heap address: 0x0000000080000000, size: 2048 MB, Compressed Oops mode: 32-bit

CDS archive(s) not mapped
Compressed class space mapped at: 0x0000000100000000-0x0000000140000000, reserved size: 1073741824
Narrow klass base: 0x0000000000000000, Narrow klass shift: 3, Narrow klass range: 0x140000000

GC Precious Log:
 CardTable entry size: 512
 Card Set container configuration: InlinePtr #cards 5 size 8 Array Of Cards #cards 12 size 40 Howl #buckets 4 coarsen threshold 1843 Howl Bitmap #cards 512 size 80 coarsen threshold 460 Card regions per heap region 1 cards per card region 2048
 CPUs: 8 total, 8 available
 Memory: 7914M
 Large Page Support: Disabled
 NUMA Support: Disabled
 Compressed Oops: Enabled (32-bit)
 Heap Region Size: 1M
 Heap Min Capacity: 8M
 Heap Initial Capacity: 124M
 Heap Max Capacity: 2G
 Pre-touch: Disabled
 Parallel Workers: 8
 Concurrent Workers: 2
 Concurrent Refinement Workers: 8
 Periodic GC: Disabled

Heap:
 garbage-first heap   total 193536K, used 157386K [0x0000000080000000, 0x0000000100000000)
  region size 1024K, 13 young (13312K), 3 survivors (3072K)
 Metaspace       used 120898K, committed 123008K, reserved 1179648K
  class space    used 16507K, committed 17536K, reserved 1048576K

Heap Regions: E=young(eden), S=young(survivor), O=old, HS=humongous(starts), HC=humongous(continues), CS=collection set, F=free, TAMS=top-at-mark-start, PB=parsable bottom
|   0|0x0000000080000000, 0x0000000080100000, 0x0000000080100000|100%|HS|  |TAMS 0x0000000080100000| PB 0x0000000080000000| Complete 
|   1|0x0000000080100000, 0x0000000080200000, 0x0000000080200000|100%|HC|  |TAMS 0x0000000080200000| PB 0x0000000080100000| Complete 
|   2|0x0000000080200000, 0x0000000080300000, 0x0000000080300000|100%|HC|  |TAMS 0x0000000080300000| PB 0x0000000080200000| Complete 
|   3|0x0000000080300000, 0x0000000080400000, 0x0000000080400000|100%| O|  |TAMS 0x0000000080400000| PB 0x0000000080400000| Untracked 
|   4|0x0000000080400000, 0x0000000080500000, 0x0000000080500000|100%| O|  |TAMS 0x0000000080500000| PB 0x0000000080500000| Untracked 
|   5|0x0000000080500000, 0x0000000080600000, 0x0000000080600000|100%| O|  |TAMS 0x0000000080600000| PB 0x0000000080600000| Untracked 
|   6|0x0000000080600000, 0x0000000080700000, 0x0000000080700000|100%|HS|  |TAMS 0x0000000080700000| PB 0x0000000080600000| Complete 
|   7|0x0000000080700000, 0x0000000080800000, 0x0000000080800000|100%| O|  |TAMS 0x0000000080800000| PB 0x0000000080800000| Untracked 
|   8|0x0000000080800000, 0x0000000080900000, 0x0000000080900000|100%| O|  |TAMS 0x0000000080900000| PB 0x0000000080900000| Updating 
|   9|0x0000000080900000, 0x0000000080a00000, 0x0000000080a00000|100%| O|  |TAMS 0x0000000080a00000| PB 0x0000000080a00000| Untracked 
|  10|0x0000000080a00000, 0x0000000080b00000, 0x0000000080b00000|100%| O|  |TAMS 0x0000000080b00000| PB 0x0000000080b00000| Untracked 
|  11|0x0000000080b00000, 0x0000000080c00000, 0x0000000080c00000|100%| O|  |TAMS 0x0000000080c00000| PB 0x0000000080c00000| Untracked 
|  12|0x0000000080c00000, 0x0000000080d00000, 0x0000000080d00000|100%| O|  |TAMS 0x0000000080d00000| PB 0x0000000080d00000| Updating 
|  13|0x0000000080d00000, 0x0000000080e00000, 0x0000000080e00000|100%| O|  |TAMS 0x0000000080e00000| PB 0x0000000080e00000| Untracked 
|  14|0x0000000080e00000, 0x0000000080f00000, 0x0000000080f00000|100%| O|  |TAMS 0x0000000080f00000| PB 0x0000000080f00000| Untracked 
|  15|0x0000000080f00000, 0x0000000081000000, 0x0000000081000000|100%| O|  |TAMS 0x0000000081000000| PB 0x0000000081000000| Updating 
|  16|0x0000000081000000, 0x0000000081100000, 0x0000000081100000|100%| O|  |TAMS 0x0000000081100000| PB 0x0000000081100000| Untracked 
|  17|0x0000000081100000, 0x0000000081200000, 0x0000000081200000|100%| O|  |TAMS 0x0000000081200000| PB 0x0000000081200000| Updating 
|  18|0x0000000081200000, 0x0000000081300000, 0x0000000081300000|100%| O|  |TAMS 0x0000000081300000| PB 0x0000000081300000| Untracked 
|  19|0x0000000081300000, 0x0000000081400000, 0x0000000081400000|100%| O|  |TAMS 0x0000000081400000| PB 0x0000000081400000| Untracked 
|  20|0x0000000081400000, 0x0000000081500000, 0x0000000081500000|100%| O|  |TAMS 0x0000000081500000| PB 0x0000000081500000| Untracked 
|  21|0x0000000081500000, 0x0000000081600000, 0x0000000081600000|100%| O|  |TAMS 0x0000000081600000| PB 0x0000000081600000| Updating 
|  22|0x0000000081600000, 0x0000000081700000, 0x0000000081700000|100%| O|  |TAMS 0x0000000081700000| PB 0x0000000081700000| Updating 
|  23|0x0000000081700000, 0x0000000081800000, 0x0000000081800000|100%| O|  |TAMS 0x0000000081800000| PB 0x0000000081800000| Updating 
|  24|0x0000000081800000, 0x0000000081900000, 0x0000000081900000|100%| O|  |TAMS 0x0000000081900000| PB 0x0000000081900000| Untracked 
|  25|0x0000000081900000, 0x0000000081a00000, 0x0000000081a00000|100%| O|  |TAMS 0x0000000081a00000| PB 0x0000000081a00000| Untracked 
|  26|0x0000000081a00000, 0x0000000081b00000, 0x0000000081b00000|100%| O|  |TAMS 0x0000000081b00000| PB 0x0000000081b00000| Updating 
|  27|0x0000000081b00000, 0x0000000081c00000, 0x0000000081c00000|100%| O|  |TAMS 0x0000000081c00000| PB 0x0000000081c00000| Updating 
|  28|0x0000000081c00000, 0x0000000081d00000, 0x0000000081d00000|100%| O|  |TAMS 0x0000000081d00000| PB 0x0000000081d00000| Updating 
|  29|0x0000000081d00000, 0x0000000081e00000, 0x0000000081e00000|100%| O|  |TAMS 0x0000000081e00000| PB 0x0000000081e00000| Untracked 
|  30|0x0000000081e00000, 0x0000000081f00000, 0x0000000081f00000|100%| O|  |TAMS 0x0000000081e00000| PB 0x0000000081e00000| Untracked 
|  31|0x0000000081f00000, 0x0000000082000000, 0x0000000082000000|100%| O|  |TAMS 0x0000000081f00000| PB 0x0000000081f00000| Untracked 
|  32|0x0000000082000000, 0x0000000082100000, 0x0000000082100000|100%| O|  |TAMS 0x0000000082100000| PB 0x0000000082100000| Updating 
|  33|0x0000000082100000, 0x0000000082200000, 0x0000000082200000|100%|HS|  |TAMS 0x0000000082200000| PB 0x0000000082100000| Complete 
|  34|0x0000000082200000, 0x0000000082300000, 0x0000000082300000|100%| O|  |TAMS 0x0000000082300000| PB 0x0000000082300000| Updating 
|  35|0x0000000082300000, 0x0000000082400000, 0x0000000082400000|100%|HS|  |TAMS 0x0000000082400000| PB 0x0000000082300000| Complete 
|  36|0x0000000082400000, 0x0000000082500000, 0x0000000082500000|100%| O|  |TAMS 0x0000000082500000| PB 0x0000000082500000| Untracked 
|  37|0x0000000082500000, 0x0000000082600000, 0x0000000082600000|100%| O|  |TAMS 0x0000000082600000| PB 0x0000000082600000| Untracked 
|  38|0x0000000082600000, 0x0000000082700000, 0x0000000082700000|100%| O|  |TAMS 0x0000000082700000| PB 0x0000000082700000| Untracked 
|  39|0x0000000082700000, 0x0000000082800000, 0x0000000082800000|100%| O|  |TAMS 0x0000000082800000| PB 0x0000000082800000| Untracked 
|  40|0x0000000082800000, 0x0000000082900000, 0x0000000082900000|100%| O|  |TAMS 0x0000000082900000| PB 0x0000000082900000| Untracked 
|  41|0x0000000082900000, 0x0000000082a00000, 0x0000000082a00000|100%| O|  |TAMS 0x0000000082a00000| PB 0x0000000082a00000| Updating 
|  42|0x0000000082a00000, 0x0000000082b00000, 0x0000000082b00000|100%| O|  |TAMS 0x0000000082b00000| PB 0x0000000082b00000| Untracked 
|  43|0x0000000082b00000, 0x0000000082c00000, 0x0000000082c00000|100%| O|  |TAMS 0x0000000082c00000| PB 0x0000000082c00000| Untracked 
|  44|0x0000000082c00000, 0x0000000082d00000, 0x0000000082d00000|100%|HS|  |TAMS 0x0000000082d00000| PB 0x0000000082c00000| Complete 
|  45|0x0000000082d00000, 0x0000000082e00000, 0x0000000082e00000|100%| O|  |TAMS 0x0000000082e00000| PB 0x0000000082e00000| Updating 
|  46|0x0000000082e00000, 0x0000000082f00000, 0x0000000082f00000|100%|HS|  |TAMS 0x0000000082f00000| PB 0x0000000082e00000| Complete 
|  47|0x0000000082f00000, 0x0000000083000000, 0x0000000083000000|100%| O|  |TAMS 0x0000000082f00000| PB 0x0000000082f00000| Untracked 
|  48|0x0000000083000000, 0x0000000083100000, 0x0000000083100000|100%| O|  |TAMS 0x0000000083100000| PB 0x0000000083100000| Untracked 
|  49|0x0000000083100000, 0x0000000083200000, 0x0000000083200000|100%| O|  |TAMS 0x0000000083200000| PB 0x0000000083200000| Updating 
|  50|0x0000000083200000, 0x0000000083300000, 0x0000000083300000|100%|HS|  |TAMS 0x0000000083300000| PB 0x0000000083200000| Complete 
|  51|0x0000000083300000, 0x0000000083400000, 0x0000000083400000|100%|HC|  |TAMS 0x0000000083400000| PB 0x0000000083300000| Complete 
|  52|0x0000000083400000, 0x0000000083500000, 0x0000000083500000|100%|HS|  |TAMS 0x0000000083500000| PB 0x0000000083400000| Complete 
|  53|0x0000000083500000, 0x0000000083600000, 0x0000000083600000|100%|HC|  |TAMS 0x0000000083600000| PB 0x0000000083500000| Complete 
|  54|0x0000000083600000, 0x0000000083700000, 0x0000000083700000|100%|HC|  |TAMS 0x0000000083700000| PB 0x0000000083600000| Complete 
|  55|0x0000000083700000, 0x0000000083800000, 0x0000000083800000|100%|HS|  |TAMS 0x0000000083800000| PB 0x0000000083700000| Complete 
|  56|0x0000000083800000, 0x0000000083900000, 0x0000000083900000|100%|HS|  |TAMS 0x0000000083900000| PB 0x0000000083800000| Complete 
|  57|0x0000000083900000, 0x0000000083a00000, 0x0000000083a00000|100%| O|  |TAMS 0x0000000083a00000| PB 0x0000000083a00000| Untracked 
|  58|0x0000000083a00000, 0x0000000083b00000, 0x0000000083b00000|100%| O|  |TAMS 0x0000000083b00000| PB 0x0000000083b00000| Untracked 
|  59|0x0000000083b00000, 0x0000000083c00000, 0x0000000083c00000|100%| O|  |TAMS 0x0000000083c00000| PB 0x0000000083c00000| Untracked 
|  60|0x0000000083c00000, 0x0000000083d00000, 0x0000000083d00000|100%| O|  |TAMS 0x0000000083d00000| PB 0x0000000083d00000| Untracked 
|  61|0x0000000083d00000, 0x0000000083e00000, 0x0000000083e00000|100%|HS|  |TAMS 0x0000000083e00000| PB 0x0000000083d00000| Complete 
|  62|0x0000000083e00000, 0x0000000083f00000, 0x0000000083f00000|100%| O|  |TAMS 0x0000000083f00000| PB 0x0000000083f00000| Updating 
|  63|0x0000000083f00000, 0x0000000084000000, 0x0000000084000000|100%| O|  |TAMS 0x0000000084000000| PB 0x0000000084000000| Untracked 
|  64|0x0000000084000000, 0x0000000084100000, 0x0000000084100000|100%| O|  |TAMS 0x0000000084100000| PB 0x0000000084100000| Updating 
|  65|0x0000000084100000, 0x0000000084200000, 0x0000000084200000|100%| O|  |TAMS 0x0000000084200000| PB 0x0000000084200000| Updating 
|  66|0x0000000084200000, 0x0000000084300000, 0x0000000084300000|100%| O|  |TAMS 0x0000000084300000| PB 0x0000000084300000| Updating 
|  67|0x0000000084300000, 0x0000000084400000, 0x0000000084400000|100%|HS|  |TAMS 0x0000000084400000| PB 0x0000000084300000| Complete 
|  68|0x0000000084400000, 0x0000000084500000, 0x0000000084500000|100%| O|  |TAMS 0x0000000084500000| PB 0x0000000084500000| Updating 
|  69|0x0000000084500000, 0x0000000084600000, 0x0000000084600000|100%|HS|  |TAMS 0x0000000084600000| PB 0x0000000084500000| Complete 
|  70|0x0000000084600000, 0x0000000084700000, 0x0000000084700000|100%|HC|  |TAMS 0x0000000084700000| PB 0x0000000084600000| Complete 
|  71|0x0000000084700000, 0x0000000084800000, 0x0000000084800000|100%| O|  |TAMS 0x0000000084800000| PB 0x0000000084800000| Updating 
|  72|0x0000000084800000, 0x0000000084900000, 0x0000000084900000|100%| O|  |TAMS 0x0000000084900000| PB 0x0000000084900000| Untracked 
|  73|0x0000000084900000, 0x0000000084a00000, 0x0000000084a00000|100%| O|  |TAMS 0x0000000084a00000| PB 0x0000000084a00000| Untracked 
|  74|0x0000000084a00000, 0x0000000084b00000, 0x0000000084b00000|100%| O|  |TAMS 0x0000000084a00000| PB 0x0000000084a00000| Untracked 
|  75|0x0000000084b00000, 0x0000000084c00000, 0x0000000084c00000|100%| O|  |TAMS 0x0000000084c00000| PB 0x0000000084c00000| Untracked 
|  76|0x0000000084c00000, 0x0000000084d00000, 0x0000000084d00000|100%| O|  |TAMS 0x0000000084d00000| PB 0x0000000084d00000| Untracked 
|  77|0x0000000084d00000, 0x0000000084e00000, 0x0000000084e00000|100%| O|  |TAMS 0x0000000084e00000| PB 0x0000000084e00000| Untracked 
|  78|0x0000000084e00000, 0x0000000084f00000, 0x0000000084f00000|100%| O|  |TAMS 0x0000000084f00000| PB 0x0000000084f00000| Untracked 
|  79|0x0000000084f00000, 0x0000000085000000, 0x0000000085000000|100%| O|  |TAMS 0x0000000085000000| PB 0x0000000085000000| Updating 
|  80|0x0000000085000000, 0x0000000085100000, 0x0000000085100000|100%| O|  |TAMS 0x0000000085100000| PB 0x0000000085100000| Untracked 
|  81|0x0000000085100000, 0x0000000085200000, 0x0000000085200000|100%| O|  |TAMS 0x0000000085200000| PB 0x0000000085200000| Untracked 
|  82|0x0000000085200000, 0x0000000085300000, 0x0000000085300000|100%| O|  |TAMS 0x0000000085300000| PB 0x0000000085300000| Updating 
|  83|0x0000000085300000, 0x0000000085400000, 0x0000000085400000|100%| O|  |TAMS 0x0000000085400000| PB 0x0000000085400000| Untracked 
|  84|0x0000000085400000, 0x0000000085500000, 0x0000000085500000|100%| O|  |TAMS 0x0000000085500000| PB 0x0000000085500000| Updating 
|  85|0x0000000085500000, 0x0000000085600000, 0x0000000085600000|100%| O|  |TAMS 0x0000000085500000| PB 0x0000000085500000| Untracked 
|  86|0x0000000085600000, 0x0000000085700000, 0x0000000085700000|100%| O|  |TAMS 0x0000000085700000| PB 0x0000000085700000| Updating 
|  87|0x0000000085700000, 0x0000000085800000, 0x0000000085800000|100%| O|  |TAMS 0x0000000085800000| PB 0x0000000085800000| Untracked 
|  88|0x0000000085800000, 0x0000000085900000, 0x0000000085900000|100%| O|  |TAMS 0x0000000085900000| PB 0x0000000085900000| Untracked 
|  89|0x0000000085900000, 0x0000000085a00000, 0x0000000085a00000|100%| O|  |TAMS 0x0000000085a00000| PB 0x0000000085a00000| Updating 
|  90|0x0000000085a00000, 0x0000000085b00000, 0x0000000085b00000|100%| O|  |TAMS 0x0000000085b00000| PB 0x0000000085b00000| Updating 
|  91|0x0000000085b00000, 0x0000000085c00000, 0x0000000085c00000|100%| O|  |TAMS 0x0000000085c00000| PB 0x0000000085c00000| Untracked 
|  92|0x0000000085c00000, 0x0000000085d00000, 0x0000000085d00000|100%| O|  |TAMS 0x0000000085d00000| PB 0x0000000085d00000| Untracked 
|  93|0x0000000085d00000, 0x0000000085e00000, 0x0000000085e00000|100%| O|  |TAMS 0x0000000085e00000| PB 0x0000000085e00000| Updating 
|  94|0x0000000085e00000, 0x0000000085f00000, 0x0000000085f00000|100%| O|  |TAMS 0x0000000085f00000| PB 0x0000000085f00000| Untracked 
|  95|0x0000000085f00000, 0x0000000086000000, 0x0000000086000000|100%| O|  |TAMS 0x0000000086000000| PB 0x0000000086000000| Untracked 
|  96|0x0000000086000000, 0x0000000086100000, 0x0000000086100000|100%| O|  |TAMS 0x0000000086100000| PB 0x0000000086100000| Untracked 
|  97|0x0000000086100000, 0x0000000086200000, 0x0000000086200000|100%| O|  |TAMS 0x0000000086200000| PB 0x0000000086200000| Updating 
|  98|0x0000000086200000, 0x0000000086300000, 0x0000000086300000|100%| O|  |TAMS 0x0000000086300000| PB 0x0000000086300000| Updating 
|  99|0x0000000086300000, 0x0000000086400000, 0x0000000086400000|100%|HS|  |TAMS 0x0000000086400000| PB 0x0000000086300000| Complete 
| 100|0x0000000086400000, 0x0000000086500000, 0x0000000086500000|100%|HS|  |TAMS 0x0000000086500000| PB 0x0000000086400000| Complete 
| 101|0x0000000086500000, 0x0000000086600000, 0x0000000086600000|100%|HC|  |TAMS 0x0000000086600000| PB 0x0000000086500000| Complete 
| 102|0x0000000086600000, 0x0000000086700000, 0x0000000086700000|100%|HS|  |TAMS 0x0000000086700000| PB 0x0000000086600000| Complete 
| 103|0x0000000086700000, 0x0000000086800000, 0x0000000086800000|100%| O|  |TAMS 0x0000000086800000| PB 0x0000000086800000| Updating 
| 104|0x0000000086800000, 0x0000000086900000, 0x0000000086900000|100%| O|  |TAMS 0x0000000086900000| PB 0x0000000086900000| Updating 
| 105|0x0000000086900000, 0x0000000086a00000, 0x0000000086a00000|100%|HS|  |TAMS 0x0000000086a00000| PB 0x0000000086900000| Complete 
| 106|0x0000000086a00000, 0x0000000086b00000, 0x0000000086b00000|100%|HS|  |TAMS 0x0000000086b00000| PB 0x0000000086a00000| Complete 
| 107|0x0000000086b00000, 0x0000000086c00000, 0x0000000086c00000|100%| O|  |TAMS 0x0000000086b00000| PB 0x0000000086b00000| Untracked 
| 108|0x0000000086c00000, 0x0000000086d00000, 0x0000000086d00000|100%| O|  |TAMS 0x0000000086c00000| PB 0x0000000086c00000| Untracked 
| 109|0x0000000086d00000, 0x0000000086d88f68, 0x0000000086e00000| 53%| O|  |TAMS 0x0000000086d00000| PB 0x0000000086d00000| Updating 
| 110|0x0000000086e00000, 0x0000000086f00000, 0x0000000086f00000|100%|HS|  |TAMS 0x0000000086f00000| PB 0x0000000086e00000| Complete 
| 111|0x0000000086f00000, 0x0000000087000000, 0x0000000087000000|100%|HC|  |TAMS 0x0000000087000000| PB 0x0000000086f00000| Complete 
| 112|0x0000000087000000, 0x0000000087100000, 0x0000000087100000|100%|HC|  |TAMS 0x0000000087100000| PB 0x0000000087000000| Complete 
| 113|0x0000000087100000, 0x0000000087200000, 0x0000000087200000|100%|HC|  |TAMS 0x0000000087200000| PB 0x0000000087100000| Complete 
| 114|0x0000000087200000, 0x0000000087300000, 0x0000000087300000|100%|HS|  |TAMS 0x0000000087200000| PB 0x0000000087200000| Complete 
| 115|0x0000000087300000, 0x0000000087400000, 0x0000000087400000|100%|HC|  |TAMS 0x0000000087300000| PB 0x0000000087300000| Complete 
| 116|0x0000000087400000, 0x0000000087500000, 0x0000000087500000|100%|HS|  |TAMS 0x0000000087500000| PB 0x0000000087400000| Complete 
| 117|0x0000000087500000, 0x0000000087600000, 0x0000000087600000|100%|HC|  |TAMS 0x0000000087600000| PB 0x0000000087500000| Complete 
| 118|0x0000000087600000, 0x0000000087700000, 0x0000000087700000|100%|HC|  |TAMS 0x0000000087700000| PB 0x0000000087600000| Complete 
| 119|0x0000000087700000, 0x0000000087800000, 0x0000000087800000|100%|HC|  |TAMS 0x0000000087800000| PB 0x0000000087700000| Complete 
| 120|0x0000000087800000, 0x0000000087900000, 0x0000000087900000|100%|HC|  |TAMS 0x0000000087900000| PB 0x0000000087800000| Complete 
| 121|0x0000000087900000, 0x0000000087a00000, 0x0000000087a00000|100%|HC|  |TAMS 0x0000000087a00000| PB 0x0000000087900000| Complete 
| 122|0x0000000087a00000, 0x0000000087b00000, 0x0000000087b00000|100%|HS|  |TAMS 0x0000000087b00000| PB 0x0000000087a00000| Complete 
| 123|0x0000000087b00000, 0x0000000087c00000, 0x0000000087c00000|100%|HC|  |TAMS 0x0000000087c00000| PB 0x0000000087b00000| Complete 
| 124|0x0000000087c00000, 0x0000000087d00000, 0x0000000087d00000|100%|HC|  |TAMS 0x0000000087d00000| PB 0x0000000087c00000| Complete 
| 125|0x0000000087d00000, 0x0000000087e00000, 0x0000000087e00000|100%|HC|  |TAMS 0x0000000087e00000| PB 0x0000000087d00000| Complete 
| 126|0x0000000087e00000, 0x0000000087f00000, 0x0000000087f00000|100%|HC|  |TAMS 0x0000000087f00000| PB 0x0000000087e00000| Complete 
| 127|0x0000000087f00000, 0x0000000088000000, 0x0000000088000000|100%|HC|  |TAMS 0x0000000088000000| PB 0x0000000087f00000| Complete 
| 128|0x0000000088000000, 0x0000000088100000, 0x0000000088100000|100%|HS|  |TAMS 0x0000000088100000| PB 0x0000000088000000| Complete 
| 129|0x0000000088100000, 0x0000000088200000, 0x0000000088200000|100%|HC|  |TAMS 0x0000000088200000| PB 0x0000000088100000| Complete 
| 130|0x0000000088200000, 0x0000000088300000, 0x0000000088300000|100%|HS|  |TAMS 0x0000000088300000| PB 0x0000000088200000| Complete 
| 131|0x0000000088300000, 0x0000000088400000, 0x0000000088400000|100%|HC|  |TAMS 0x0000000088400000| PB 0x0000000088300000| Complete 
| 132|0x0000000088400000, 0x0000000088500000, 0x0000000088500000|100%|HC|  |TAMS 0x0000000088500000| PB 0x0000000088400000| Complete 
| 133|0x0000000088500000, 0x0000000088600000, 0x0000000088600000|100%|HC|  |TAMS 0x0000000088600000| PB 0x0000000088500000| Complete 
| 134|0x0000000088600000, 0x0000000088600000, 0x0000000088700000|  0%| F|  |TAMS 0x0000000088600000| PB 0x0000000088600000| Untracked 
| 135|0x0000000088700000, 0x0000000088700000, 0x0000000088800000|  0%| F|  |TAMS 0x0000000088700000| PB 0x0000000088700000| Untracked 
| 136|0x0000000088800000, 0x0000000088800000, 0x0000000088900000|  0%| F|  |TAMS 0x0000000088800000| PB 0x0000000088800000| Untracked 
| 137|0x0000000088900000, 0x0000000088900000, 0x0000000088a00000|  0%| F|  |TAMS 0x0000000088900000| PB 0x0000000088900000| Untracked 
| 138|0x0000000088a00000, 0x0000000088a00000, 0x0000000088b00000|  0%| F|  |TAMS 0x0000000088a00000| PB 0x0000000088a00000| Untracked 
| 139|0x0000000088b00000, 0x0000000088b00000, 0x0000000088c00000|  0%| F|  |TAMS 0x0000000088b00000| PB 0x0000000088b00000| Untracked 
| 140|0x0000000088c00000, 0x0000000088c00000, 0x0000000088d00000|  0%| F|  |TAMS 0x0000000088c00000| PB 0x0000000088c00000| Untracked 
| 141|0x0000000088d00000, 0x0000000088d00000, 0x0000000088e00000|  0%| F|  |TAMS 0x0000000088d00000| PB 0x0000000088d00000| Untracked 
| 142|0x0000000088e00000, 0x0000000088e00000, 0x0000000088f00000|  0%| F|  |TAMS 0x0000000088e00000| PB 0x0000000088e00000| Untracked 
| 143|0x0000000088f00000, 0x0000000088f00000, 0x0000000089000000|  0%| F|  |TAMS 0x0000000088f00000| PB 0x0000000088f00000| Untracked 
| 144|0x0000000089000000, 0x0000000089000000, 0x0000000089100000|  0%| F|  |TAMS 0x0000000089000000| PB 0x0000000089000000| Untracked 
| 145|0x0000000089100000, 0x0000000089100000, 0x0000000089200000|  0%| F|  |TAMS 0x0000000089100000| PB 0x0000000089100000| Untracked 
| 146|0x0000000089200000, 0x0000000089200000, 0x0000000089300000|  0%| F|  |TAMS 0x0000000089200000| PB 0x0000000089200000| Untracked 
| 147|0x0000000089300000, 0x0000000089300000, 0x0000000089400000|  0%| F|  |TAMS 0x0000000089300000| PB 0x0000000089300000| Untracked 
| 148|0x0000000089400000, 0x0000000089400000, 0x0000000089500000|  0%| F|  |TAMS 0x0000000089400000| PB 0x0000000089400000| Untracked 
| 149|0x0000000089500000, 0x0000000089500000, 0x0000000089600000|  0%| F|  |TAMS 0x0000000089500000| PB 0x0000000089500000| Untracked 
| 150|0x0000000089600000, 0x0000000089600000, 0x0000000089700000|  0%| F|  |TAMS 0x0000000089600000| PB 0x0000000089600000| Untracked 
| 151|0x0000000089700000, 0x0000000089700000, 0x0000000089800000|  0%| F|  |TAMS 0x0000000089700000| PB 0x0000000089700000| Untracked 
| 152|0x0000000089800000, 0x0000000089800000, 0x0000000089900000|  0%| F|  |TAMS 0x0000000089800000| PB 0x0000000089800000| Untracked 
| 153|0x0000000089900000, 0x0000000089900000, 0x0000000089a00000|  0%| F|  |TAMS 0x0000000089900000| PB 0x0000000089900000| Untracked 
| 154|0x0000000089a00000, 0x0000000089a00000, 0x0000000089b00000|  0%| F|  |TAMS 0x0000000089a00000| PB 0x0000000089a00000| Untracked 
| 155|0x0000000089b00000, 0x0000000089b00000, 0x0000000089c00000|  0%| F|  |TAMS 0x0000000089b00000| PB 0x0000000089b00000| Untracked 
| 156|0x0000000089c00000, 0x0000000089c00000, 0x0000000089d00000|  0%| F|  |TAMS 0x0000000089c00000| PB 0x0000000089c00000| Untracked 
| 157|0x0000000089d00000, 0x0000000089d00000, 0x0000000089e00000|  0%| F|  |TAMS 0x0000000089d00000| PB 0x0000000089d00000| Untracked 
| 158|0x0000000089e00000, 0x0000000089e00000, 0x0000000089f00000|  0%| F|  |TAMS 0x0000000089e00000| PB 0x0000000089e00000| Untracked 
| 159|0x0000000089f00000, 0x0000000089f00000, 0x000000008a000000|  0%| F|  |TAMS 0x0000000089f00000| PB 0x0000000089f00000| Untracked 
| 160|0x000000008a000000, 0x000000008a000000, 0x000000008a100000|  0%| F|  |TAMS 0x000000008a000000| PB 0x000000008a000000| Untracked 
| 161|0x000000008a100000, 0x000000008a100000, 0x000000008a200000|  0%| F|  |TAMS 0x000000008a100000| PB 0x000000008a100000| Untracked 
| 162|0x000000008a200000, 0x000000008a2299c0, 0x000000008a300000| 16%| S|CS|TAMS 0x000000008a200000| PB 0x000000008a200000| Complete 
| 163|0x000000008a300000, 0x000000008a400000, 0x000000008a400000|100%| S|CS|TAMS 0x000000008a300000| PB 0x000000008a300000| Complete 
| 164|0x000000008a400000, 0x000000008a500000, 0x000000008a500000|100%| S|CS|TAMS 0x000000008a400000| PB 0x000000008a400000| Complete 
| 165|0x000000008a500000, 0x000000008a500000, 0x000000008a600000|  0%| F|  |TAMS 0x000000008a500000| PB 0x000000008a500000| Untracked 
| 166|0x000000008a600000, 0x000000008a600000, 0x000000008a700000|  0%| F|  |TAMS 0x000000008a600000| PB 0x000000008a600000| Untracked 
| 167|0x000000008a700000, 0x000000008a700000, 0x000000008a800000|  0%| F|  |TAMS 0x000000008a700000| PB 0x000000008a700000| Untracked 
| 168|0x000000008a800000, 0x000000008a800000, 0x000000008a900000|  0%| F|  |TAMS 0x000000008a800000| PB 0x000000008a800000| Untracked 
| 169|0x000000008a900000, 0x000000008a900000, 0x000000008aa00000|  0%| F|  |TAMS 0x000000008a900000| PB 0x000000008a900000| Untracked 
| 170|0x000000008aa00000, 0x000000008aa5e870, 0x000000008ab00000| 36%| E|  |TAMS 0x000000008aa00000| PB 0x000000008aa00000| Complete 
| 171|0x000000008ab00000, 0x000000008ac00000, 0x000000008ac00000|100%| E|CS|TAMS 0x000000008ab00000| PB 0x000000008ab00000| Complete 
| 172|0x000000008ac00000, 0x000000008ad00000, 0x000000008ad00000|100%| E|CS|TAMS 0x000000008ac00000| PB 0x000000008ac00000| Complete 
| 173|0x000000008ad00000, 0x000000008ae00000, 0x000000008ae00000|100%| E|CS|TAMS 0x000000008ad00000| PB 0x000000008ad00000| Complete 
| 174|0x000000008ae00000, 0x000000008af00000, 0x000000008af00000|100%| E|CS|TAMS 0x000000008ae00000| PB 0x000000008ae00000| Complete 
| 175|0x000000008af00000, 0x000000008b000000, 0x000000008b000000|100%| E|CS|TAMS 0x000000008af00000| PB 0x000000008af00000| Complete 
| 176|0x000000008b000000, 0x000000008b100000, 0x000000008b100000|100%| E|CS|TAMS 0x000000008b000000| PB 0x000000008b000000| Complete 
| 177|0x000000008b100000, 0x000000008b200000, 0x000000008b200000|100%| E|CS|TAMS 0x000000008b100000| PB 0x000000008b100000| Complete 
| 178|0x000000008b200000, 0x000000008b300000, 0x000000008b300000|100%| E|CS|TAMS 0x000000008b200000| PB 0x000000008b200000| Complete 
| 179|0x000000008b300000, 0x000000008b400000, 0x000000008b400000|100%| E|CS|TAMS 0x000000008b300000| PB 0x000000008b300000| Complete 
|2039|0x00000000ff700000, 0x00000000ff800000, 0x00000000ff800000|100%| O|  |TAMS 0x00000000ff778f40| PB 0x00000000ff778f40| Updating 
|2040|0x00000000ff800000, 0x00000000ff900000, 0x00000000ff900000|100%| O|  |TAMS 0x00000000ff900000| PB 0x00000000ff900000| Updating 
|2041|0x00000000ff900000, 0x00000000ffa00000, 0x00000000ffa00000|100%| O|  |TAMS 0x00000000ffa00000| PB 0x00000000ffa00000| Untracked 
|2042|0x00000000ffa00000, 0x00000000ffb00000, 0x00000000ffb00000|100%| O|  |TAMS 0x00000000ffb00000| PB 0x00000000ffb00000| Untracked 
|2043|0x00000000ffb00000, 0x00000000ffc00000, 0x00000000ffc00000|100%| O|  |TAMS 0x00000000ffc00000| PB 0x00000000ffc00000| Updating 
|2044|0x00000000ffc00000, 0x00000000ffd00000, 0x00000000ffd00000|100%| O|  |TAMS 0x00000000ffd00000| PB 0x00000000ffd00000| Untracked 
|2045|0x00000000ffd00000, 0x00000000ffe00000, 0x00000000ffe00000|100%| O|  |TAMS 0x00000000ffe00000| PB 0x00000000ffe00000| Untracked 
|2046|0x00000000ffe00000, 0x00000000fff00000, 0x00000000fff00000|100%| O|  |TAMS 0x00000000fff00000| PB 0x00000000fff00000| Untracked 
|2047|0x00000000fff00000, 0x0000000100000000, 0x0000000100000000|100%| O|  |TAMS 0x0000000100000000| PB 0x0000000100000000| Updating 

Card table byte_map: [0x00000209c59e0000,0x00000209c5de0000] _byte_map_base: 0x00000209c55e0000

Marking Bits: (CMBitMap*) 0x00000209b31b65d0
 Bits: [0x00000209c5de0000, 0x00000209c7de0000)

Polling page: 0x00000209b0f80000

Metaspace:

Usage:
  Non-class:    101.94 MB used.
      Class:     16.12 MB used.
       Both:    118.07 MB used.

Virtual space:
  Non-class space:      128.00 MB reserved,     103.00 MB ( 80%) committed,  2 nodes.
      Class space:        1.00 GB reserved,      17.12 MB (  2%) committed,  1 nodes.
             Both:        1.12 GB reserved,     120.12 MB ( 10%) committed. 

Chunk freelists:
   Non-Class:  8.20 MB
       Class:  14.83 MB
        Both:  23.03 MB

MaxMetaspaceSize: unlimited
CompressedClassSpaceSize: 1.00 GB
Initial GC threshold: 21.00 MB
Current GC threshold: 189.31 MB
CDS: off
 - commit_granule_bytes: 65536.
 - commit_granule_words: 8192.
 - virtual_space_node_default_size: 8388608.
 - enlarge_chunks_in_place: 1.
 - use_allocation_guard: 0.


Internal statistics:

num_allocs_failed_limit: 9.
num_arena_births: 4186.
num_arena_deaths: 0.
num_vsnodes_births: 3.
num_vsnodes_deaths: 0.
num_space_committed: 1920.
num_space_uncommitted: 0.
num_chunks_returned_to_freelist: 9.
num_chunks_taken_from_freelist: 9318.
num_chunk_merges: 9.
num_chunk_splits: 6161.
num_chunks_enlarged: 3917.
num_inconsistent_stats: 0.

CodeHeap 'non-profiled nmethods': size=120000Kb used=8190Kb max_used=8368Kb free=111809Kb
 bounds [0x00000209bdd80000, 0x00000209be5b0000, 0x00000209c52b0000]
CodeHeap 'profiled nmethods': size=120000Kb used=22419Kb max_used=23598Kb free=97580Kb
 bounds [0x00000209b62b0000, 0x00000209b79c0000, 0x00000209bd7e0000]
CodeHeap 'non-nmethods': size=5760Kb used=3161Kb max_used=3218Kb free=2598Kb
 bounds [0x00000209bd7e0000, 0x00000209bdb20000, 0x00000209bdd80000]
CodeCache: size=245760Kb, used=33770Kb, max_used=35184Kb, free=211987Kb
 total_blobs=13051, nmethods=12050, adapters=905, full_count=0
Compilation: enabled, stopped_count=0, restarted_count=0

Compilation events (20 events):
Event: 782.723 Thread 0x00000209caa44dd0 14464       3       groovyjarjarasm.asm.Frame::getLocal (46 bytes)
Event: 782.724 Thread 0x00000209caa44dd0 nmethod 14464 0x00000209b79bbd90 code [0x00000209b79bbf40, 0x00000209b79bc148]
Event: 782.725 Thread 0x00000209caa3a720 nmethod 14442 0x00000209be5a2e10 code [0x00000209be5a3220, 0x00000209be5a5558]
Event: 782.725 Thread 0x00000209caa3a720 14459       4       org.objectweb.asm.Type::getReturnTypeOffset (64 bytes)
Event: 782.730 Thread 0x00000209caa44dd0 14466       3       sun.nio.fs.WindowsPath::getName (47 bytes)
Event: 782.731 Thread 0x00000209caa44dd0 nmethod 14466 0x00000209b79bc210 code [0x00000209b79bc420, 0x00000209b79bca30]
Event: 782.736 Thread 0x00000209caa3a720 nmethod 14459 0x00000209be5a6d90 code [0x00000209be5a6f80, 0x00000209be5a7508]
Event: 782.736 Thread 0x00000209caa3a720 14465       4       groovyjarjarasm.asm.SymbolTable::get (13 bytes)
Event: 782.738 Thread 0x00000209caa3a720 nmethod 14465 0x00000209be5a7990 code [0x00000209be5a7b20, 0x00000209be5a7c20]
Event: 782.738 Thread 0x00000209caa3a720 14460       4       org.codehaus.groovy.reflection.ReflectionCache::getCachedClass (14 bytes)
Event: 782.750 Thread 0x00000209caa3a720 nmethod 14460 0x00000209be5a7d10 code [0x00000209be5a7f20, 0x00000209be5a83c8]
Event: 782.750 Thread 0x00000209caa3a720 14457       4       java.util.HashMap::prepareArray (38 bytes)
Event: 782.756 Thread 0x00000209caa3a720 nmethod 14457 0x00000209be5a8890 code [0x00000209be5a8a40, 0x00000209be5a8ce0]
Event: 782.900 Thread 0x00000209caa3a720 14467       4       java.lang.invoke.MethodHandles$Lookup::checkSecurityManager (97 bytes)
Event: 782.903 Thread 0x00000209caa3a720 nmethod 14467 0x00000209be5a8e90 code [0x00000209be5a9020, 0x00000209be5a9100]
Event: 782.999 Thread 0x00000209caa3a720 14468   !   4       java.lang.ClassLoader::loadClass (121 bytes)
Event: 783.033 Thread 0x00000209caa3a720 nmethod 14468 0x00000209be5a9210 code [0x00000209be5a94a0, 0x00000209be5aa6a0]
Event: 783.049 Thread 0x00000209caa3a720 14469   !   4       java.util.zip.ZipCoder$UTF8ZipCoder::compare (81 bytes)
Event: 783.070 Thread 0x00000209caa3a720 nmethod 14469 0x00000209be5ab310 code [0x00000209be5ab4e0, 0x00000209be5abbf8]
Event: 783.070 Thread 0x00000209caa3a720 14470       4       java.util.Arrays::mismatch (69 bytes)

GC Heap History (20 events):
Event: 18.175 GC heap before
{Heap before GC invocations=33 (full 0):
 garbage-first heap   total 143360K, used 129768K [0x0000000080000000, 0x0000000100000000)
  region size 1024K, 46 young (47104K), 4 survivors (4096K)
 Metaspace       used 98081K, committed 100032K, reserved 1179648K
  class space    used 13616K, committed 14528K, reserved 1048576K
}
Event: 18.180 GC heap after
{Heap after GC invocations=34 (full 0):
 garbage-first heap   total 143360K, used 88916K [0x0000000080000000, 0x0000000100000000)
  region size 1024K, 6 young (6144K), 6 survivors (6144K)
 Metaspace       used 98081K, committed 100032K, reserved 1179648K
  class space    used 13616K, committed 14528K, reserved 1048576K
}
Event: 19.039 GC heap before
{Heap before GC invocations=35 (full 0):
 garbage-first heap   total 150528K, used 131924K [0x0000000080000000, 0x0000000100000000)
  region size 1024K, 44 young (45056K), 6 survivors (6144K)
 Metaspace       used 101802K, committed 103872K, reserved 1179648K
  class space    used 14108K, committed 15104K, reserved 1048576K
}
Event: 19.053 GC heap after
{Heap after GC invocations=36 (full 0):
 garbage-first heap   total 150528K, used 93601K [0x0000000080000000, 0x0000000100000000)
  region size 1024K, 6 young (6144K), 6 survivors (6144K)
 Metaspace       used 101802K, committed 103872K, reserved 1179648K
  class space    used 14108K, committed 15104K, reserved 1048576K
}
Event: 19.693 GC heap before
{Heap before GC invocations=36 (full 0):
 garbage-first heap   total 150528K, used 134561K [0x0000000080000000, 0x0000000100000000)
  region size 1024K, 47 young (48128K), 6 survivors (6144K)
 Metaspace       used 106583K, committed 108608K, reserved 1179648K
  class space    used 14602K, committed 15616K, reserved 1048576K
}
Event: 19.703 GC heap after
{Heap after GC invocations=37 (full 0):
 garbage-first heap   total 150528K, used 94581K [0x0000000080000000, 0x0000000100000000)
  region size 1024K, 2 young (2048K), 2 survivors (2048K)
 Metaspace       used 106583K, committed 108608K, reserved 1179648K
  class space    used 14602K, committed 15616K, reserved 1048576K
}
Event: 32.100 GC heap before
{Heap before GC invocations=37 (full 0):
 garbage-first heap   total 150528K, used 137589K [0x0000000080000000, 0x0000000100000000)
  region size 1024K, 45 young (46080K), 2 survivors (2048K)
 Metaspace       used 107933K, committed 109952K, reserved 1179648K
  class space    used 14696K, committed 15680K, reserved 1048576K
}
Event: 32.104 GC heap after
{Heap after GC invocations=38 (full 0):
 garbage-first heap   total 181248K, used 98229K [0x0000000080000000, 0x0000000100000000)
  region size 1024K, 6 young (6144K), 6 survivors (6144K)
 Metaspace       used 107933K, committed 109952K, reserved 1179648K
  class space    used 14696K, committed 15680K, reserved 1048576K
}
Event: 32.563 GC heap before
{Heap before GC invocations=39 (full 0):
 garbage-first heap   total 181248K, used 162741K [0x0000000080000000, 0x0000000100000000)
  region size 1024K, 70 young (71680K), 6 survivors (6144K)
 Metaspace       used 108523K, committed 110592K, reserved 1179648K
  class space    used 14712K, committed 15744K, reserved 1048576K
}
Event: 32.568 GC heap after
{Heap after GC invocations=40 (full 0):
 garbage-first heap   total 181248K, used 97760K [0x0000000080000000, 0x0000000100000000)
  region size 1024K, 4 young (4096K), 4 survivors (4096K)
 Metaspace       used 108523K, committed 110592K, reserved 1179648K
  class space    used 14712K, committed 15744K, reserved 1048576K
}
Event: 33.289 GC heap before
{Heap before GC invocations=40 (full 0):
 garbage-first heap   total 181248K, used 165344K [0x0000000080000000, 0x0000000100000000)
  region size 1024K, 69 young (70656K), 4 survivors (4096K)
 Metaspace       used 110646K, committed 112704K, reserved 1179648K
  class space    used 15000K, committed 16000K, reserved 1048576K
}
Event: 33.297 GC heap after
{Heap after GC invocations=41 (full 0):
 garbage-first heap   total 181248K, used 102887K [0x0000000080000000, 0x0000000100000000)
  region size 1024K, 9 young (9216K), 9 survivors (9216K)
 Metaspace       used 110646K, committed 112704K, reserved 1179648K
  class space    used 15000K, committed 16000K, reserved 1048576K
}
Event: 33.801 GC heap before
{Heap before GC invocations=41 (full 0):
 garbage-first heap   total 181248K, used 161255K [0x0000000080000000, 0x0000000100000000)
  region size 1024K, 66 young (67584K), 9 survivors (9216K)
 Metaspace       used 113917K, committed 115968K, reserved 1179648K
  class space    used 15458K, committed 16448K, reserved 1048576K
}
Event: 33.810 GC heap after
{Heap after GC invocations=42 (full 0):
 garbage-first heap   total 181248K, used 108139K [0x0000000080000000, 0x0000000100000000)
  region size 1024K, 5 young (5120K), 5 survivors (5120K)
 Metaspace       used 113917K, committed 115968K, reserved 1179648K
  class space    used 15458K, committed 16448K, reserved 1048576K
}
Event: 51.944 GC heap before
{Heap before GC invocations=43 (full 0):
 garbage-first heap   total 181248K, used 165483K [0x0000000080000000, 0x0000000100000000)
  region size 1024K, 61 young (62464K), 5 survivors (5120K)
 Metaspace       used 118136K, committed 120192K, reserved 1179648K
  class space    used 16040K, committed 17024K, reserved 1048576K
}
Event: 51.949 GC heap after
{Heap after GC invocations=44 (full 0):
 garbage-first heap   total 181248K, used 111494K [0x0000000080000000, 0x0000000100000000)
  region size 1024K, 4 young (4096K), 4 survivors (4096K)
 Metaspace       used 118136K, committed 120192K, reserved 1179648K
  class space    used 16040K, committed 17024K, reserved 1048576K
}
Event: 780.884 GC heap before
{Heap before GC invocations=44 (full 0):
 garbage-first heap   total 181248K, used 179078K [0x0000000080000000, 0x0000000100000000)
  region size 1024K, 43 young (44032K), 4 survivors (4096K)
 Metaspace       used 119566K, committed 121664K, reserved 1179648K
  class space    used 16261K, committed 17280K, reserved 1048576K
}
Event: 782.103 GC heap after
{Heap after GC invocations=45 (full 0):
 garbage-first heap   total 193536K, used 143843K [0x0000000080000000, 0x0000000100000000)
  region size 1024K, 8 young (8192K), 8 survivors (8192K)
 Metaspace       used 119566K, committed 121664K, reserved 1179648K
  class space    used 16261K, committed 17280K, reserved 1048576K
}
Event: 782.584 GC heap before
{Heap before GC invocations=45 (full 0):
 garbage-first heap   total 193536K, used 148963K [0x0000000080000000, 0x0000000100000000)
  region size 1024K, 15 young (15360K), 8 survivors (8192K)
 Metaspace       used 119620K, committed 121728K, reserved 1179648K
  class space    used 16270K, committed 17280K, reserved 1048576K
}
Event: 782.608 GC heap after
{Heap after GC invocations=46 (full 0):
 garbage-first heap   total 193536K, used 146122K [0x0000000080000000, 0x0000000100000000)
  region size 1024K, 3 young (3072K), 3 survivors (3072K)
 Metaspace       used 119620K, committed 121728K, reserved 1179648K
  class space    used 16270K, committed 17280K, reserved 1048576K
}

Dll operation events (3 events):
Event: 0.007 Loaded shared library C:\Program Files\Android\Android Studio\jbr\bin\java.dll
Event: 0.011 Loaded shared library C:\Program Files\Android\Android Studio\jbr\bin\zip.dll
Event: 0.428 Loaded shared library C:\Program Files\Android\Android Studio\jbr\bin\verify.dll

Deoptimization events (20 events):
Event: 782.669 Thread 0x00000209d1b29230 Uncommon trap: trap_request=0xffffff45 fr.pc=0x00000209be4505e0 relative=0x0000000000000360
Event: 782.669 Thread 0x00000209d1b29230 Uncommon trap: reason=unstable_if action=reinterpret pc=0x00000209be4505e0 method=org.gradle.internal.instantiation.generator.AbstractClassGenerator$DslMixInPropertyType.visitInstanceMethod(Ljava/lang/reflect/Method;)V @ 61 c2
Event: 782.669 Thread 0x00000209d1b29230 DEOPT PACKING pc=0x00000209be4505e0 sp=0x000000a11e6f8ac0
Event: 782.669 Thread 0x00000209d1b29230 DEOPT UNPACKING pc=0x00000209bd837da2 sp=0x000000a11e6f8a70 mode 2
Event: 782.753 Thread 0x00000209d1b29230 Uncommon trap: trap_request=0xffffffc6 fr.pc=0x00000209be151c4c relative=0x00000000000010ec
Event: 782.753 Thread 0x00000209d1b29230 Uncommon trap: reason=bimorphic_or_optimized_type_check action=maybe_recompile pc=0x00000209be151c4c method=org.gradle.internal.snapshot.ChildMap$Entry.handleAncestorDescendantOrExactMatch(Lorg/gradle/internal/snapshot/VfsRelativePath;Lorg/gradle/internal
Event: 782.753 Thread 0x00000209d1b29230 DEOPT PACKING pc=0x00000209be151c4c sp=0x000000a11e6f8850
Event: 782.753 Thread 0x00000209d1b29230 DEOPT UNPACKING pc=0x00000209bd837da2 sp=0x000000a11e6f8840 mode 2
Event: 782.754 Thread 0x00000209d1b29230 Uncommon trap: trap_request=0xffffffc6 fr.pc=0x00000209be151c4c relative=0x00000000000010ec
Event: 782.754 Thread 0x00000209d1b29230 Uncommon trap: reason=bimorphic_or_optimized_type_check action=maybe_recompile pc=0x00000209be151c4c method=org.gradle.internal.snapshot.ChildMap$Entry.handleAncestorDescendantOrExactMatch(Lorg/gradle/internal/snapshot/VfsRelativePath;Lorg/gradle/internal
Event: 782.754 Thread 0x00000209d1b29230 DEOPT PACKING pc=0x00000209be151c4c sp=0x000000a11e6f8420
Event: 782.754 Thread 0x00000209d1b29230 DEOPT UNPACKING pc=0x00000209bd837da2 sp=0x000000a11e6f8410 mode 2
Event: 782.754 Thread 0x00000209d1b29230 Uncommon trap: trap_request=0xffffffc6 fr.pc=0x00000209be151c4c relative=0x00000000000010ec
Event: 782.754 Thread 0x00000209d1b29230 Uncommon trap: reason=bimorphic_or_optimized_type_check action=maybe_recompile pc=0x00000209be151c4c method=org.gradle.internal.snapshot.ChildMap$Entry.handleAncestorDescendantOrExactMatch(Lorg/gradle/internal/snapshot/VfsRelativePath;Lorg/gradle/internal
Event: 782.754 Thread 0x00000209d1b29230 DEOPT PACKING pc=0x00000209be151c4c sp=0x000000a11e6f7ff0
Event: 782.754 Thread 0x00000209d1b29230 DEOPT UNPACKING pc=0x00000209bd837da2 sp=0x000000a11e6f7fe0 mode 2
Event: 782.754 Thread 0x00000209d1b29230 Uncommon trap: trap_request=0xffffffc6 fr.pc=0x00000209be151c4c relative=0x00000000000010ec
Event: 782.754 Thread 0x00000209d1b29230 Uncommon trap: reason=bimorphic_or_optimized_type_check action=maybe_recompile pc=0x00000209be151c4c method=org.gradle.internal.snapshot.ChildMap$Entry.handleAncestorDescendantOrExactMatch(Lorg/gradle/internal/snapshot/VfsRelativePath;Lorg/gradle/internal
Event: 782.754 Thread 0x00000209d1b29230 DEOPT PACKING pc=0x00000209be151c4c sp=0x000000a11e6f7bc0
Event: 782.754 Thread 0x00000209d1b29230 DEOPT UNPACKING pc=0x00000209bd837da2 sp=0x000000a11e6f7bb0 mode 2

Classes loaded (20 events):
Event: 34.385 Loading class java/lang/Short$ShortCache
Event: 34.385 Loading class java/lang/Short$ShortCache done
Event: 34.434 Loading class java/net/UrlDeserializedState
Event: 34.435 Loading class java/net/UrlDeserializedState done
Event: 34.435 Loading class java/net/Proxy
Event: 34.435 Loading class java/net/Proxy done
Event: 779.405 Loading class java/util/function/ToDoubleBiFunction
Event: 779.406 Loading class java/util/function/ToDoubleBiFunction done
Event: 779.406 Loading class java/util/function/DoubleBinaryOperator
Event: 779.407 Loading class java/util/function/DoubleBinaryOperator done
Event: 779.407 Loading class java/util/function/ToLongBiFunction
Event: 779.407 Loading class java/util/function/ToLongBiFunction done
Event: 779.407 Loading class java/util/function/LongBinaryOperator
Event: 779.408 Loading class java/util/function/LongBinaryOperator done
Event: 779.409 Loading class java/util/function/ToIntBiFunction
Event: 779.410 Loading class java/util/function/ToIntBiFunction done
Event: 779.951 Loading class java/util/concurrent/Executors$AutoShutdownDelegatedExecutorService
Event: 779.953 Loading class java/util/concurrent/Executors$DelegatedExecutorService
Event: 779.955 Loading class java/util/concurrent/Executors$DelegatedExecutorService done
Event: 779.955 Loading class java/util/concurrent/Executors$AutoShutdownDelegatedExecutorService done

Classes unloaded (0 events):
No events

Classes redefined (0 events):
No events

Internal exceptions (20 events):
Event: 782.293 Thread 0x00000209d1b29230 Exception <a 'java/lang/ClassNotFoundException'{0x000000008a93d770}: org/gradle/api/internal/artifacts/dsl/dependencies/DefaultDependencyHandlerCustomizer> (0x000000008a93d770) 
thrown [s\src\hotspot\share\classfile\systemDictionary.cpp, line 312]
Event: 782.302 Thread 0x00000209d1b29230 Exception <a 'java/lang/ClassNotFoundException'{0x000000008a98b6b0}: org/gradle/api/internal/artifacts/dsl/dependencies/DefaultDependencyHandler_DecoratedCustomizer> (0x000000008a98b6b0) 
thrown [s\src\hotspot\share\classfile\systemDictionary.cpp, line 312]
Event: 782.314 Thread 0x00000209d1b29230 Exception <a 'java/lang/ClassNotFoundException'{0x000000008a9cc9e8}: sync_studio_tooling3_54iw90cxsaas4j3dcqri6mn3a$_run_closure1BeanInfo> (0x000000008a9cc9e8) 
thrown [s\src\hotspot\share\classfile\systemDictionary.cpp, line 312]
Event: 782.315 Thread 0x00000209d1b29230 Exception <a 'java/lang/ClassNotFoundException'{0x000000008a9d4bb0}: sync_studio_tooling3_54iw90cxsaas4j3dcqri6mn3a$_run_closure1Customizer> (0x000000008a9d4bb0) 
thrown [s\src\hotspot\share\classfile\systemDictionary.cpp, line 312]
Event: 782.524 Thread 0x00000209d1b2cd40 Exception <a 'sun/nio/fs/WindowsException'{0x000000008a541848}> (0x000000008a541848) 
thrown [s\src\hotspot\share\prims\jni.cpp, line 537]
Event: 782.526 Thread 0x00000209d1b2cd40 Exception <a 'sun/nio/fs/WindowsException'{0x000000008a541f90}> (0x000000008a541f90) 
thrown [s\src\hotspot\share\prims\jni.cpp, line 537]
Event: 782.531 Thread 0x00000209d1b2cd40 Exception <a 'sun/nio/fs/WindowsException'{0x000000008a552210}> (0x000000008a552210) 
thrown [s\src\hotspot\share\prims\jni.cpp, line 537]
Event: 782.536 Thread 0x00000209d1b2cd40 Exception <a 'sun/nio/fs/WindowsException'{0x000000008a562060}> (0x000000008a562060) 
thrown [s\src\hotspot\share\prims\jni.cpp, line 537]
Event: 782.542 Thread 0x00000209d1b2cd40 Exception <a 'sun/nio/fs/WindowsException'{0x000000008a570028}> (0x000000008a570028) 
thrown [s\src\hotspot\share\prims\jni.cpp, line 537]
Event: 782.566 Thread 0x00000209d1b29230 Exception <a 'java/lang/ClassNotFoundException'{0x000000008a5b6420}: sync_studio_tooling3_54iw90cxsaas4j3dcqri6mn3aBeanInfo> (0x000000008a5b6420) 
thrown [s\src\hotspot\share\classfile\systemDictionary.cpp, line 312]
Event: 782.568 Thread 0x00000209d1b29230 Exception <a 'java/lang/ClassNotFoundException'{0x000000008a5bef00}: sync_studio_tooling3_54iw90cxsaas4j3dcqri6mn3aCustomizer> (0x000000008a5bef00) 
thrown [s\src\hotspot\share\classfile\systemDictionary.cpp, line 312]
Event: 782.625 Thread 0x00000209d1b29230 Exception <a 'java/lang/ClassNotFoundException'{0x000000008b3520e0}: org/gradle/util/GradleVersionBeanInfo> (0x000000008b3520e0) 
thrown [s\src\hotspot\share\classfile\systemDictionary.cpp, line 312]
Event: 782.629 Thread 0x00000209d1b29230 Exception <a 'java/lang/ClassNotFoundException'{0x000000008b3651b8}: org/gradle/util/GradleVersionCustomizer> (0x000000008b3651b8) 
thrown [s\src\hotspot\share\classfile\systemDictionary.cpp, line 312]
Event: 782.652 Thread 0x00000209d1b29230 Exception <a 'java/lang/ClassNotFoundException'{0x000000008b3ad4e0}: org/gradle/util/internal/DefaultGradleVersionBeanInfo> (0x000000008b3ad4e0) 
thrown [s\src\hotspot\share\classfile\systemDictionary.cpp, line 312]
Event: 782.653 Thread 0x00000209d1b29230 Exception <a 'java/lang/ClassNotFoundException'{0x000000008b3c0dd8}: org/gradle/util/internal/DefaultGradleVersionCustomizer> (0x000000008b3c0dd8) 
thrown [s\src\hotspot\share\classfile\systemDictionary.cpp, line 312]
Event: 782.710 Thread 0x00000209d1b29230 Exception <a 'java/lang/ClassNotFoundException'{0x000000008b23f1f8}: org/gradle/invocation/DefaultGradle$DefaultGradleLifecycle_DecoratedBeanInfo> (0x000000008b23f1f8) 
thrown [s\src\hotspot\share\classfile\systemDictionary.cpp, line 312]
Event: 782.711 Thread 0x00000209d1b29230 Exception <a 'java/lang/ClassNotFoundException'{0x000000008b253bd0}: org/gradle/invocation/DefaultGradle$DefaultGradleLifecycleBeanInfo> (0x000000008b253bd0) 
thrown [s\src\hotspot\share\classfile\systemDictionary.cpp, line 312]
Event: 782.712 Thread 0x00000209d1b29230 Exception <a 'java/lang/ClassNotFoundException'{0x000000008b268110}: org/gradle/invocation/DefaultGradle$DefaultGradleLifecycleCustomizer> (0x000000008b268110) 
thrown [s\src\hotspot\share\classfile\systemDictionary.cpp, line 312]
Event: 782.715 Thread 0x00000209d1b29230 Exception <a 'java/lang/ClassNotFoundException'{0x000000008b280790}: org/gradle/invocation/DefaultGradle$DefaultGradleLifecycle_DecoratedCustomizer> (0x000000008b280790) 
thrown [s\src\hotspot\share\classfile\systemDictionary.cpp, line 312]
Event: 782.778 Thread 0x00000209d1b29230 Exception <a 'java/lang/IncompatibleClassChangeError'{0x000000008b151de8}: Found class java.lang.Object, but interface was expected> (0x000000008b151de8) 
thrown [s\src\hotspot\share\interpreter\linkResolver.cpp, line 851]

ZGC Phase Switch (0 events):
No events

VM Operations (20 events):
Event: 780.456 Executing VM operation: Cleanup done
Event: 780.767 Executing VM operation: HandshakeAllThreads (Deoptimize)
Event: 780.768 Executing VM operation: HandshakeAllThreads (Deoptimize) done
Event: 780.774 Executing VM operation: HandshakeAllThreads (Deoptimize)
Event: 780.774 Executing VM operation: HandshakeAllThreads (Deoptimize) done
Event: 780.883 Executing VM operation: G1CollectForAllocation (G1 Evacuation Pause)
Event: 782.104 Executing VM operation: G1CollectForAllocation (G1 Evacuation Pause) done
Event: 782.104 Executing VM operation: HandshakeAllThreads (HandshakeForDeflation)
Event: 782.104 Executing VM operation: HandshakeAllThreads (HandshakeForDeflation) done
Event: 782.104 Executing VM operation: RendezvousGCThreads
Event: 782.105 Executing VM operation: RendezvousGCThreads done
Event: 782.383 Executing VM operation: HandshakeAllThreads (Deoptimize)
Event: 782.384 Executing VM operation: HandshakeAllThreads (Deoptimize) done
Event: 782.583 Executing VM operation: G1TryInitiateConcMark (G1 Humongous Allocation)
Event: 782.609 Executing VM operation: G1TryInitiateConcMark (G1 Humongous Allocation) done
Event: 782.744 Executing VM operation: HandshakeAllThreads (Deoptimize)
Event: 782.744 Executing VM operation: HandshakeAllThreads (Deoptimize) done
Event: 782.761 Executing VM operation: HandshakeAllThreads (Deoptimize)
Event: 782.762 Executing VM operation: HandshakeAllThreads (Deoptimize) done
Event: 783.079 Executing VM operation: G1PauseRemark

Memory protections (0 events):
No events

Nmethod flushes (20 events):
Event: 783.123 Thread 0x00000209ca85ec30 flushing  nmethod 0x00000209b6aaa810
Event: 783.123 Thread 0x00000209ca85ec30 flushing  nmethod 0x00000209b6aac410
Event: 783.123 Thread 0x00000209ca85ec30 flushing  nmethod 0x00000209b6ab2090
Event: 783.123 Thread 0x00000209ca85ec30 flushing  nmethod 0x00000209b6ab4610
Event: 783.123 Thread 0x00000209ca85ec30 flushing  nmethod 0x00000209b6b88810
Event: 783.123 Thread 0x00000209ca85ec30 flushing  nmethod 0x00000209b6b8b190
Event: 783.123 Thread 0x00000209ca85ec30 flushing  nmethod 0x00000209b6b8b610
Event: 783.123 Thread 0x00000209ca85ec30 flushing  nmethod 0x00000209b6beb910
Event: 783.123 Thread 0x00000209ca85ec30 flushing  nmethod 0x00000209b6cbeb90
Event: 783.123 Thread 0x00000209ca85ec30 flushing  nmethod 0x00000209b6cc1910
Event: 783.123 Thread 0x00000209ca85ec30 flushing  nmethod 0x00000209b6d4cc90
Event: 783.123 Thread 0x00000209ca85ec30 flushing  nmethod 0x00000209b6d50a10
Event: 783.123 Thread 0x00000209ca85ec30 flushing  nmethod 0x00000209b6d56290
Event: 783.123 Thread 0x00000209ca85ec30 flushing  nmethod 0x00000209b6e43b10
Event: 783.123 Thread 0x00000209ca85ec30 flushing  nmethod 0x00000209b6e44e90
Event: 783.123 Thread 0x00000209ca85ec30 flushing  nmethod 0x00000209b6e48e10
Event: 783.123 Thread 0x00000209ca85ec30 flushing  nmethod 0x00000209b6e49790
Event: 783.123 Thread 0x00000209ca85ec30 flushing  nmethod 0x00000209b6e4ce90
Event: 783.123 Thread 0x00000209ca85ec30 flushing  nmethod 0x00000209b73bde90
Event: 783.123 Thread 0x00000209ca85ec30 flushing  nmethod 0x00000209b73ebe90

Events (20 events):
Event: 777.456 Thread 0x00000209d1b277f0 Thread added: 0x00000209d1b27e80
Event: 777.477 Thread 0x00000209d1b277f0 Thread added: 0x00000209d1b29230
Event: 777.521 Thread 0x00000209d1b29230 Thread added: 0x00000209d1b28ba0
Event: 777.540 Thread 0x00000209d1b29230 Thread added: 0x00000209d1b298c0
Event: 777.542 Thread 0x00000209d1b29230 Thread added: 0x00000209d1b26440
Event: 778.050 Thread 0x00000209d1b29230 Thread added: 0x00000209d1b26ad0
Event: 778.079 Thread 0x00000209d1b29230 Thread added: 0x00000209d1b28510
Event: 778.666 Thread 0x00000209d1b29230 Thread added: 0x00000209d1b2a5e0
Event: 778.667 Thread 0x00000209d1b29230 Thread added: 0x00000209d1b27160
Event: 778.668 Thread 0x00000209d1b29230 Thread added: 0x00000209d1b2b990
Event: 778.669 Thread 0x00000209d1b29230 Thread added: 0x00000209d1b2ac70
Event: 778.670 Thread 0x00000209d1b29230 Thread added: 0x00000209d1b2c020
Event: 778.671 Thread 0x00000209d1b29230 Thread added: 0x00000209d1b2cd40
Event: 780.621 Thread 0x00000209d1b29230 Thread added: 0x00000209d1b2c6b0
Event: 782.206 Thread 0x00000209d1b29230 Thread added: 0x00000209d1b663e0
Event: 782.221 Thread 0x00000209d1b29230 Thread added: 0x00000209d1b66a70
Event: 782.394 Thread 0x00000209d1b29230 Thread added: 0x00000209d1b67790
Event: 782.395 Thread 0x00000209d1b29230 Thread added: 0x00000209d1b64310
Event: 782.423 Thread 0x00000209d1b29230 Thread added: 0x00000209d1b691d0
Event: 782.424 Thread 0x00000209d1b29230 Thread added: 0x00000209d1b69ef0


Dynamic libraries:
0x00007ff63b1f0000 - 0x00007ff63b1fa000 	C:\Program Files\Android\Android Studio\jbr\bin\java.exe
0x00007ffbfd760000 - 0x00007ffbfd9c6000 	C:\WINDOWS\SYSTEM32\ntdll.dll
0x00007ffbfd220000 - 0x00007ffbfd2e9000 	C:\WINDOWS\System32\KERNEL32.DLL
0x00007ffbfafc0000 - 0x00007ffbfb3be000 	C:\WINDOWS\System32\KERNELBASE.dll
0x00007ffbfaac0000 - 0x00007ffbfac0c000 	C:\WINDOWS\System32\ucrtbase.dll
0x00007ffbf7200000 - 0x00007ffbf721b000 	C:\Program Files\Android\Android Studio\jbr\bin\VCRUNTIME140.dll
0x00007ffbeeed0000 - 0x00007ffbeeee8000 	C:\Program Files\Android\Android Studio\jbr\bin\jli.dll
0x00007ffbfd2f0000 - 0x00007ffbfd4b7000 	C:\WINDOWS\System32\USER32.dll
0x00007ffbfaed0000 - 0x00007ffbfaef7000 	C:\WINDOWS\System32\win32u.dll
0x00007ffbded60000 - 0x00007ffbdeff2000 	C:\WINDOWS\WinSxS\amd64_microsoft.windows.common-controls_6595b64144ccf1df_6.0.26100.8875_none_3e0d5d42e32fe9dd\COMCTL32.dll
0x00007ffbfc720000 - 0x00007ffbfc74b000 	C:\WINDOWS\System32\GDI32.dll
0x00007ffbfb490000 - 0x00007ffbfb539000 	C:\WINDOWS\System32\msvcrt.dll
0x00007ffbfac20000 - 0x00007ffbfad4a000 	C:\WINDOWS\System32\gdi32full.dll
0x00007ffbfaa10000 - 0x00007ffbfaab3000 	C:\WINDOWS\System32\msvcp_win.dll
0x00007ffbfbce0000 - 0x00007ffbfbd12000 	C:\WINDOWS\System32\IMM32.DLL
0x00007ffbf71d0000 - 0x00007ffbf71dc000 	C:\Program Files\Android\Android Studio\jbr\bin\vcruntime140_1.dll
0x00007ffbbdf40000 - 0x00007ffbbdfcd000 	C:\Program Files\Android\Android Studio\jbr\bin\msvcp140.dll
0x00007ffb7a680000 - 0x00007ffb7b316000 	C:\Program Files\Android\Android Studio\jbr\bin\server\jvm.dll
0x00007ffbfc9f0000 - 0x00007ffbfcaa7000 	C:\WINDOWS\System32\ADVAPI32.dll
0x00007ffbfc930000 - 0x00007ffbfc9da000 	C:\WINDOWS\System32\sechost.dll
0x00007ffbfcab0000 - 0x00007ffbfcbc8000 	C:\WINDOWS\System32\RPCRT4.dll
0x00007ffbfc230000 - 0x00007ffbfc2b0000 	C:\WINDOWS\System32\WS2_32.dll
0x00007ffbfa7e0000 - 0x00007ffbfa83e000 	C:\WINDOWS\SYSTEM32\POWRPROF.dll
0x00007ffbef4c0000 - 0x00007ffbef4cb000 	C:\WINDOWS\SYSTEM32\VERSION.dll
0x00007ffbea130000 - 0x00007ffbea166000 	C:\WINDOWS\SYSTEM32\WINMM.dll
0x00007ffbfa7c0000 - 0x00007ffbfa7d4000 	C:\WINDOWS\SYSTEM32\UMPDC.dll
0x00007ffbf9660000 - 0x00007ffbf967b000 	C:\WINDOWS\SYSTEM32\kernel.appcore.dll
0x00007ffbf1730000 - 0x00007ffbf173a000 	C:\Program Files\Android\Android Studio\jbr\bin\jimage.dll
0x00007ffbf7d00000 - 0x00007ffbf7f42000 	C:\WINDOWS\SYSTEM32\DBGHELP.DLL
0x00007ffbfce80000 - 0x00007ffbfd203000 	C:\WINDOWS\System32\combase.dll
0x00007ffbfc640000 - 0x00007ffbfc719000 	C:\WINDOWS\System32\OLEAUT32.dll
0x00007ffbd07c0000 - 0x00007ffbd07fb000 	C:\WINDOWS\SYSTEM32\dbgcore.DLL
0x00007ffbfaf00000 - 0x00007ffbfafac000 	C:\WINDOWS\System32\bcryptPrimitives.dll
0x00007ffbf1660000 - 0x00007ffbf166e000 	C:\Program Files\Android\Android Studio\jbr\bin\instrument.dll
0x00007ffbeeba0000 - 0x00007ffbeebc0000 	C:\Program Files\Android\Android Studio\jbr\bin\java.dll
0x00007ffbee1e0000 - 0x00007ffbee1f8000 	C:\Program Files\Android\Android Studio\jbr\bin\zip.dll
0x00007ffbfb540000 - 0x00007ffbfbcd2000 	C:\WINDOWS\System32\SHELL32.dll
0x00007ffbf8400000 - 0x00007ffbf8c92000 	C:\WINDOWS\SYSTEM32\windows.storage.dll
0x00007ffbfd5a0000 - 0x00007ffbfd697000 	C:\WINDOWS\System32\SHCORE.dll
0x00007ffbfcbd0000 - 0x00007ffbfcc37000 	C:\WINDOWS\System32\shlwapi.dll
0x00007ffbfa8a0000 - 0x00007ffbfa8c9000 	C:\WINDOWS\SYSTEM32\profapi.dll
0x00007ffbeeb90000 - 0x00007ffbeeba0000 	C:\Program Files\Android\Android Studio\jbr\bin\net.dll
0x00007ffbef620000 - 0x00007ffbef747000 	C:\WINDOWS\SYSTEM32\WINHTTP.dll
0x00007ffbf9c10000 - 0x00007ffbf9c7c000 	C:\WINDOWS\system32\mswsock.dll
0x00007ffbee0a0000 - 0x00007ffbee0b6000 	C:\Program Files\Android\Android Studio\jbr\bin\nio.dll
0x00007ffbedeb0000 - 0x00007ffbedec0000 	C:\Program Files\Android\Android Studio\jbr\bin\verify.dll
0x00007ffbc2430000 - 0x00007ffbc2457000 	C:\Users\rawat\.gradle\native\1def1411415f61bf3af743bc5b6707747c0891f09f0c88961ee8f79bc544acac\windows-amd64\native-platform.dll
0x00007ffb8a770000 - 0x00007ffb8a7e8000 	C:\Users\rawat\.gradle\native\0.2.7\x86_64-windows-gnu\gradle-fileevents.dll
0x00007ffbedea0000 - 0x00007ffbedea9000 	C:\Program Files\Android\Android Studio\jbr\bin\management.dll
0x00007ffbede90000 - 0x00007ffbede9b000 	C:\Program Files\Android\Android Studio\jbr\bin\management_ext.dll
0x00007ffbfd210000 - 0x00007ffbfd218000 	C:\WINDOWS\System32\PSAPI.DLL
0x00007ffbf90c0000 - 0x00007ffbf90f3000 	C:\WINDOWS\SYSTEM32\IPHLPAPI.DLL
0x00007ffbfcde0000 - 0x00007ffbfcdea000 	C:\WINDOWS\System32\NSI.dll
0x00007ffbede80000 - 0x00007ffbede89000 	C:\Program Files\Android\Android Studio\jbr\bin\extnet.dll
0x00007ffbf9f30000 - 0x00007ffbf9f4b000 	C:\WINDOWS\SYSTEM32\CRYPTSP.dll
0x00007ffbf95c0000 - 0x00007ffbf95f9000 	C:\WINDOWS\system32\rsaenh.dll
0x00007ffbf9cd0000 - 0x00007ffbf9d02000 	C:\WINDOWS\SYSTEM32\USERENV.dll
0x00007ffbfa870000 - 0x00007ffbfa89a000 	C:\WINDOWS\SYSTEM32\bcrypt.dll
0x00007ffbf9f10000 - 0x00007ffbf9f1c000 	C:\WINDOWS\SYSTEM32\CRYPTBASE.dll
0x00007ffb7cb70000 - 0x00007ffb7cb78000 	C:\WINDOWS\system32\wshunix.dll

JVMTI agents:
C:\Users\rawat\.gradle\wrapper\dists\gradle-8.13-bin\5xuhj0ry160q40clulazy9h7d\gradle-8.13\lib\agents\gradle-instrumentation-agent-8.13.jar path:C:\Program Files\Android\Android Studio\jbr\bin\instrument.dll, loaded, initialized, instrumentlib options:none

dbghelp: loaded successfully - version: 4.0.5 - missing functions: none
symbol engine: initialized successfully - sym options: 0x614 - pdb path: .;C:\Program Files\Android\Android Studio\jbr\bin;C:\WINDOWS\SYSTEM32;C:\WINDOWS\WinSxS\amd64_microsoft.windows.common-controls_6595b64144ccf1df_6.0.26100.8875_none_3e0d5d42e32fe9dd;C:\Program Files\Android\Android Studio\jbr\bin\server;C:\Users\rawat\.gradle\native\1def1411415f61bf3af743bc5b6707747c0891f09f0c88961ee8f79bc544acac\windows-amd64;C:\Users\rawat\.gradle\native\0.2.7\x86_64-windows-gnu

VM Arguments:
jvm_args: --add-opens=java.base/java.lang=ALL-UNNAMED --add-opens=java.base/java.lang.invoke=ALL-UNNAMED --add-opens=java.base/java.util=ALL-UNNAMED --add-opens=java.prefs/java.util.prefs=ALL-UNNAMED --add-exports=jdk.compiler/com.sun.tools.javac.api=ALL-UNNAMED --add-exports=jdk.compiler/com.sun.tools.javac.util=ALL-UNNAMED --add-opens=java.base/java.util=ALL-UNNAMED --add-opens=java.prefs/java.util.prefs=ALL-UNNAMED --add-opens=java.base/java.nio.charset=ALL-UNNAMED --add-opens=java.base/java.net=ALL-UNNAMED --add-opens=java.base/java.util.concurrent.atomic=ALL-UNNAMED --add-opens=java.xml/javax.xml.namespace=ALL-UNNAMED -Xmx2048m -Dfile.encoding=UTF-8 -Duser.country=US -Duser.language=en -Duser.variant -javaagent:C:\Users\rawat\.gradle\wrapper\dists\gradle-8.13-bin\5xuhj0ry160q40clulazy9h7d\gradle-8.13\lib\agents\gradle-instrumentation-agent-8.13.jar 
java_command: org.gradle.launcher.daemon.bootstrap.GradleDaemon 8.13
java_class_path (initial): C:\Users\rawat\.gradle\wrapper\dists\gradle-8.13-bin\5xuhj0ry160q40clulazy9h7d\gradle-8.13\lib\gradle-daemon-main-8.13.jar
Launcher Type: SUN_STANDARD

[Global flags]
     intx CICompilerCount                          = 4                                         {product} {ergonomic}
     uint ConcGCThreads                            = 2                                         {product} {ergonomic}
     uint G1ConcRefinementThreads                  = 8                                         {product} {ergonomic}
   size_t G1HeapRegionSize                         = 1048576                                   {product} {ergonomic}
    uintx GCDrainStackTargetSize                   = 64                                        {product} {ergonomic}
   size_t InitialHeapSize                          = 130023424                                 {product} {ergonomic}
   size_t MarkStackSize                            = 4194304                                   {product} {ergonomic}
   size_t MaxHeapSize                              = 2147483648                                {product} {command line}
   size_t MaxNewSize                               = 1287651328                                {product} {ergonomic}
   size_t MinHeapDeltaBytes                        = 1048576                                   {product} {ergonomic}
   size_t MinHeapSize                              = 8388608                                   {product} {ergonomic}
    uintx NonNMethodCodeHeapSize                   = 5839372                                {pd product} {ergonomic}
    uintx NonProfiledCodeHeapSize                  = 122909434                              {pd product} {ergonomic}
    uintx ProfiledCodeHeapSize                     = 122909434                              {pd product} {ergonomic}
    uintx ReservedCodeCacheSize                    = 251658240                              {pd product} {ergonomic}
     bool SegmentedCodeCache                       = true                                      {product} {ergonomic}
   size_t SoftMaxHeapSize                          = 2147483648                             {manageable} {ergonomic}
     bool UseCompressedOops                        = true                           {product lp64_product} {ergonomic}
     bool UseG1GC                                  = true                                      {product} {ergonomic}
     bool UseLargePagesIndividualAllocation        = false                                  {pd product} {ergonomic}

Logging:
Log output configuration:
 #0: stdout all=warning uptime,level,tags foldmultilines=false
 #1: stderr all=off uptime,level,tags foldmultilines=false

Environment Variables:
PATH=C:\Program Files\Common Files\Oracle\Java\javapath;C:\Windows\system32;C:\Windows;C:\Windows\System32\Wbem;C:\Windows\System32\WindowsPowerShell\v1.0\;C:\Windows\System32\OpenSSH\;C:\Program Files\NVIDIA Corporation\NVIDIA NvDLISR;C:\WINDOWS\system32;C:\WINDOWS;C:\WINDOWS\System32\Wbem;C:\WINDOWS\System32\WindowsPowerShell\v1.0\;C:\WINDOWS\System32\OpenSSH\;C:\Program Files\dotnet\;C:\Program Files (x86)\Windows Kits\10\Windows Performance Toolkit\;C:\Program Files\Git\cmd;C:\Program Files\Git\bin;C:\MinGW\bin;C:\Program Files\MySQL\MySQL Server 8.0\bin;C:\Program Files\MySQL\MySQL Shell 8.0\bin\;C:\Users\rawat\AppData\Local\Programs\Python\Python314\Scripts\;C:\Users\rawat\AppData\Local\Programs\Python\Python314\;C:\Users\rawat\AppData\Local\Microsoft\WindowsApps;C:\Users\rawat\AppData\Local\Programs\Microsoft VS Code\bin;C:\Users\rawat\Downloads\flutter_windows_3.38.3-stable\flutter\bin;C:\MinGW\bin;C:\Users\rawat\AppData\Local\Programs\Antigravity IDE\bin
USERNAME=rawat
OS=Windows_NT
PROCESSOR_IDENTIFIER=Intel64 Family 6 Model 140 Stepping 1, GenuineIntel
TMP=C:\Users\rawat\AppData\Local\Temp
TEMP=C:\Users\rawat\AppData\Local\Temp




Periodic native trim disabled

JNI global refs:
JNI global refs: 27, weak refs: 0

JNI global refs memory usage: 835, weak refs: 833

Process memory usage:
Resident Set Size: 317124K (3% of 8104744K total physical memory with 334460K free physical memory)

OOME stack traces (most recent first):
Classloader memory used:
Loader org.gradle.internal.classloader.VisitableURLClassLoader                         : 45671K
Loader org.gradle.internal.classloader.VisitableURLClassLoader$InstrumentingVisitableURLClassLoader: 32858K
Loader bootstrap                                                                       : 27282K
Loader org.gradle.initialization.MixInLegacyTypesClassLoader                           : 12861K
Loader org.gradle.internal.classloader.VisitableURLClassLoader                         : 970K
Loader jdk.internal.loader.ClassLoaders$PlatformClassLoader                            : 519K
Loader jdk.internal.reflect.DelegatingClassLoader                                      : 335K
Loader jdk.internal.loader.ClassLoaders$AppClassLoader                                 : 235K
Loader org.gradle.groovy.scripts.internal.DefaultScriptCompilationHandler$ScriptClassLoader: 132K
Loader org.codehaus.groovy.runtime.callsite.CallSiteClassLoader                        : 31752B

Classes loaded by more than one classloader:
Class Program                                                                         : loaded 5 times (x 72B)
Class org.gradle.api.Action                                                           : loaded 3 times (x 70B)
Class Build_gradle$1                                                                  : loaded 3 times (x 74B)
Class org.gradle.internal.IoActions                                                   : loaded 3 times (x 71B)
Class org.gradle.api.GradleException                                                  : loaded 3 times (x 82B)
Class Build_gradle                                                                    : loaded 3 times (x 130B)
Class org.gradle.api.UncheckedIOException                                             : loaded 3 times (x 82B)
Class org.gradle.internal.classloader.ClassLoaderHierarchy                            : loaded 2 times (x 70B)
Class com.google.common.collect.ImmutableEnumSet                                      : loaded 2 times (x 146B)
Class com.google.common.util.concurrent.ExecutionError                                : loaded 2 times (x 82B)
Class com.google.common.collect.ImmutableList$1                                       : loaded 2 times (x 97B)
Class org.gradle.api.internal.classpath.ManifestUtil                                  : loaded 2 times (x 71B)
Class com.google.common.collect.RegularImmutableMap                                   : loaded 2 times (x 121B)
Class com.google.common.collect.ImmutableMap$MapViewOfValuesAsSingletonSets           : loaded 2 times (x 125B)
Class org.gradle.internal.operations.MultipleBuildOperationFailures                   : loaded 2 times (x 95B)
Class [Lorg.objectweb.asm.Symbol;                                                     : loaded 2 times (x 69B)
Class org.objectweb.asm.ClassVisitor                                                  : loaded 2 times (x 88B)
Class com.google.common.collect.UnmodifiableListIterator                              : loaded 2 times (x 95B)
Class org.objectweb.asm.MethodTooLargeException                                       : loaded 2 times (x 83B)
Class [Lcom.google.common.cache.CacheBuilder$OneWeigher;                              : loaded 2 times (x 69B)
Class com.google.common.base.Suppliers                                                : loaded 2 times (x 71B)
Class com.google.common.base.Platform$JdkPatternCompiler                              : loaded 2 times (x 75B)
Class org.gradle.internal.classloader.DefaultClassLoaderFactory                       : loaded 2 times (x 82B)
Class kotlin.collections.AbstractList$Companion                                       : loaded 2 times (x 71B)
Class com.google.common.base.CharMatcher$None                                         : loaded 2 times (x 112B)
Class org.gradle.internal.classloader.ClassLoaderVisitor                              : loaded 2 times (x 76B)
Class [Lcom.google.common.collect.ImmutableMapEntry;                                  : loaded 2 times (x 69B)
Class org.gradle.api.internal.classpath.EffectiveClassPath                            : loaded 2 times (x 90B)
Class com.google.common.collect.ImmutableEnumMap                                      : loaded 2 times (x 125B)
Class com.google.common.collect.ListMultimap                                          : loaded 2 times (x 70B)
Class com.google.common.collect.Sets$1                                                : loaded 2 times (x 139B)
Class org.objectweb.asm.AnnotationVisitor                                             : loaded 2 times (x 78B)
Class com.google.common.base.Splitter                                                 : loaded 2 times (x 72B)
Class org.gradle.api.internal.DefaultClassPathProvider                                : loaded 2 times (x 76B)
Class com.google.common.collect.Sets$2                                                : loaded 2 times (x 139B)
Class [Lorg.gradle.api.internal.ClassPathProvider;                                    : loaded 2 times (x 69B)
Class org.gradle.api.internal.ClassPathProvider                                       : loaded 2 times (x 70B)
Class [Lorg.objectweb.asm.AnnotationVisitor;                                          : loaded 2 times (x 69B)
Class com.google.common.collect.Sets$3                                                : loaded 2 times (x 139B)
Class com.google.common.util.concurrent.AbstractFuture$SafeAtomicHelper               : loaded 2 times (x 79B)
Class com.google.common.cache.LocalCache$LocalLoadingCache                            : loaded 2 times (x 134B)
Class com.google.common.base.AbstractIterator$State                                   : loaded 2 times (x 79B)
Class org.gradle.internal.service.UnknownServiceException                             : loaded 2 times (x 83B)
Class com.google.common.collect.Sets$4                                                : loaded 2 times (x 139B)
Class org.objectweb.asm.ModuleVisitor                                                 : loaded 2 times (x 81B)
Class com.google.common.cache.LocalCache$Strength$1                                   : loaded 2 times (x 81B)
Class com.google.common.util.concurrent.SettableFuture                                : loaded 2 times (x 114B)
Class com.google.common.cache.LocalCache$Strength$2                                   : loaded 2 times (x 81B)
Class com.google.common.cache.LocalCache$Strength$3                                   : loaded 2 times (x 81B)
Class com.google.common.collect.MapDifference                                         : loaded 2 times (x 70B)
Class com.google.common.base.Splitter$1                                               : loaded 2 times (x 77B)
Class org.objectweb.asm.FieldWriter                                                   : loaded 2 times (x 78B)
Class com.google.common.cache.CacheBuilder$NullListener                               : loaded 2 times (x 82B)
Class org.gradle.internal.classpath.TransformedClassPath                              : loaded 2 times (x 96B)
Class org.gradle.internal.classloader.InstrumentingClassLoader                        : loaded 2 times (x 70B)
Class kotlin.enums.EnumEntriesList                                                    : loaded 2 times (x 223B)
Class com.google.common.cache.CacheLoader$FunctionToCacheLoader                       : loaded 2 times (x 75B)
Class com.google.common.collect.Iterators$ArrayItr                                    : loaded 2 times (x 97B)
Class com.google.common.collect.ImmutableCollection$Builder                           : loaded 2 times (x 76B)
Class com.google.common.base.Joiner                                                   : loaded 2 times (x 79B)
Class com.google.common.base.MoreObjects                                              : loaded 2 times (x 71B)
Class [Lorg.objectweb.asm.Type;                                                       : loaded 2 times (x 69B)
Class com.google.common.collect.Platform                                              : loaded 2 times (x 71B)
Class com.google.common.collect.UnmodifiableIterator                                  : loaded 2 times (x 80B)
Class org.gradle.internal.service.ServiceLocator                                      : loaded 2 times (x 70B)
Class com.google.common.collect.SingletonImmutableBiMap                               : loaded 2 times (x 143B)
Class com.google.common.base.Ascii                                                    : loaded 2 times (x 71B)
Class com.google.common.cache.LocalCache$1                                            : loaded 2 times (x 89B)
Class com.google.common.collect.AbstractMapEntry                                      : loaded 2 times (x 81B)
Class com.google.common.collect.Sets$ImprovedAbstractSet                              : loaded 2 times (x 135B)
Class com.google.common.collect.ImmutableList$Builder                                 : loaded 2 times (x 77B)
Class com.google.common.cache.LocalCache$2                                            : loaded 2 times (x 142B)
Class com.google.common.collect.AbstractMultimap                                      : loaded 2 times (x 123B)
Class com.google.common.util.concurrent.AbstractFuture$UnsafeAtomicHelper$1           : loaded 2 times (x 76B)
Class com.google.common.collect.RegularImmutableAsList                                : loaded 2 times (x 216B)
Class com.google.common.util.concurrent.AbstractFuture$Trusted                        : loaded 2 times (x 70B)
Class com.google.common.collect.Iterators                                             : loaded 2 times (x 71B)
Class com.google.common.base.CharMatcher$RangesMatcher                                : loaded 2 times (x 112B)
Class com.google.common.util.concurrent.UncheckedExecutionException                   : loaded 2 times (x 82B)
Class com.google.common.collect.Lists$StringAsImmutableList                           : loaded 2 times (x 207B)
Class org.gradle.kotlin.dsl.VersionCatalogAccessorsKt                                 : loaded 2 times (x 71B)
Class com.google.common.base.CharMatcher$JavaLetterOrDigit                            : loaded 2 times (x 111B)
Class org.gradle.internal.InternalTransformer                                         : loaded 2 times (x 70B)
Class org.gradle.internal.time.DefaultTimer                                           : loaded 2 times (x 80B)
Class com.google.common.collect.AbstractMapBasedMultimap$KeySet$1                     : loaded 2 times (x 82B)
Class org.objectweb.asm.ClassWriter                                                   : loaded 2 times (x 106B)
Class com.google.common.cache.CacheLoader$UnsupportedLoadingOperationException        : loaded 2 times (x 82B)
Class com.google.common.base.CharMatcher$And                                          : loaded 2 times (x 112B)
Class org.gradle.internal.classloader.ClasspathUtil$1                                 : loaded 2 times (x 76B)
Class com.google.common.base.Objects                                                  : loaded 2 times (x 71B)
Class org.objectweb.asm.FieldVisitor                                                  : loaded 2 times (x 77B)
Class com.google.common.collect.IndexedImmutableSet                                   : loaded 2 times (x 150B)
Class com.google.common.collect.ImmutableMap$1                                        : loaded 2 times (x 81B)
Class com.google.common.collect.BiMap                                                 : loaded 2 times (x 70B)
Class org.gradle.api.internal.classpath.DefaultModuleRegistry$DefaultModule           : loaded 2 times (x 86B)
Class com.google.common.primitives.Ints                                               : loaded 2 times (x 71B)
Class com.google.common.collect.AbstractIterator                                      : loaded 2 times (x 82B)
Class org.gradle.internal.time.DefaultCountdownTimer                                  : loaded 2 times (x 88B)
Class com.google.common.math.MathPreconditions                                        : loaded 2 times (x 71B)
Class com.google.common.collect.Multiset                                              : loaded 2 times (x 70B)
Class com.google.common.collect.ArrayListMultimapGwtSerializationDependencies         : loaded 2 times (x 172B)
Class com.google.common.collect.ObjectArrays                                          : loaded 2 times (x 71B)
Class com.google.common.collect.AbstractIndexedListIterator                           : loaded 2 times (x 96B)
Class kotlin.Function                                                                 : loaded 2 times (x 70B)
Class com.google.common.collect.ImmutableMapEntrySet                                  : loaded 2 times (x 151B)
Class org.gradle.api.internal.classpath.Module                                        : loaded 2 times (x 70B)
Class com.google.common.cache.Weigher                                                 : loaded 2 times (x 70B)
Class org.gradle.api.internal.classpath.UnknownModuleException                        : loaded 2 times (x 82B)
Class com.google.common.base.Stopwatch                                                : loaded 2 times (x 72B)
Class com.google.common.cache.LocalCache$Strength                                     : loaded 2 times (x 81B)
Class com.google.common.cache.Cache                                                   : loaded 2 times (x 70B)
Class com.google.common.util.concurrent.AbstractFuture$Cancellation                   : loaded 2 times (x 72B)
Class com.google.common.collect.ImmutableMap$Builder                                  : loaded 2 times (x 82B)
Class com.google.common.base.NullnessCasts                                            : loaded 2 times (x 71B)
Class com.google.common.cache.RemovalListener                                         : loaded 2 times (x 70B)
Class org.gradle.api.internal.DefaultClassPathRegistry                                : loaded 2 times (x 76B)
Class com.google.common.primitives.IntsMethodsForWeb                                  : loaded 2 times (x 71B)
Class com.google.common.collect.Multimap                                              : loaded 2 times (x 70B)
Class org.gradle.api.internal.ClassPathRegistry                                       : loaded 2 times (x 70B)
Class org.gradle.internal.classpath.DefaultClassPath$ImmutableUniqueList              : loaded 2 times (x 199B)
Class sync_studio_tooling3_54iw90cxsaas4j3dcqri6mn3a                                  : loaded 2 times (x 179B)
Class com.google.common.base.ExtraObjectsMethodsForWeb                                : loaded 2 times (x 71B)
Class com.google.common.base.CharMatcher$IsEither                                     : loaded 2 times (x 111B)
Class [Lcom.google.common.base.AbstractIterator$State;                                : loaded 2 times (x 69B)
Class com.google.common.cache.CacheBuilder                                            : loaded 2 times (x 72B)
Class com.google.common.collect.SingletonImmutableList                                : loaded 2 times (x 207B)
Class Settings_gradle$1                                                               : loaded 2 times (x 74B)
Class org.gradle.internal.classpath.ClassPath                                         : loaded 2 times (x 70B)
Class com.google.common.collect.ImmutableList$ReverseImmutableList                    : loaded 2 times (x 208B)
Class com.google.common.base.JdkPattern                                               : loaded 2 times (x 75B)
Class org.objectweb.asm.SymbolTable$Entry                                             : loaded 2 times (x 74B)
Class com.google.common.util.concurrent.AbstractFuture$AtomicHelper                   : loaded 2 times (x 78B)
Class org.gradle.tooling.model.Model                                                  : loaded 2 times (x 70B)
Class org.objectweb.asm.Edge                                                          : loaded 2 times (x 72B)
Class com.google.common.base.Suppliers$SupplierOfInstance                             : loaded 2 times (x 79B)
Class com.google.common.collect.Iterators$1                                           : loaded 2 times (x 81B)
Class kotlin.UninitializedPropertyAccessException                                     : loaded 2 times (x 82B)
Class com.google.common.cache.LocalCache$ComputingValueReference                      : loaded 2 times (x 96B)
Class com.google.common.collect.SingletonImmutableSet                                 : loaded 2 times (x 146B)
Class org.gradle.internal.classloader.FilteringClassLoader                            : loaded 2 times (x 105B)
Class com.google.common.cache.LocalCache$Segment                                      : loaded 2 times (x 154B)
Class [Lorg.objectweb.asm.SymbolTable$Entry;                                          : loaded 2 times (x 69B)
Class com.google.common.cache.CacheLoader                                             : loaded 2 times (x 74B)
Class com.google.common.collect.Iterators$4                                           : loaded 2 times (x 82B)
Class com.google.common.collect.ImmutableBiMap                                        : loaded 2 times (x 143B)
Class com.google.common.collect.AbstractListMultimap                                  : loaded 2 times (x 172B)
Class org.gradle.internal.installation.GradleInstallation$1                           : loaded 2 times (x 75B)
Class org.gradle.api.internal.classpath.ModuleRegistry                                : loaded 2 times (x 70B)
Class com.google.common.util.concurrent.internal.InternalFutureFailureAccess          : loaded 2 times (x 72B)
Class com.google.common.collect.Iterators$5                                           : loaded 2 times (x 82B)
Class com.google.common.collect.ImmutableSet$JdkBackedSetBuilderImpl                  : loaded 2 times (x 76B)
Class com.google.common.base.Splitter$SplittingIterator                               : loaded 2 times (x 84B)
Class com.google.common.util.concurrent.AbstractFuture$UnsafeAtomicHelper             : loaded 2 times (x 78B)
Class com.google.common.cache.LocalCache$LocalManualCache$1                           : loaded 2 times (x 75B)
Class com.google.common.base.CharMatcher$ForPredicate                                 : loaded 2 times (x 112B)
Class com.google.common.collect.ImmutableCollection                                   : loaded 2 times (x 125B)
Class com.google.common.base.CharMatcher$AnyOf                                        : loaded 2 times (x 112B)
Class org.gradle.api.internal.classpath.DefaultModuleRegistry                         : loaded 2 times (x 86B)
Class com.google.common.util.concurrent.ListenableFuture                              : loaded 2 times (x 70B)
Class com.google.common.cache.ReferenceEntry                                          : loaded 2 times (x 70B)
Class com.google.common.collect.ImmutableSet$CachingAsList                            : loaded 2 times (x 147B)
Class com.google.common.base.Converter                                                : loaded 2 times (x 90B)
Class com.google.common.collect.Lists                                                 : loaded 2 times (x 71B)
Class com.google.common.base.CharMatcher$Any                                          : loaded 2 times (x 112B)
Class com.google.common.util.concurrent.AbstractFuture                                : loaded 2 times (x 106B)
Class com.google.common.base.FunctionalEquivalence                                    : loaded 2 times (x 83B)
Class com.google.common.collect.Iterators$9                                           : loaded 2 times (x 81B)
Class com.google.common.collect.AbstractMapBasedMultimap                              : loaded 2 times (x 139B)
Class com.google.common.collect.ImmutableAsList                                       : loaded 2 times (x 209B)
Class org.gradle.util.internal.DefaultGradleVersion$Stage                             : loaded 2 times (x 75B)
Class org.objectweb.asm.RecordComponentVisitor                                        : loaded 2 times (x 77B)
Class com.google.common.cache.CacheLoader$SupplierToCacheLoader                       : loaded 2 times (x 75B)
Class org.gradle.internal.time.MonotonicClock                                         : loaded 2 times (x 77B)
Class com.google.common.collect.Maps$EntryTransformer                                 : loaded 2 times (x 70B)
Class org.gradle.internal.service.ServiceLookupException                              : loaded 2 times (x 82B)
Class [Lcom.google.common.cache.LocalCache$EntryFactory;                              : loaded 2 times (x 69B)
Class com.google.common.base.CharMatcher$JavaLetter                                   : loaded 2 times (x 111B)
Class org.gradle.internal.classloader.ClassLoaderFactory                              : loaded 2 times (x 70B)
Class com.google.common.cache.LocalCache$LocalManualCache                             : loaded 2 times (x 99B)
Class com.google.common.base.CharMatcher$IsNot                                        : loaded 2 times (x 111B)
Class com.google.common.base.CommonPattern                                            : loaded 2 times (x 74B)
Class org.gradle.internal.service.CachingServiceLocator                               : loaded 2 times (x 82B)
Class com.google.common.collect.AbstractMapBasedMultimap$KeySet                       : loaded 2 times (x 137B)
Class com.google.common.math.IntMath                                                  : loaded 2 times (x 71B)
Class org.gradle.internal.time.TimeSource                                             : loaded 2 times (x 70B)
Class com.google.common.collect.Iterators$10                                          : loaded 2 times (x 81B)
Class com.google.common.collect.ImmutableMapEntry                                     : loaded 2 times (x 85B)
Class com.google.common.base.CharMatcher$JavaDigit                                    : loaded 2 times (x 111B)
Class kotlin.enums.EnumEntries                                                        : loaded 2 times (x 70B)
Class com.google.common.base.Equivalence                                              : loaded 2 times (x 82B)
Class com.google.common.collect.ImmutableMapEntry$NonTerminalImmutableMapEntry        : loaded 2 times (x 85B)
Class com.google.common.base.Function                                                 : loaded 2 times (x 70B)
Class org.gradle.internal.exceptions.ResolutionProvider                               : loaded 2 times (x 70B)
Class com.google.common.collect.IndexedImmutableSet$1                                 : loaded 2 times (x 212B)
Class com.google.common.cache.CacheBuilder$OneWeigher                                 : loaded 2 times (x 82B)
Class com.google.common.collect.RegularImmutableList                                  : loaded 2 times (x 212B)
Class com.google.common.collect.ImmutableBiMapFauxverideShim                          : loaded 2 times (x 120B)
Class org.gradle.internal.classloader.ClasspathUtil                                   : loaded 2 times (x 71B)
Class com.google.common.base.Charsets                                                 : loaded 2 times (x 71B)
Class com.google.common.util.concurrent.Uninterruptibles                              : loaded 2 times (x 71B)
Class org.gradle.internal.time.TimeSource$1                                           : loaded 2 times (x 77B)
Class kotlin.jvm.internal.DefaultConstructorMarker                                    : loaded 2 times (x 71B)
Class com.google.common.collect.Maps                                                  : loaded 2 times (x 71B)
Class com.google.common.base.CharMatcher$JavaUpperCase                                : loaded 2 times (x 111B)
Class org.gradle.api.specs.Spec                                                       : loaded 2 times (x 70B)
Class [Lcom.google.common.collect.ImmutableEntry;                                     : loaded 2 times (x 69B)
Class com.google.common.cache.LocalCache$LoadingValueReference                        : loaded 2 times (x 96B)
Class org.gradle.internal.time.Clock                                                  : loaded 2 times (x 70B)
Class com.google.common.collect.RegularImmutableMap$KeySet                            : loaded 2 times (x 150B)
Class com.google.common.base.Platform                                                 : loaded 2 times (x 71B)
Class kotlin.collections.AbstractList                                                 : loaded 2 times (x 197B)
Class kotlin.collections.AbstractCollection                                           : loaded 2 times (x 117B)
Class [Lorg.objectweb.asm.AnnotationWriter;                                           : loaded 2 times (x 69B)
Class com.google.common.primitives.Ints$IntConverter                                  : loaded 2 times (x 90B)
Class com.google.common.collect.Maps$8                                                : loaded 2 times (x 82B)
Class com.google.common.collect.Sets$SetView                                          : loaded 2 times (x 138B)
Class com.google.common.cache.LocalCache$StrongValueReference                         : loaded 2 times (x 90B)
Class com.google.common.util.concurrent.AbstractFuture$SynchronizedHelper             : loaded 2 times (x 78B)
Class com.google.common.base.CharMatcher$Invisible                                    : loaded 2 times (x 112B)
Class org.objectweb.asm.Type                                                          : loaded 2 times (x 72B)
Class org.gradle.internal.classloader.VisitableURLClassLoader$InstrumentingVisitableURLClassLoader: loaded 2 times (x 123B)
Class org.objectweb.asm.ByteVector                                                    : loaded 2 times (x 79B)
Class [Lcom.google.common.cache.CacheBuilder$NullListener;                            : loaded 2 times (x 69B)
Class com.google.common.math.IntMath$1                                                : loaded 2 times (x 71B)
Class org.gradle.internal.classloader.VisitableURLClassLoader$Spec                    : loaded 2 times (x 74B)
Class org.gradle.internal.classpath.DefaultClassPath                                  : loaded 2 times (x 90B)
Class org.gradle.util.internal.DefaultGradleVersion                                   : loaded 2 times (x 80B)
Class org.objectweb.asm.Symbol                                                        : loaded 2 times (x 73B)
Class com.google.common.base.AbstractIterator                                         : loaded 2 times (x 80B)
Class com.google.common.collect.RegularImmutableMap$Values                            : loaded 2 times (x 207B)
Class com.google.common.collect.ImmutableSet                                          : loaded 2 times (x 145B)
Class com.google.common.base.CharMatcher$BitSetMatcher                                : loaded 2 times (x 112B)
Class com.google.common.base.CharMatcher$Ascii                                        : loaded 2 times (x 112B)
Class org.gradle.internal.classloader.ClassLoaderSpec                                 : loaded 2 times (x 71B)
Class org.objectweb.asm.AnnotationWriter                                              : loaded 2 times (x 79B)
Class com.google.common.cache.CacheStats                                              : loaded 2 times (x 71B)
Class kotlin.Unit                                                                     : loaded 2 times (x 71B)
Class org.objectweb.asm.RecordComponentWriter                                         : loaded 2 times (x 78B)
Class com.google.common.util.concurrent.AbstractFuture$Listener                       : loaded 2 times (x 72B)
Class com.google.common.base.CharMatcher$Or                                           : loaded 2 times (x 112B)
Class Settings_gradle$1$1                                                             : loaded 2 times (x 74B)
Class org.objectweb.asm.Attribute                                                     : loaded 2 times (x 77B)
Class com.google.common.base.Supplier                                                 : loaded 2 times (x 70B)
Class org.gradle.internal.classloader.VisitableURLClassLoader                         : loaded 2 times (x 117B)
Class com.google.common.base.Equivalence$Identity                                     : loaded 2 times (x 82B)
Class com.google.common.util.concurrent.AbstractFuture$Waiter                         : loaded 2 times (x 72B)
Class Settings_gradle                                                                 : loaded 2 times (x 128B)
Class org.gradle.internal.Cast                                                        : loaded 2 times (x 71B)
Class kotlin.jvm.functions.Function1                                                  : loaded 2 times (x 70B)
Class com.google.common.collect.Sets                                                  : loaded 2 times (x 71B)
Class org.objectweb.asm.Handler                                                       : loaded 2 times (x 72B)
Class com.google.common.base.Ticker                                                   : loaded 2 times (x 72B)
Class com.google.common.base.Strings                                                  : loaded 2 times (x 71B)
Class com.google.common.base.CharMatcher$FastMatcher                                  : loaded 2 times (x 111B)
Class [Lcom.google.common.cache.LocalCache$Segment;                                   : loaded 2 times (x 69B)
Class [Lcom.google.common.cache.LocalCache$Strength;                                  : loaded 2 times (x 69B)
Class com.google.common.cache.CacheBuilder$1                                          : loaded 2 times (x 85B)
Class com.google.common.collect.ImmutableMap                                          : loaded 2 times (x 120B)
Class com.google.common.base.Predicate                                                : loaded 2 times (x 70B)
Class org.gradle.internal.classpath.DefaultClassPath$ImmutableUniqueList$Builder      : loaded 2 times (x 75B)
Class com.google.common.cache.LocalCache                                              : loaded 2 times (x 187B)
Class com.google.common.cache.CacheBuilder$2                                          : loaded 2 times (x 72B)
Class com.google.common.base.CharMatcher$NegatedFastMatcher                           : loaded 2 times (x 113B)
Class com.google.common.base.PairwiseEquivalence                                      : loaded 2 times (x 83B)
Class org.gradle.internal.exceptions.NonGradleCauseExceptionsHolder                   : loaded 2 times (x 70B)
Class [Lcom.google.common.collect.AbstractMapEntry;                                   : loaded 2 times (x 69B)
Class com.google.common.collect.ImmutableEntry                                        : loaded 2 times (x 82B)
Class com.google.common.collect.ArrayListMultimap                                     : loaded 2 times (x 172B)
Class com.google.common.base.AbstractIterator$1                                       : loaded 2 times (x 71B)
Class com.google.common.base.CharMatcher$Digit                                        : loaded 2 times (x 112B)
Class com.google.common.collect.CollectPreconditions                                  : loaded 2 times (x 71B)
Class com.google.common.base.CharMatcher$JavaIsoControl                               : loaded 2 times (x 112B)
Class com.google.common.collect.SortedMapDifference                                   : loaded 2 times (x 70B)
Class com.google.common.base.CharMatcher$JavaLowerCase                                : loaded 2 times (x 111B)
Class com.google.common.cache.LocalCache$WriteThroughEntry                            : loaded 2 times (x 79B)
Class com.google.common.cache.LocalCache$HashIterator                                 : loaded 2 times (x 86B)
Class com.google.common.cache.LocalCache$EntryFactory                                 : loaded 2 times (x 83B)
Class com.google.common.collect.ImmutableMap$IteratorBasedImmutableMap                : loaded 2 times (x 125B)
Class kotlin.enums.EnumEntriesKt                                                      : loaded 2 times (x 71B)
Class com.google.common.cache.LocalCache$AbstractReferenceEntry                       : loaded 2 times (x 107B)
Class com.google.common.base.Splitter$1$1                                             : loaded 2 times (x 86B)
Class com.google.common.base.CharMatcher$Whitespace                                   : loaded 2 times (x 112B)
Class org.objectweb.asm.SymbolTable                                                   : loaded 2 times (x 72B)
Class com.google.common.cache.CacheLoader$InvalidCacheLoadException                   : loaded 2 times (x 82B)
Class com.google.common.collect.ImmutableSet$RegularSetBuilderImpl                    : loaded 2 times (x 77B)
Class com.google.common.base.CharMatcher$SingleWidth                                  : loaded 2 times (x 112B)
Class org.gradle.internal.classloader.SystemClassLoaderSpec                           : loaded 2 times (x 71B)
Class org.gradle.internal.exceptions.MultiCauseException                              : loaded 2 times (x 70B)
Class org.gradle.internal.time.CountdownTimer                                         : loaded 2 times (x 70B)
Class kotlin.jvm.internal.Intrinsics                                                  : loaded 2 times (x 71B)
Class com.google.common.cache.LocalCache$StrongEntry                                  : loaded 2 times (x 108B)
Class com.google.common.util.concurrent.AbstractFuture$TrustedFuture                  : loaded 2 times (x 114B)
Class com.google.common.cache.LoadingCache                                            : loaded 2 times (x 70B)
Class org.gradle.tooling.model.ProjectModel                                           : loaded 2 times (x 70B)
Class org.objectweb.asm.MethodWriter                                                  : loaded 2 times (x 106B)
Class [Lcom.google.common.cache.Weigher;                                              : loaded 2 times (x 69B)
Class com.google.common.collect.RegularImmutableMap$BucketOverflowException           : loaded 2 times (x 82B)
Class kotlin.KotlinNullPointerException                                               : loaded 2 times (x 83B)
Class org.gradle.internal.exceptions.DefaultMultiCauseException                       : loaded 2 times (x 95B)
Class com.google.common.collect.RegularImmutableBiMap                                 : loaded 2 times (x 148B)
Class com.google.common.cache.LocalCache$ValueReference                               : loaded 2 times (x 70B)
Class com.google.common.base.CharMatcher$Negated                                      : loaded 2 times (x 113B)
Class com.google.common.base.CharMatcher$Is                                           : loaded 2 times (x 111B)
Class com.google.common.hash.PrimitiveSink                                            : loaded 2 times (x 70B)
Class com.google.common.util.concurrent.AbstractFuture$Failure                        : loaded 2 times (x 72B)
Class com.google.common.base.Equivalence$Equals                                       : loaded 2 times (x 82B)
Class com.google.common.collect.Hashing                                               : loaded 2 times (x 71B)
Class com.google.common.base.PatternCompiler                                          : loaded 2 times (x 70B)
Class com.google.common.base.Preconditions                                            : loaded 2 times (x 71B)
Class org.gradle.internal.time.Time                                                   : loaded 2 times (x 71B)
Class com.google.common.base.Joiner$1                                                 : loaded 2 times (x 80B)
Class org.objectweb.asm.Label                                                         : loaded 2 times (x 73B)
Class org.objectweb.asm.CurrentFrame                                                  : loaded 2 times (x 73B)
Class org.objectweb.asm.ClassTooLargeException                                        : loaded 2 times (x 83B)
Class com.google.common.collect.PeekingIterator                                       : loaded 2 times (x 70B)
Class com.google.common.base.CharMatcher                                              : loaded 2 times (x 111B)
Class com.google.common.base.Joiner$2                                                 : loaded 2 times (x 79B)
Class org.objectweb.asm.Frame                                                         : loaded 2 times (x 73B)
Class org.objectweb.asm.MethodVisitor                                                 : loaded 2 times (x 105B)
Class com.google.common.cache.LocalCache$EntryFactory$1                               : loaded 2 times (x 83B)
Class [Lcom.google.common.cache.RemovalListener;                                      : loaded 2 times (x 69B)
Class com.google.common.base.CharMatcher$1                                            : loaded 2 times (x 113B)
Class com.google.common.base.CharMatcher$NamedFastMatcher                             : loaded 2 times (x 112B)
Class com.google.common.cache.LocalCache$EntryFactory$2                               : loaded 2 times (x 83B)
Class org.gradle.api.internal.classpath.GlobalCacheRootsProvider                      : loaded 2 times (x 70B)
Class org.objectweb.asm.ModuleWriter                                                  : loaded 2 times (x 82B)
Class com.google.common.cache.LocalCache$EntryFactory$3                               : loaded 2 times (x 83B)
Class com.google.common.base.Ticker$1                                                 : loaded 2 times (x 72B)
Class com.google.common.collect.ImmutableMapEntrySet$RegularEntrySet                  : loaded 2 times (x 151B)
Class com.google.common.collect.Maps$BiMapConverter                                   : loaded 2 times (x 90B)
Class com.google.common.cache.LocalCache$EntryFactory$4                               : loaded 2 times (x 83B)
Class com.google.common.collect.ImmutableSet$Builder                                  : loaded 2 times (x 85B)
Class com.google.common.base.CharMatcher$InRange                                      : loaded 2 times (x 111B)
Class com.google.common.cache.LocalCache$EntryFactory$5                               : loaded 2 times (x 83B)
Class org.gradle.internal.time.Timer                                                  : loaded 2 times (x 70B)
Class kotlin.jvm.internal.markers.KMappedMarker                                       : loaded 2 times (x 70B)
Class kotlin.NotImplementedError                                                      : loaded 2 times (x 82B)
Class com.google.common.cache.LocalCache$EntryFactory$6                               : loaded 2 times (x 83B)
Class org.gradle.internal.installation.CurrentGradleInstallationLocator               : loaded 2 times (x 71B)
Class com.google.common.collect.Maps$KeySet                                           : loaded 2 times (x 137B)
Class com.google.common.cache.LocalCache$EntryFactory$7                               : loaded 2 times (x 83B)
Class com.google.common.collect.ImmutableSet$EmptySetBuilderImpl                      : loaded 2 times (x 76B)
Class com.google.common.collect.ImmutableList                                         : loaded 2 times (x 206B)
Class org.gradle.internal.service.DefaultServiceLocator                               : loaded 2 times (x 83B)
Class org.gradle.util.GradleVersion                                                   : loaded 2 times (x 79B)
Class com.google.common.cache.LocalCache$EntryFactory$8                               : loaded 2 times (x 83B)
Class com.google.common.collect.ImmutableSet$SetBuilderImpl                           : loaded 2 times (x 76B)
Class org.gradle.internal.installation.CurrentGradleInstallation                      : loaded 2 times (x 73B)
Class com.google.common.cache.CacheLoader$1                                           : loaded 2 times (x 75B)
Class com.google.common.collect.ImmutableList$SubList                                 : loaded 2 times (x 208B)
Class org.gradle.util.internal.GUtil                                                  : loaded 2 times (x 71B)
Class com.google.common.util.concurrent.AbstractFuture$SetFuture                      : loaded 2 times (x 75B)
Class com.google.common.cache.AbstractCache$StatsCounter                              : loaded 2 times (x 70B)
Class org.gradle.tooling.GradleConnectionException                                    : loaded 2 times (x 83B)
Class com.google.common.collect.Iterators$MergingIterator                             : loaded 2 times (x 81B)
Class com.google.common.collect.RegularImmutableSet                                   : loaded 2 times (x 148B)
Class org.gradle.internal.installation.GradleInstallation                             : loaded 2 times (x 75B)
Class com.google.common.collect.Iterables                                             : loaded 2 times (x 71B)
Class com.google.common.base.Splitter$Strategy                                        : loaded 2 times (x 70B)

---------------  S Y S T E M  ---------------

OS:
 Windows 11 , 64 bit Build 26100 (10.0.26100.8875)
OS uptime: 3 days 1:29 hours
Hyper-V role detected

CPU: total 8 (initial active 8) (4 cores per cpu, 2 threads per core) family 6 model 140 stepping 1 microcode 0xbe, cx8, cmov, fxsr, ht, mmx, 3dnowpref, sse, sse2, sse3, ssse3, sse4.1, sse4.2, popcnt, lzcnt, tsc, tscinvbit, avx, avx2, aes, erms, clmul, bmi1, bmi2, adx, avx512f, avx512dq, avx512cd, avx512bw, avx512vl, sha, fma, vzeroupper, avx512_vpopcntdq, avx512_vpclmulqdq, avx512_vaes, avx512_vnni, clflush, clflushopt, clwb, avx512_vbmi2, avx512_vbmi, hv, rdtscp, rdpid, fsrm, gfni, avx512_bitalg, f16c, cet_ibt, cet_ss, avx512_ifma
Processor Information for processor 0
  Max Mhz: 2803, Current Mhz: 1201, Mhz Limit: 2803
Processor Information for processor 1
  Max Mhz: 2803, Current Mhz: 2803, Mhz Limit: 2803
Processor Information for processor 2
  Max Mhz: 2803, Current Mhz: 2803, Mhz Limit: 2803
Processor Information for processor 3
  Max Mhz: 2803, Current Mhz: 2803, Mhz Limit: 2803
Processor Information for processor 4
  Max Mhz: 2803, Current Mhz: 1201, Mhz Limit: 2803
Processor Information for processor 5
  Max Mhz: 2803, Current Mhz: 2803, Mhz Limit: 2803
Processor Information for processor 6
  Max Mhz: 2803, Current Mhz: 2803, Mhz Limit: 2803
Processor Information for processor 7
  Max Mhz: 2803, Current Mhz: 1201, Mhz Limit: 2803

Memory: 4k page, system-wide physical 7914M (319M free)
TotalPageFile size 32490M (AvailPageFile size 21M)
current process WorkingSet (physical memory assigned to process): 312M, peak: 473M
current process commit charge ("private bytes"): 506M, peak: 559M

vm_info: OpenJDK 64-Bit Server VM (21.0.8+-14196175-b1038.72) for windows-amd64 JRE (21.0.8+-14196175-b1038.72), built on 2025-10-01T10:24:33Z by "builder" with MS VC++ 16.10 / 16.11 (VS2019)

END.
