version 2
JvmtiExport can_access_local_variables 0
JvmtiExport can_hotswap_or_post_breakpoint 1
JvmtiExport can_post_on_exceptions 0
# 722 ciObject found
instanceKlass org/eclipse/osgi/internal/loader/BundleLoader
ciInstanceKlass java/lang/Cloneable 1 0 7 100 1 100 1 1 1
instanceKlass org/apache/maven/artifact/resolver/ResolutionNode
instanceKlass org/apache/maven/repository/legacy/resolver/conflict/NearestConflictResolver
instanceKlass org/apache/maven/lifecycle/internal/DefaultLifecycleExecutionPlanCalculator
instanceKlass org/apache/maven/toolchain/Toolchain
instanceKlass org/apache/maven/toolchain/DefaultToolchainManager
instanceKlass org/apache/maven/repository/legacy/repository/DefaultArtifactRepositoryFactory
instanceKlass org/apache/maven/repository/metadata/ClasspathContainer
instanceKlass org/apache/maven/repository/metadata/MetadataGraph
instanceKlass org/apache/maven/repository/metadata/DefaultClasspathTransformation
instanceKlass org/apache/maven/artifact/handler/manager/DefaultArtifactHandlerManager
instanceKlass org/eclipse/aether/DefaultRepositorySystemSession
instanceKlass org/apache/maven/DefaultMaven
instanceKlass org/apache/maven/plugin/prefix/PluginPrefixRequest
instanceKlass org/apache/maven/artifact/repository/layout/DefaultRepositoryLayout
instanceKlass org/apache/maven/model/building/Result
instanceKlass org/apache/maven/execution/ProjectDependencyGraph
instanceKlass org/apache/maven/graph/DefaultGraphBuilder
instanceKlass org/apache/maven/project/DefaultDependencyResolutionResult
instanceKlass org/apache/maven/project/DefaultProjectDependenciesResolver
instanceKlass org/apache/maven/repository/legacy/resolver/transform/DefaultArtifactTransformationManager
instanceKlass org/codehaus/plexus/component/repository/ComponentSetDescriptor
instanceKlass org/apache/maven/plugin/DefaultBuildPluginManager
instanceKlass org/apache/maven/execution/DefaultRuntimeInformation
instanceKlass org/apache/maven/plugin/internal/DefaultLegacySupport
instanceKlass org/apache/maven/project/ReactorModelPool
instanceKlass org/apache/maven/project/DependencyResolutionResult
instanceKlass org/apache/maven/model/building/ModelBuildingResult
instanceKlass org/apache/maven/project/DefaultProjectBuilder$InternalConfig
instanceKlass org/apache/maven/model/resolution/ModelResolver
instanceKlass org/apache/maven/project/DependencyResolutionRequest
instanceKlass org/apache/maven/model/RepositoryBase
instanceKlass org/apache/maven/model/building/ModelBuildingListener
instanceKlass org/apache/maven/model/building/ModelSource
instanceKlass org/apache/maven/model/building/ModelCache
instanceKlass org/apache/maven/project/DefaultProjectBuilder
instanceKlass org/apache/maven/artifact/repository/metadata/Metadata
instanceKlass org/apache/maven/artifact/repository/metadata/RepositoryMetadata
instanceKlass org/apache/maven/artifact/repository/RepositoryRequest
instanceKlass org/apache/maven/artifact/metadata/ArtifactMetadata
instanceKlass org/apache/maven/repository/legacy/metadata/ArtifactMetadata
instanceKlass org/eclipse/aether/metadata/Metadata
instanceKlass org/apache/maven/lifecycle/mapping/DefaultLifecycleMapping
instanceKlass org/objectweb/asm/Handler
instanceKlass org/objectweb/asm/Frame
instanceKlass org/objectweb/asm/ByteVector
instanceKlass org/objectweb/asm/Symbol
instanceKlass org/objectweb/asm/SymbolTable
instanceKlass org/objectweb/asm/FieldVisitor
instanceKlass org/objectweb/asm/MethodVisitor
instanceKlass org/objectweb/asm/ModuleVisitor
instanceKlass org/objectweb/asm/RecordComponentVisitor
instanceKlass org/apache/maven/wagon/InputData
instanceKlass org/apache/maven/wagon/OutputData
instanceKlass org/apache/maven/wagon/events/SessionListener
instanceKlass org/apache/maven/wagon/events/TransferListener
instanceKlass org/apache/maven/wagon/resource/Resource
instanceKlass org/apache/maven/wagon/repository/RepositoryPermissions
instanceKlass org/apache/maven/wagon/events/TransferEventSupport
instanceKlass org/apache/maven/wagon/events/SessionEventSupport
instanceKlass org/apache/maven/wagon/repository/Repository
instanceKlass org/apache/maven/wagon/proxy/ProxyInfoProvider
instanceKlass org/apache/maven/wagon/AbstractWagon
instanceKlass org/apache/maven/wagon/StreamingWagon
instanceKlass org/apache/maven/lifecycle/mapping/LifecyclePhase
instanceKlass org/apache/maven/lifecycle/internal/DefaultLifecyclePluginAnalyzer$GoalSpec
instanceKlass org/apache/maven/lifecycle/internal/DefaultLifecyclePluginAnalyzer
instanceKlass org/apache/maven/artifact/resolver/filter/ArtifactFilter
instanceKlass org/apache/maven/DefaultProjectDependenciesResolver
instanceKlass org/apache/maven/lifecycle/internal/ProjectSegment
instanceKlass org/apache/maven/lifecycle/internal/builder/multithreaded/ThreadOutputMuxer
instanceKlass org/apache/maven/lifecycle/internal/TaskSegment
instanceKlass org/apache/maven/lifecycle/internal/builder/multithreaded/ConcurrencyDependencyGraph
instanceKlass org/apache/maven/lifecycle/internal/ReactorBuildStatus
instanceKlass org/apache/maven/lifecycle/internal/ProjectBuildList
instanceKlass org/apache/maven/lifecycle/internal/ReactorContext
instanceKlass java/util/concurrent/CompletionService
instanceKlass org/apache/maven/lifecycle/internal/builder/multithreaded/MultiThreadedBuilder
instanceKlass org/eclipse/aether/RepositoryEvent
instanceKlass org/apache/maven/classrealm/ClassRealmRequest
instanceKlass org/codehaus/plexus/util/Scanner
instanceKlass org/codehaus/plexus/logging/AbstractLogEnabled
instanceKlass org/eclipse/aether/resolution/ArtifactResult
instanceKlass org/eclipse/aether/collection/DependencySelector
instanceKlass org/eclipse/aether/resolution/ArtifactDescriptorPolicy
instanceKlass org/apache/maven/plugin/PluginArtifactsCache$CacheRecord
instanceKlass org/apache/maven/plugin/PluginArtifactsCache$Key
instanceKlass org/apache/maven/plugin/PluginRealmCache$CacheRecord
instanceKlass org/apache/maven/plugin/PluginRealmCache$PluginRealmSupplier
instanceKlass org/apache/maven/plugin/PluginRealmCache$Key
instanceKlass org/apache/maven/project/ProjectRealmCache$CacheRecord
instanceKlass org/apache/maven/project/ProjectRealmCache$Key
instanceKlass org/eclipse/m2e/core/internal/project/ProjectCachePlunger
instanceKlass org/apache/maven/plugin/ExtensionRealmCache$CacheRecord
instanceKlass org/apache/maven/plugin/ExtensionRealmCache$Key
instanceKlass org/apache/maven/artifact/repository/ArtifactRepositoryPolicy
instanceKlass org/apache/maven/project/artifact/DefaultMavenMetadataCache$CacheKey
instanceKlass org/apache/maven/repository/legacy/metadata/ResolutionGroup
instanceKlass com/google/inject/spi/ProviderWithExtensionVisitor
instanceKlass  @bci com/google/inject/spi/InjectionPoint forConstructorOf (Lcom/google/inject/TypeLiteral;Z)Lcom/google/inject/spi/InjectionPoint; 83 <appendix> member <vmtarget> ; # com/google/inject/spi/InjectionPoint$$Lambda+0x000001ba814bcd70
instanceKlass  @bci com/google/inject/spi/InjectionPoint forConstructorOf (Lcom/google/inject/TypeLiteral;Z)Lcom/google/inject/spi/InjectionPoint; 67 <appendix> argL0 ; # com/google/inject/spi/InjectionPoint$$Lambda+0x000001ba814bcb20
instanceKlass  @bci com/google/inject/spi/InjectionPoint forConstructorOf (Lcom/google/inject/TypeLiteral;Z)Lcom/google/inject/spi/InjectionPoint; 57 <appendix> argL0 ; # com/google/inject/spi/InjectionPoint$$Lambda+0x000001ba814bc8d0
instanceKlass  @bci com/google/inject/spi/InjectionPoint forConstructorOf (Lcom/google/inject/TypeLiteral;Z)Lcom/google/inject/spi/InjectionPoint; 24 <appendix> argL0 ; # com/google/inject/spi/InjectionPoint$$Lambda+0x000001ba814bc680
instanceKlass org/codehaus/plexus/component/repository/ComponentDescriptor
instanceKlass org/eclipse/sisu/plexus/PlexusBean
instanceKlass com/google/inject/spi/ProvidesMethodBinding
instanceKlass org/eclipse/sisu/inject/Guice4
instanceKlass com/google/inject/internal/GuiceInternal
instanceKlass org/sonatype/inject/Parameters
instanceKlass org/eclipse/sisu/plexus/PlexusXmlBeanConverter
instanceKlass org/eclipse/sisu/plexus/PlexusBeanConverter
instanceKlass com/google/inject/spi/TypeConverterBinding
instanceKlass java/lang/reflect/AnnotatedParameterizedType
instanceKlass org/eclipse/sisu/inject/DefaultRankingFunction
instanceKlass org/eclipse/jdt/internal/compiler/classfmt/ModuleInfo$ServiceInfo
instanceKlass org/eclipse/jdt/internal/compiler/classfmt/ModuleInfo$PackageExportInfo
instanceKlass org/eclipse/jdt/internal/compiler/classfmt/ModuleInfo$ModuleReferenceInfo
instanceKlass org/eclipse/jdt/internal/compiler/env/IModule$IService
instanceKlass org/eclipse/jdt/internal/compiler/env/IModule$IModuleReference
instanceKlass com/google/inject/spi/ProvisionListenerBinding
instanceKlass org/eclipse/jdt/internal/compiler/env/IModule$IPackageExport
instanceKlass com/google/inject/spi/TypeListenerBinding
instanceKlass org/eclipse/jdt/internal/compiler/codegen/AttributeNamesConstants
instanceKlass org/eclipse/sisu/bean/BeanListener
instanceKlass org/eclipse/jdt/internal/compiler/env/IBinaryNestedType
instanceKlass org/eclipse/jdt/internal/compiler/env/IBinaryModule
instanceKlass org/eclipse/jdt/internal/compiler/env/IBinaryTypeAnnotation
instanceKlass com/google/inject/matcher/Matchers
instanceKlass org/eclipse/jdt/internal/compiler/env/IBinaryAnnotation
instanceKlass org/eclipse/jdt/internal/compiler/env/IRecordComponent
instanceKlass org/eclipse/jdt/internal/compiler/env/IBinaryMethod
instanceKlass org/eclipse/jdt/internal/compiler/env/IGenericMethod
instanceKlass org/eclipse/sisu/bean/PropertyBinder
instanceKlass org/eclipse/sisu/plexus/PlexusBeanBinder
instanceKlass org/eclipse/jdt/internal/compiler/env/IBinaryField
instanceKlass org/eclipse/jdt/internal/compiler/env/IGenericField
instanceKlass com/google/inject/spi/InjectionListener
instanceKlass org/sonatype/plexus/components/sec/dispatcher/DefaultSecDispatcher
instanceKlass org/eclipse/jdt/internal/compiler/classfmt/ClassFileStruct
instanceKlass org/sonatype/plexus/components/cipher/DefaultPlexusCipher
instanceKlass org/sonatype/plexus/components/cipher/PlexusCipher
# instanceKlass java/lang/invoke/LambdaForm$MH+0x000001ba814b4000
instanceKlass org/codehaus/plexus/build/DefaultBuildContext
instanceKlass jdk/internal/jrtfs/JrtFileSystem$1
instanceKlass org/codehaus/plexus/build/BuildContext
instanceKlass jdk/internal/jimage/decompressor/ZipDecompressor
instanceKlass jdk/internal/jimage/decompressor/ResourceDecompressor
instanceKlass org/codehaus/plexus/component/configurator/AbstractComponentConfigurator
instanceKlass jdk/internal/jimage/decompressor/ResourceDecompressorFactory
instanceKlass org/codehaus/plexus/component/configurator/ComponentConfigurator
instanceKlass jdk/internal/jimage/decompressor/ResourceDecompressorRepository
instanceKlass jdk/internal/jimage/decompressor/CompressedResourceHeader
instanceKlass org/apache/maven/settings/validation/DefaultSettingsValidator
instanceKlass org/apache/maven/settings/validation/SettingsValidator
instanceKlass  @bci jdk/internal/jimage/BasicImageReader getResourceBuffer (Ljdk/internal/jimage/ImageLocation;)Ljava/nio/ByteBuffer; 168 <appendix> member <vmtarget> ; # jdk/internal/jimage/BasicImageReader$$Lambda+0x000001ba81451470
instanceKlass jdk/internal/jimage/decompressor/ResourceDecompressor$StringsProvider
instanceKlass  @bci org/eclipse/jdt/internal/compiler/util/SoftClassCache$JdkClasses get (Ljava/nio/file/Path;)[B 5 <appendix> argL0 ; # org/eclipse/jdt/internal/compiler/util/SoftClassCache$JdkClasses$$Lambda+0x000001ba8130b7d0
instanceKlass org/eclipse/jdt/internal/compiler/util/SoftClassCache$ClassBytes
instanceKlass org/apache/maven/settings/io/DefaultSettingsWriter
instanceKlass org/apache/maven/settings/io/SettingsWriter
instanceKlass  @bci org/eclipse/jdt/internal/compiler/util/SoftClassCache getClassBytes (Lorg/eclipse/jdt/internal/compiler/util/Jdk;Ljava/nio/file/Path;)[B 8 <appendix> argL0 ; # org/eclipse/jdt/internal/compiler/util/SoftClassCache$$Lambda+0x000001ba8130b380
instanceKlass org/eclipse/jdt/internal/compiler/util/SoftClassCache$JdkClasses
instanceKlass org/apache/maven/settings/io/DefaultSettingsReader
instanceKlass org/apache/maven/settings/io/SettingsReader
instanceKlass org/eclipse/jdt/internal/core/nd/java/model/BinaryModuleDescriptor
instanceKlass org/apache/maven/settings/crypto/DefaultSettingsDecrypter
instanceKlass org/apache/maven/settings/crypto/SettingsDecrypter
instanceKlass org/eclipse/jdt/internal/core/util/MementoTokenizer
instanceKlass org/apache/maven/settings/building/DefaultSettingsBuilder
instanceKlass org/eclipse/jdt/internal/compiler/env/IBinaryType
instanceKlass org/eclipse/jdt/internal/core/nd/java/model/BinaryTypeFactory
instanceKlass org/eclipse/jdt/internal/core/nd/java/model/BinaryModuleFactory
# instanceKlass java/lang/invoke/LambdaForm$MH+0x000001ba814ad400
instanceKlass org/eclipse/aether/transport/wagon/WagonTransporterFactory
instanceKlass org/eclipse/core/internal/resources/OS
instanceKlass org/eclipse/aether/internal/transport/wagon/PlexusWagonProvider
instanceKlass org/eclipse/aether/transport/wagon/WagonProvider
instanceKlass  @bci org/eclipse/jdt/internal/core/JarPackageFragment computeNonJavaResources (Ljava/util/List;)[Ljava/lang/Object; 465 <appendix> argL0 ; # org/eclipse/jdt/internal/core/JarPackageFragment$$Lambda+0x000001ba814a4fb0
instanceKlass org/eclipse/aether/internal/transport/wagon/PlexusWagonConfigurator
instanceKlass org/eclipse/aether/transport/wagon/WagonConfigurator
instanceKlass org/eclipse/jdt/core/IJarEntryResource
instanceKlass org/eclipse/aether/transport/http/ChecksumExtractor
instanceKlass org/eclipse/aether/transport/http/HttpTransporterFactory
instanceKlass  @bci org/eclipse/core/runtime/ServiceCaller callOnce (Ljava/lang/Class;Ljava/lang/Class;Ljava/lang/String;Ljava/util/function/Consumer;)Z 14 <appendix> member <vmtarget> ; # org/eclipse/core/runtime/ServiceCaller$$Lambda+0x000001ba811a29f8
instanceKlass  @bci org/eclipse/core/internal/content/ContentTypeManager$DebuggingHolder <clinit> ()V 9 <appendix> member <vmtarget> ; # org/eclipse/core/internal/content/ContentTypeManager$DebuggingHolder$$Lambda+0x000001ba814a8e38
instanceKlass  @cpi org/eclipse/core/internal/content/ContentTypeManager$DebuggingHolder 59 form vmentry <vmtarget> ; # java/lang/invoke/LambdaForm$DMH+0x000001ba814ad000
instanceKlass org/eclipse/aether/transport/file/FileTransporterFactory
instanceKlass org/eclipse/core/internal/content/ContentTypeManager$DebuggingHolder
instanceKlass org/eclipse/aether/spi/connector/transport/TransporterFactory
instanceKlass org/apache/maven/repository/internal/VersionsMetadataGeneratorFactory
instanceKlass  @bci org/eclipse/core/internal/content/ContentTypeBuilder applyPreferences (Lorg/eclipse/core/internal/content/ContentTypeCatalog;Lorg/eclipse/core/runtime/preferences/IEclipsePreferences;Z)V 4 <adapter> ; # java/lang/invoke/LambdaForm$MH+0x000001ba814acc00
# instanceKlass java/lang/invoke/LambdaForm$DMH+0x000001ba814ac800
instanceKlass org/apache/maven/repository/internal/SnapshotMetadataGeneratorFactory
instanceKlass  @bci org/eclipse/core/internal/content/ContentTypeBuilder applyPreferences (Lorg/eclipse/core/internal/content/ContentTypeCatalog;Lorg/eclipse/core/runtime/preferences/IEclipsePreferences;Z)V 4 <appendix> form vmentry <vmtarget> ; # java/lang/invoke/LambdaForm$DMH+0x000001ba814ac400
instanceKlass  @bci org/eclipse/core/internal/content/ContentTypeBuilder applyPreferences (Lorg/eclipse/core/internal/content/ContentTypeCatalog;Lorg/eclipse/core/runtime/preferences/IEclipsePreferences;Z)V 4 <appendix> member <vmtarget> ; # org/eclipse/core/internal/content/ContentTypeBuilder$$Lambda+0x000001ba814a8a08
instanceKlass  @cpi org/eclipse/core/internal/content/ContentTypeBuilder 413 form vmentry <vmtarget> ; # java/lang/invoke/LambdaForm$DMH+0x000001ba814ac000
instanceKlass org/apache/maven/repository/internal/PluginsMetadataGeneratorFactory
instanceKlass org/eclipse/aether/impl/MetadataGeneratorFactory
instanceKlass org/eclipse/core/runtime/preferences/IPreferenceNodeVisitor
instanceKlass org/apache/maven/repository/internal/DefaultVersionResolver
instanceKlass org/eclipse/aether/impl/VersionResolver
instanceKlass org/eclipse/core/internal/content/FileSpec
instanceKlass org/apache/maven/repository/internal/DefaultVersionRangeResolver
instanceKlass org/eclipse/aether/impl/VersionRangeResolver
instanceKlass org/eclipse/core/internal/content/ContentType
instanceKlass org/apache/maven/repository/internal/DefaultModelCacheFactory
instanceKlass org/apache/maven/repository/internal/ModelCacheFactory
instanceKlass org/apache/maven/repository/internal/DefaultArtifactDescriptorReader
instanceKlass org/eclipse/aether/impl/ArtifactDescriptorReader
instanceKlass org/eclipse/core/internal/content/Util
instanceKlass org/eclipse/aether/named/support/NamedLockFactorySupport
instanceKlass org/eclipse/aether/named/NamedLockFactory
instanceKlass  @bci org/eclipse/core/internal/content/ContentTypeCatalog <init> (Lorg/eclipse/core/internal/content/ContentTypeManager;I)V 118 <appendix> argL0 ; # org/eclipse/core/internal/content/ContentTypeCatalog$$Lambda+0x000001ba81169ad8
instanceKlass  @bci org/eclipse/core/internal/content/ContentTypeCatalog <init> (Lorg/eclipse/core/internal/content/ContentTypeManager;I)V 109 <appendix> argL0 ; # org/eclipse/core/internal/content/ContentTypeCatalog$$Lambda+0x000001ba81169840
instanceKlass  @bci org/eclipse/core/internal/content/ContentTypeCatalog <init> (Lorg/eclipse/core/internal/content/ContentTypeManager;I)V 100 <appendix> argL0 ; # org/eclipse/core/internal/content/ContentTypeCatalog$$Lambda+0x000001ba811695a8
instanceKlass  @bci org/eclipse/core/internal/content/ContentTypeCatalog <init> (Lorg/eclipse/core/internal/content/ContentTypeManager;I)V 91 <appendix> argL0 ; # org/eclipse/core/internal/content/ContentTypeCatalog$$Lambda+0x000001ba81169310
instanceKlass org/eclipse/aether/internal/impl/synccontext/named/providers/StaticNameMapperProvider
instanceKlass  @bci org/eclipse/core/internal/content/ContentTypeCatalog <init> (Lorg/eclipse/core/internal/content/ContentTypeManager;I)V 82 <appendix> argL0 ; # org/eclipse/core/internal/content/ContentTypeCatalog$$Lambda+0x000001ba81169078
instanceKlass org/eclipse/aether/internal/impl/synccontext/named/providers/GAVNameMapperProvider
instanceKlass org/eclipse/aether/internal/impl/synccontext/named/providers/GAECVNameMapperProvider
instanceKlass org/eclipse/aether/internal/impl/synccontext/named/providers/FileStaticNameMapperProvider
instanceKlass org/eclipse/aether/internal/impl/synccontext/named/providers/FileHashingGAVNameMapperProvider
instanceKlass org/eclipse/aether/internal/impl/synccontext/named/providers/FileHashingGAECVNameMapperProvider
instanceKlass org/eclipse/aether/internal/impl/synccontext/named/providers/FileGAVNameMapperProvider
instanceKlass org/eclipse/jdt/core/ILocalVariable
instanceKlass org/eclipse/aether/internal/impl/synccontext/named/providers/FileGAECVNameMapperProvider
instanceKlass org/eclipse/aether/internal/impl/synccontext/named/NameMapper
instanceKlass org/eclipse/aether/internal/impl/synccontext/named/providers/DiscriminatingNameMapperProvider
instanceKlass org/eclipse/jdt/core/IMethod
instanceKlass org/eclipse/aether/internal/impl/synccontext/named/NamedLockFactoryAdapterFactoryImpl
instanceKlass org/eclipse/jdt/core/IField
instanceKlass org/eclipse/aether/internal/impl/synccontext/named/NamedLockFactoryAdapterFactory
instanceKlass org/eclipse/aether/internal/impl/synccontext/legacy/DefaultSyncContextFactory
instanceKlass org/eclipse/aether/impl/SyncContextFactory
instanceKlass org/eclipse/aether/internal/impl/synccontext/DefaultSyncContextFactory
instanceKlass org/eclipse/aether/spi/synccontext/SyncContextFactory
instanceKlass org/eclipse/aether/internal/impl/slf4j/Slf4jLoggerFactory
instanceKlass org/eclipse/jdt/core/ICompletionRequestor
instanceKlass org/eclipse/aether/internal/impl/resolution/ArtifactResolverPostProcessorSupport
instanceKlass org/eclipse/aether/internal/impl/filter/RemoteRepositoryFilterSourceSupport
instanceKlass org/eclipse/aether/spi/connector/filter/RemoteRepositoryFilterSource
instanceKlass org/eclipse/aether/spi/resolution/ArtifactResolverPostProcessor
instanceKlass org/eclipse/jdt/core/IModularClassFile
instanceKlass org/eclipse/aether/internal/impl/filter/DefaultRemoteRepositoryFilterManager
instanceKlass org/eclipse/aether/impl/RemoteRepositoryFilterManager
instanceKlass  @bci org/eclipse/jdt/internal/core/JarPackageFragmentRoot createChildren (Ljava/util/Collection;)[Lorg/eclipse/jdt/core/IJavaElement; 30 <appendix> argL0 ; # org/eclipse/jdt/internal/core/JarPackageFragmentRoot$$Lambda+0x000001ba81498cd0
instanceKlass  @bci org/eclipse/jdt/internal/core/JarPackageFragmentRoot lambda$0 (Ljava/util/List;)[Ljava/lang/String; 1 <appendix> argL0 ; # org/eclipse/jdt/internal/core/JarPackageFragmentRoot$$Lambda+0x000001ba81498ab0
instanceKlass  @bci org/eclipse/jdt/internal/core/JarPackageFragmentRoot createChildren (Ljava/util/Collection;)[Lorg/eclipse/jdt/core/IJavaElement; 10 <appendix> argL0 ; # org/eclipse/jdt/internal/core/JarPackageFragmentRoot$$Lambda+0x000001ba81498870
instanceKlass org/eclipse/aether/internal/impl/collect/DependencyCollectorDelegate
instanceKlass org/eclipse/aether/internal/impl/collect/DefaultDependencyCollector
instanceKlass org/eclipse/aether/impl/DependencyCollector
instanceKlass org/eclipse/aether/internal/impl/checksum/TrustedToProvidedChecksumsSourceAdapter
instanceKlass org/eclipse/aether/spi/checksums/ProvidedChecksumsSource
instanceKlass org/eclipse/aether/internal/impl/checksum/FileTrustedChecksumsSourceSupport
instanceKlass org/eclipse/aether/spi/checksums/TrustedChecksumsSource
instanceKlass org/eclipse/jdt/internal/core/util/WeakHashSetOfCharArray
instanceKlass org/eclipse/jdt/internal/core/util/WeakHashSet
instanceKlass org/eclipse/jdt/internal/core/util/DeduplicationUtil
instanceKlass org/eclipse/aether/spi/connector/checksum/ChecksumAlgorithmFactorySupport
instanceKlass org/eclipse/aether/spi/connector/checksum/ChecksumAlgorithmFactory
instanceKlass org/eclipse/aether/internal/impl/checksum/DefaultChecksumAlgorithmFactorySelector
instanceKlass org/eclipse/aether/spi/connector/checksum/ChecksumAlgorithmFactorySelector
instanceKlass org/eclipse/aether/internal/impl/SimpleLocalRepositoryManagerFactory
instanceKlass org/eclipse/aether/internal/impl/Maven2RepositoryLayoutFactory
instanceKlass org/eclipse/aether/spi/connector/layout/RepositoryLayoutFactory
instanceKlass org/eclipse/aether/spi/log/LoggerFactory
instanceKlass org/eclipse/aether/internal/impl/LoggerFactoryProvider
instanceKlass org/eclipse/aether/internal/impl/EnhancedLocalRepositoryManagerFactory
instanceKlass org/eclipse/aether/spi/localrepo/LocalRepositoryManagerFactory
instanceKlass org/eclipse/aether/internal/impl/DefaultUpdatePolicyAnalyzer
instanceKlass org/eclipse/aether/impl/UpdatePolicyAnalyzer
instanceKlass org/eclipse/aether/internal/impl/DefaultUpdateCheckManager
instanceKlass org/eclipse/aether/impl/UpdateCheckManager
instanceKlass org/eclipse/aether/internal/impl/DefaultTransporterProvider
instanceKlass org/eclipse/aether/spi/connector/transport/TransporterProvider
instanceKlass org/eclipse/aether/internal/impl/DefaultTrackingFileManager
instanceKlass org/eclipse/aether/internal/impl/TrackingFileManager
instanceKlass org/eclipse/aether/internal/impl/DefaultRepositorySystemLifecycle
instanceKlass org/eclipse/aether/impl/RepositorySystemLifecycle
instanceKlass org/eclipse/aether/internal/impl/DefaultRepositorySystem
instanceKlass org/eclipse/aether/RepositorySystem
instanceKlass org/eclipse/aether/internal/impl/DefaultRepositoryLayoutProvider
instanceKlass org/eclipse/aether/spi/connector/layout/RepositoryLayoutProvider
instanceKlass org/eclipse/aether/internal/impl/DefaultRepositoryEventDispatcher
instanceKlass org/eclipse/aether/impl/RepositoryEventDispatcher
instanceKlass org/eclipse/aether/internal/impl/DefaultRepositoryConnectorProvider
instanceKlass org/eclipse/aether/impl/RepositoryConnectorProvider
instanceKlass org/eclipse/aether/internal/impl/DefaultRemoteRepositoryManager
instanceKlass org/eclipse/aether/impl/RemoteRepositoryManager
instanceKlass org/eclipse/aether/internal/impl/DefaultOfflineController
instanceKlass org/eclipse/aether/impl/OfflineController
instanceKlass org/eclipse/aether/internal/impl/DefaultMetadataResolver
instanceKlass org/eclipse/aether/impl/MetadataResolver
instanceKlass org/eclipse/aether/internal/impl/DefaultLocalRepositoryProvider
instanceKlass org/eclipse/aether/impl/LocalRepositoryProvider
instanceKlass org/eclipse/aether/internal/impl/LocalPathPrefixComposerFactorySupport
instanceKlass org/eclipse/aether/internal/impl/LocalPathPrefixComposerFactory
instanceKlass org/eclipse/aether/internal/impl/DefaultLocalPathComposer
instanceKlass org/eclipse/aether/internal/impl/LocalPathComposer
instanceKlass org/eclipse/aether/internal/impl/DefaultInstaller
instanceKlass org/eclipse/aether/impl/Installer
instanceKlass org/eclipse/aether/internal/impl/DefaultFileProcessor
instanceKlass org/eclipse/aether/spi/io/FileProcessor
instanceKlass org/eclipse/aether/internal/impl/DefaultDeployer
instanceKlass org/eclipse/aether/impl/Deployer
instanceKlass org/eclipse/aether/internal/impl/DefaultChecksumPolicyProvider
instanceKlass org/eclipse/aether/spi/connector/checksum/ChecksumPolicyProvider
instanceKlass org/eclipse/aether/internal/impl/DefaultArtifactResolver
instanceKlass org/eclipse/aether/impl/ArtifactResolver
instanceKlass org/eclipse/aether/connector/basic/BasicRepositoryConnectorFactory
instanceKlass org/eclipse/aether/spi/locator/Service
instanceKlass org/eclipse/aether/spi/connector/RepositoryConnectorFactory
instanceKlass org/apache/maven/model/validation/DefaultModelValidator
instanceKlass org/apache/maven/model/validation/ModelValidator
instanceKlass org/apache/maven/model/superpom/DefaultSuperPomProvider
instanceKlass org/apache/maven/model/superpom/SuperPomProvider
instanceKlass org/apache/maven/model/profile/activation/PropertyProfileActivator
instanceKlass org/apache/maven/model/profile/activation/OperatingSystemProfileActivator
instanceKlass org/apache/maven/model/profile/activation/JdkVersionProfileActivator
instanceKlass org/apache/maven/model/profile/activation/FileProfileActivator
instanceKlass org/apache/maven/model/profile/activation/ProfileActivator
instanceKlass org/apache/maven/model/profile/DefaultProfileSelector
instanceKlass org/apache/maven/model/profile/ProfileSelector
instanceKlass org/apache/maven/model/profile/DefaultProfileInjector
instanceKlass org/apache/maven/model/profile/ProfileInjector
instanceKlass org/apache/maven/model/plugin/DefaultReportingConverter
instanceKlass org/apache/maven/model/plugin/ReportingConverter
instanceKlass org/apache/maven/model/plugin/DefaultReportConfigurationExpander
instanceKlass org/apache/maven/model/plugin/ReportConfigurationExpander
instanceKlass org/apache/maven/model/plugin/DefaultPluginConfigurationExpander
instanceKlass org/apache/maven/model/plugin/PluginConfigurationExpander
instanceKlass org/apache/maven/model/path/ProfileActivationFilePathInterpolator
instanceKlass org/apache/maven/model/path/DefaultUrlNormalizer
instanceKlass org/apache/maven/model/path/UrlNormalizer
instanceKlass org/apache/maven/model/path/DefaultPathTranslator
instanceKlass org/apache/maven/model/path/PathTranslator
instanceKlass org/apache/maven/model/path/DefaultModelUrlNormalizer
instanceKlass org/apache/maven/model/path/ModelUrlNormalizer
instanceKlass org/apache/maven/model/path/DefaultModelPathTranslator
instanceKlass org/apache/maven/model/path/ModelPathTranslator
instanceKlass org/apache/maven/model/normalization/DefaultModelNormalizer
instanceKlass org/apache/maven/model/normalization/ModelNormalizer
instanceKlass org/apache/maven/model/management/DefaultPluginManagementInjector
instanceKlass org/apache/maven/model/management/PluginManagementInjector
instanceKlass org/apache/maven/model/management/DefaultDependencyManagementInjector
instanceKlass org/apache/maven/model/management/DependencyManagementInjector
instanceKlass org/apache/maven/model/locator/DefaultModelLocator
instanceKlass org/apache/maven/model/io/DefaultModelWriter
instanceKlass org/apache/maven/model/io/ModelWriter
instanceKlass org/apache/maven/model/io/DefaultModelReader
instanceKlass org/apache/maven/model/interpolation/AbstractStringBasedModelInterpolator
instanceKlass org/apache/maven/model/interpolation/ModelInterpolator
instanceKlass org/apache/maven/model/interpolation/DefaultModelVersionProcessor
instanceKlass org/apache/maven/model/interpolation/ModelVersionProcessor
instanceKlass org/apache/maven/model/inheritance/DefaultInheritanceAssembler
instanceKlass org/apache/maven/model/inheritance/InheritanceAssembler
instanceKlass org/apache/maven/model/composition/DefaultDependencyManagementImporter
instanceKlass org/apache/maven/model/composition/DependencyManagementImporter
instanceKlass  @bci sun/reflect/annotation/AnnotationParser parseClassArray (ILjava/nio/ByteBuffer;Ljdk/internal/reflect/ConstantPool;Ljava/lang/Class;)Ljava/lang/Object; 10 <appendix> member <vmtarget> ; # sun/reflect/annotation/AnnotationParser$$Lambda+0x000001ba813787e8
instanceKlass org/apache/maven/model/building/DefaultModelProcessor
instanceKlass org/apache/maven/model/building/ModelProcessor
instanceKlass org/apache/maven/model/io/ModelReader
instanceKlass org/apache/maven/model/locator/ModelLocator
instanceKlass org/apache/maven/model/building/DefaultModelBuilder
instanceKlass org/apache/maven/model/building/ModelBuilder
instanceKlass org/apache/maven/cli/internal/BootstrapCoreExtensionManager
instanceKlass org/eclipse/lsp4j/WorkDoneProgressNotification
instanceKlass org/apache/maven/toolchain/io/DefaultToolchainsWriter
instanceKlass org/apache/maven/toolchain/io/ToolchainsWriter
instanceKlass org/apache/maven/toolchain/io/DefaultToolchainsReader
instanceKlass org/apache/maven/toolchain/io/ToolchainsReader
instanceKlass org/apache/maven/toolchain/building/DefaultToolchainsBuilder
instanceKlass org/apache/maven/toolchain/building/ToolchainsBuilder
instanceKlass org/eclipse/lsp4j/ServerInfo
instanceKlass org/apache/maven/session/scope/internal/SessionScope$ScopeState
instanceKlass  @bci org/apache/maven/session/scope/internal/SessionScope <clinit> ()V 0 <appendix> argL0 ; # org/apache/maven/session/scope/internal/SessionScope$$Lambda+0x000001ba8147f600
instanceKlass org/apache/maven/session/scope/internal/SessionScope
instanceKlass org/apache/maven/plugin/internal/MavenPluginMavenPrerequisiteChecker
instanceKlass org/eclipse/jdt/ls/core/internal/handlers/BaseInitHandler
instanceKlass org/apache/maven/plugin/internal/MavenPluginJavaPrerequisiteChecker
instanceKlass org/apache/maven/plugin/MavenPluginPrerequisitesChecker
instanceKlass org/apache/maven/plugin/internal/AbstractMavenPluginDependenciesValidator
instanceKlass org/apache/maven/plugin/internal/MavenPluginDependenciesValidator
instanceKlass org/apache/maven/plugin/internal/AbstractMavenPluginParametersValidator
instanceKlass org/apache/maven/plugin/internal/MavenPluginConfigurationValidator
instanceKlass org/apache/maven/eventspy/AbstractEventSpy
instanceKlass com/google/gson/internal/bind/JsonElementTypeAdapter$1
instanceKlass org/apache/maven/plugin/PluginValidationManager
instanceKlass org/apache/maven/plugin/DefaultMojosExecutionStrategy
instanceKlass org/apache/maven/plugin/MojosExecutionStrategy
instanceKlass org/apache/maven/lifecycle/internal/LifecycleDependencyResolver
instanceKlass org/eclipse/lsp4j/jsonrpc/json/adapters/JsonElementTypeAdapter$Factory
instanceKlass org/apache/maven/lifecycle/internal/DefaultProjectArtifactFactory
instanceKlass org/apache/maven/lifecycle/internal/ProjectArtifactFactory
instanceKlass org/eclipse/lsp4j/StaleRequestCapabilities
instanceKlass org/eclipse/lsp4j/MarkdownCapabilities
instanceKlass org/eclipse/lsp4j/RegularExpressionsCapabilities
instanceKlass org/eclipse/lsp4j/WindowShowMessageRequestActionItemCapabilities
instanceKlass org/eclipse/lsp4j/ShowDocumentCapabilities
instanceKlass org/apache/maven/internal/aether/ResolverLifecycle
instanceKlass org/eclipse/lsp4j/WindowShowMessageRequestCapabilities
instanceKlass org/apache/maven/internal/aether/DefaultRepositorySystemSessionFactory
instanceKlass org/eclipse/lsp4j/InlayHintResolveSupportCapabilities
instanceKlass org/apache/maven/extension/internal/CoreExportsProvider
instanceKlass org/apache/maven/execution/MojoExecutionEvent
instanceKlass org/eclipse/lsp4j/SemanticTokensClientCapabilitiesRequestsFull
instanceKlass org/apache/maven/execution/scope/internal/MojoExecutionScope$ScopeState
instanceKlass org/apache/maven/execution/scope/MojoExecutionScoped
instanceKlass org/eclipse/lsp4j/SemanticTokensClientCapabilitiesRequests
instanceKlass com/google/inject/RestrictedBindingSource$Permit
instanceKlass org/apache/maven/execution/scope/internal/MojoExecutionScope$1
instanceKlass org/eclipse/lsp4j/FoldingRangeSupportCapabilities
instanceKlass org/apache/maven/execution/scope/internal/MojoExecutionScope
instanceKlass org/eclipse/lsp4j/FoldingRangeKindSupportCapabilities
instanceKlass org/apache/maven/execution/MojoExecutionListener
instanceKlass org/eclipse/sisu/space/QualifiedTypeBinder$1
instanceKlass org/eclipse/lsp4j/jsonrpc/json/adapters/EitherTypeAdapter$EitherTypeArgument
instanceKlass org/apache/maven/execution/DefaultMavenExecutionRequestPopulator
instanceKlass org/apache/maven/execution/MavenExecutionRequestPopulator
instanceKlass org/eclipse/lsp4j/DiagnosticsTagSupport
instanceKlass org/apache/maven/classrealm/DefaultClassRealmManager
instanceKlass org/apache/maven/classrealm/ClassRealmManager
instanceKlass org/eclipse/lsp4j/CodeLensResolveSupportCapabilities
instanceKlass  @bci org/eclipse/jdt/internal/compiler/util/CharDeduplication <clinit> ()V 44 <appendix> argL0 ; # org/eclipse/jdt/internal/compiler/util/CharDeduplication$$Lambda+0x000001ba8130ad50
instanceKlass org/eclipse/jdt/internal/compiler/util/CharDeduplication
instanceKlass org/apache/maven/SessionScoped
instanceKlass org/apache/maven/ReactorReader
instanceKlass org/apache/maven/repository/internal/MavenWorkspaceReader
instanceKlass org/eclipse/lsp4j/CodeActionKindCapabilities
instanceKlass org/eclipse/lsp4j/CodeActionTagSupportCapabilities
instanceKlass org/apache/maven/DefaultArtifactFilterManager
instanceKlass org/apache/maven/ArtifactFilterManager
instanceKlass org/eclipse/lsp4j/CodeActionResolveSupportCapabilities
instanceKlass org/eclipse/lsp4j/CodeActionLiteralSupportCapabilities
instanceKlass org/eclipse/sisu/space/WildcardKey$QualifiedImpl
instanceKlass org/eclipse/sisu/space/WildcardKey$Qualified
instanceKlass org/eclipse/sisu/space/WildcardKey
instanceKlass org/eclipse/sisu/Typed
instanceKlass org/sonatype/inject/EagerSingleton
instanceKlass org/eclipse/lsp4j/ParameterInformationCapabilities
instanceKlass org/eclipse/sisu/EagerSingleton
instanceKlass org/sonatype/inject/Mediator
instanceKlass org/eclipse/lsp4j/SignatureInformationCapabilities
instanceKlass org/eclipse/sisu/inject/TypeArguments
instanceKlass org/eclipse/m2e/internal/maven/listener/M2EMavenBuildDataBridge
instanceKlass org/apache/maven/eventspy/EventSpy
instanceKlass org/objectweb/asm/Context
instanceKlass org/objectweb/asm/Attribute
instanceKlass org/eclipse/jdt/internal/compiler/parser/Scanner
instanceKlass org/eclipse/lsp4j/CompletionItemInsertTextModeSupportCapabilities
instanceKlass org/objectweb/asm/AnnotationVisitor
instanceKlass org/eclipse/lsp4j/CompletionItemResolveSupportCapabilities
instanceKlass org/eclipse/lsp4j/CompletionItemTagSupportCapabilities
instanceKlass org/eclipse/lsp4j/CompletionListCapabilities
instanceKlass org/eclipse/lsp4j/CompletionItemCapabilities
instanceKlass org/eclipse/jdt/core/JavaConventions
instanceKlass org/eclipse/lsp4j/CompletionItemKindCapabilities
instanceKlass org/eclipse/jdt/internal/core/JrtPackageFragmentRoot$1
instanceKlass org/objectweb/asm/ClassReader
# instanceKlass java/lang/invoke/LambdaForm$MH+0x000001ba81471400
# instanceKlass java/lang/invoke/LambdaForm$MH+0x000001ba81471000
# instanceKlass java/lang/invoke/LambdaForm$MH+0x000001ba81470c00
# instanceKlass java/lang/invoke/LambdaForm$MH+0x000001ba81470800
# instanceKlass java/lang/invoke/LambdaForm$MH+0x000001ba81470400
instanceKlass  @bci java/lang/invoke/BootstrapMethodInvoker invoke (Ljava/lang/Class;Ljava/lang/invoke/MethodHandle;Ljava/lang/String;Ljava/lang/Object;Ljava/lang/Object;Ljava/lang/Class;)Ljava/lang/Object; 894 <adapter> ; # java/lang/invoke/LambdaForm$MH+0x000001ba81470000
instanceKlass org/eclipse/sisu/space/IndexedClassFinder$1
instanceKlass  @bci org/eclipse/jdt/internal/core/JrtPackageFragmentRoot computeChildren (Lorg/eclipse/jdt/internal/core/OpenableElementInfo;Lorg/eclipse/core/resources/IResource;)Z 29 <appendix> argL0 ; # org/eclipse/jdt/internal/core/JrtPackageFragmentRoot$$Lambda+0x000001ba81312f18
instanceKlass org/eclipse/lsp4j/PublishDiagnosticsCapabilities
instanceKlass org/eclipse/jdt/internal/compiler/util/ObjectVector$1
instanceKlass  @bci org/eclipse/jdt/internal/core/JavaProject defaultRootModules (Ljava/lang/Iterable;Ljava/lang/String;)Ljava/util/List; 6 <appendix> argL0 ; # org/eclipse/jdt/internal/core/JavaProject$$Lambda+0x000001ba81312ac8
instanceKlass  @bci org/eclipse/jdt/internal/core/JavaProject defaultRootModules (Ljava/lang/Iterable;Ljava/lang/String;)Ljava/util/List; 1 <appendix> argL0 ; # org/eclipse/jdt/internal/core/JavaProject$$Lambda+0x000001ba81312888
instanceKlass org/eclipse/jdt/internal/core/JavaProject$3
instanceKlass org/eclipse/jdt/internal/core/JavaProject$2
instanceKlass org/eclipse/sisu/inject/Logs$SLF4JSink
instanceKlass org/eclipse/sisu/inject/Logs$Sink
instanceKlass org/eclipse/sisu/inject/Logs
instanceKlass org/eclipse/sisu/space/QualifierCache
instanceKlass org/eclipse/sisu/space/QualifiedTypeVisitor
instanceKlass org/eclipse/sisu/plexus/PlexusTypeVisitor$ComponentAnnotationVisitor
instanceKlass org/eclipse/sisu/space/AnnotationVisitor
instanceKlass org/eclipse/sisu/plexus/PlexusTypeVisitor
instanceKlass org/eclipse/sisu/space/ClassVisitor
instanceKlass org/eclipse/lsp4j/FiltersCapabilities
instanceKlass org/eclipse/sisu/plexus/PlexusXmlBeanModule$PlexusXmlBeanSource
instanceKlass org/eclipse/lsp4j/WorkspaceSymbolResolveSupportCapabilities
instanceKlass org/eclipse/lsp4j/SymbolTagSupportCapabilities
instanceKlass org/eclipse/lsp4j/SymbolKindCapabilities
instanceKlass  @bci org/eclipse/lsp4j/jsonrpc/json/adapters/CollectionTypeAdapter$Factory getConstructor (Ljava/lang/Class;)Ljava/util/function/Supplier; 62 <appendix> argL0 ; # org/eclipse/lsp4j/jsonrpc/json/adapters/CollectionTypeAdapter$Factory$$Lambda+0x000001ba8144e200
instanceKlass org/eclipse/lsp4j/jsonrpc/json/adapters/TypeUtils$ParameterizedTypeImpl
instanceKlass org/eclipse/lsp4j/WorkspaceEditChangeAnnotationSupportCapabilities
instanceKlass org/eclipse/sisu/inject/DescriptionSource
instanceKlass org/eclipse/sisu/inject/AnnotatedSource
instanceKlass org/eclipse/lsp4j/FoldingRangeWorkspaceCapabilities
instanceKlass org/eclipse/sisu/Description
instanceKlass org/eclipse/sisu/Priority
instanceKlass org/eclipse/lsp4j/DiagnosticWorkspaceCapabilities
instanceKlass org/eclipse/sisu/Hidden
instanceKlass org/eclipse/sisu/inject/Sources
instanceKlass org/eclipse/lsp4j/InlineValueWorkspaceCapabilities
instanceKlass org/eclipse/equinox/internal/app/EclipseAppHandle$1
instanceKlass org/eclipse/lsp4j/InlayHintWorkspaceCapabilities
instanceKlass  @bci org/eclipse/equinox/internal/app/EclipseAppHandle getStartupMonitors ()[Lorg/osgi/framework/ServiceReference; 34 <appendix> argL0 ; # org/eclipse/equinox/internal/app/EclipseAppHandle$$Lambda+0x000001ba81184a50
instanceKlass com/google/inject/internal/MoreTypes$ParameterizedTypeImpl
instanceKlass org/eclipse/lsp4j/CodeLensWorkspaceCapabilities
instanceKlass org/eclipse/jdt/ls/core/internal/managers/TelemetryEvent
instanceKlass org/apache/maven/wagon/Wagon
instanceKlass org/eclipse/lsp4j/SemanticTokensWorkspaceCapabilities
instanceKlass com/google/gson/internal/LinkedTreeMap$LinkedTreeMapIterator
instanceKlass org/apache/maven/toolchain/ToolchainsBuilder
instanceKlass org/apache/maven/toolchain/ToolchainManagerPrivate
instanceKlass org/apache/maven/toolchain/ToolchainManager
instanceKlass org/apache/maven/toolchain/ToolchainFactory
instanceKlass org/apache/maven/settings/MavenSettingsBuilder
instanceKlass org/eclipse/lsp4j/DynamicRegistrationCapabilities
instanceKlass sun/nio/ch/WindowsAsynchronousFileChannelImpl$WriteTask
instanceKlass org/apache/maven/rtinfo/RuntimeInformation
instanceKlass org/apache/maven/project/artifact/ProjectArtifactsCache
instanceKlass org/apache/maven/project/ProjectDependenciesResolver
instanceKlass org/apache/maven/project/ProjectBuildingHelper
instanceKlass org/apache/maven/project/ProjectBuilder
instanceKlass com/google/gson/internal/Streams
instanceKlass org/eclipse/lsp4j/WorkspaceEditCapabilities
instanceKlass org/apache/maven/project/MavenProjectHelper
instanceKlass org/apache/maven/plugin/version/PluginVersionResolver
instanceKlass org/eclipse/lsp4j/jsonrpc/util/Preconditions
instanceKlass org/apache/maven/plugin/prefix/PluginPrefixResolver
instanceKlass org/apache/maven/plugin/PluginManager
instanceKlass org/eclipse/lsp4j/GeneralClientCapabilities
instanceKlass org/apache/maven/plugin/PluginDescriptorCache
instanceKlass org/apache/maven/plugin/MavenPluginManager
instanceKlass org/eclipse/lsp4j/NotebookDocumentClientCapabilities
instanceKlass org/eclipse/lsp4j/WindowClientCapabilities
instanceKlass org/eclipse/lsp4j/TextDocumentClientCapabilities
instanceKlass org/eclipse/lsp4j/WorkspaceClientCapabilities
instanceKlass org/eclipse/lsp4j/ClientCapabilities
instanceKlass org/apache/maven/plugin/LegacySupport
instanceKlass org/apache/maven/plugin/BuildPluginManager
instanceKlass org/apache/maven/model/plugin/LifecycleBindingsInjector
instanceKlass com/google/gson/internal/bind/ReflectiveTypeAdapterFactory$FieldsData
instanceKlass org/apache/maven/lifecycle/internal/builder/BuilderCommon
instanceKlass org/apache/maven/lifecycle/internal/builder/Builder
instanceKlass org/apache/maven/lifecycle/internal/MojoExecutor
instanceKlass java/nio/file/Files$3
instanceKlass java/nio/file/FileTreeWalker$Event
instanceKlass org/eclipse/lsp4j/jsonrpc/validation/NonNull
instanceKlass java/nio/file/FileTreeWalker$DirectoryNode
instanceKlass com/google/gson/annotations/SerializedName
instanceKlass org/apache/maven/lifecycle/internal/MojoDescriptorCreator
instanceKlass org/eclipse/lsp4j/ClientInfo
instanceKlass jdk/internal/jrtfs/JrtFileAttributes
instanceKlass  @bci com/google/gson/internal/ConstructorConstructor newDefaultConstructor (Ljava/lang/Class;Lcom/google/gson/ReflectionAccessFilter$FilterResult;)Lcom/google/gson/internal/ObjectConstructor; 134 <appendix> member <vmtarget> ; # com/google/gson/internal/ConstructorConstructor$$Lambda+0x000001ba813dbc10
instanceKlass  @bci java/util/regex/Pattern CIRange (II)Ljava/util/regex/Pattern$CharPredicate; 2 <appendix> member <vmtarget> ; # java/util/regex/Pattern$$Lambda+0x000001ba813771e8
instanceKlass org/apache/maven/lifecycle/internal/LifecycleTaskSegmentCalculator
instanceKlass org/apache/maven/lifecycle/internal/LifecycleStarter
instanceKlass org/apache/maven/lifecycle/internal/LifecyclePluginResolver
instanceKlass  @bci java/util/regex/Pattern SingleI (II)Ljava/util/regex/Pattern$BmpCharPredicate; 2 <appendix> member <vmtarget> ; # java/util/regex/Pattern$$Lambda+0x000001ba81376f58
instanceKlass org/apache/maven/lifecycle/internal/LifecycleModuleBuilder
instanceKlass java/time/format/Parsed
instanceKlass java/time/format/DateTimeParseContext
instanceKlass org/apache/maven/lifecycle/internal/LifecycleExecutionPlanCalculator
instanceKlass org/eclipse/lsp4j/adapters/InitializeParamsTypeAdapter$Factory
instanceKlass org/apache/maven/lifecycle/internal/LifecycleDebugLogger
instanceKlass org/apache/maven/lifecycle/internal/ExecutionEventCatapult
instanceKlass com/google/gson/annotations/JsonAdapter
instanceKlass org/eclipse/jdt/ls/core/internal/LogReader$LogEntry
instanceKlass org/apache/maven/lifecycle/internal/BuildListCalculator
instanceKlass org/eclipse/lsp4j/jsonrpc/messages/Tuple$Two
instanceKlass org/eclipse/lsp4j/jsonrpc/messages/Tuple
instanceKlass org/apache/maven/lifecycle/MojoExecutionConfigurator
instanceKlass org/eclipse/lsp4j/jsonrpc/json/adapters/TypeUtils
instanceKlass org/eclipse/jdt/ls/core/internal/LogReader$LogSession
instanceKlass sun/util/locale/provider/CalendarNameProviderImpl$LengthBasedComparator
instanceKlass sun/util/resources/provider/NonBaseLocaleDataMetaInfo
instanceKlass org/apache/maven/lifecycle/LifecycleMappingDelegate
instanceKlass org/apache/maven/lifecycle/LifecycleExecutor
instanceKlass  @bci sun/util/locale/provider/JRELocaleProviderAdapter createSupportedLocaleString (Ljava/lang/String;)Ljava/lang/String; 6 <appendix> member <vmtarget> ; # sun/util/locale/provider/JRELocaleProviderAdapter$$Lambda+0x000001ba81376620
instanceKlass org/apache/maven/lifecycle/LifeCyclePluginAnalyzer
instanceKlass sun/util/locale/provider/BaseLocaleDataMetaInfo
instanceKlass org/apache/maven/lifecycle/DefaultLifecycles
instanceKlass  @bci sun/util/locale/provider/JRELocaleProviderAdapter getCalendarNameProvider ()Ljava/util/spi/CalendarNameProvider; 8 <appendix> member <vmtarget> ; # sun/util/locale/provider/JRELocaleProviderAdapter$$Lambda+0x000001ba813761a0
instanceKlass org/apache/maven/graph/GraphBuilder
instanceKlass org/apache/maven/exception/ExceptionHandler
instanceKlass  @bci sun/util/cldr/CLDRLocaleProviderAdapter getCalendarNameProvider ()Ljava/util/spi/CalendarNameProvider; 8 <appendix> member <vmtarget> ; # sun/util/cldr/CLDRLocaleProviderAdapter$$Lambda+0x000001ba81375aa8
instanceKlass org/apache/maven/eventspy/internal/EventSpyDispatcher
instanceKlass sun/util/locale/provider/CalendarDataUtility$CalendarFieldValueNamesMapGetter
instanceKlass java/text/CalendarBuilder
instanceKlass org/apache/maven/configuration/BeanConfigurator
instanceKlass java/text/ParsePosition
instanceKlass org/apache/maven/bridge/MavenRepositorySystem
instanceKlass org/eclipse/jdt/ls/core/internal/LogReader
instanceKlass sun/nio/ch/WindowsAsynchronousFileChannelImpl$ReadTask
instanceKlass sun/nio/ch/Iocp$ResultHandler
instanceKlass sun/nio/ch/PendingFuture
instanceKlass org/eclipse/lsp4j/jsonrpc/json/StreamMessageProducer$Headers
instanceKlass org/eclipse/lsp4j/jsonrpc/json/ConcurrentMessageProcessor$1
instanceKlass  @bci org/eclipse/jdt/ls/core/internal/handlers/WorkspaceEventsHandler <init> (Lorg/eclipse/jdt/ls/core/internal/managers/ProjectsManager;Lorg/eclipse/jdt/ls/core/internal/JavaClientConnection;Lorg/eclipse/jdt/ls/core/internal/handlers/BaseDocumentLifeCycleHandler;)V 35 <appendix> member <vmtarget> ; # org/eclipse/jdt/ls/core/internal/handlers/WorkspaceEventsHandler$$Lambda+0x000001ba81436ef8
instanceKlass org/eclipse/jdt/ls/core/internal/handlers/WorkspaceEventsHandler
instanceKlass org/apache/maven/artifact/resolver/ResolutionErrorHandler
instanceKlass org/apache/maven/artifact/repository/metadata/io/MetadataReader
instanceKlass org/eclipse/jdt/core/manipulation/CoreASTProvider$WAIT_FLAG
instanceKlass org/eclipse/jdt/core/manipulation/CoreASTProvider
instanceKlass org/apache/maven/artifact/metadata/ArtifactMetadataSource
instanceKlass org/apache/maven/repository/legacy/metadata/ArtifactMetadataSource
instanceKlass org/apache/maven/artifact/handler/manager/ArtifactHandlerManager
instanceKlass org/eclipse/jdt/ls/core/internal/MovingAverage
instanceKlass org/apache/maven/artifact/factory/ArtifactFactory
instanceKlass org/apache/maven/ProjectDependenciesResolver
instanceKlass org/apache/maven/Maven
instanceKlass org/eclipse/jdt/ls/core/internal/handlers/BaseDiagnosticsHandler
instanceKlass  @bci jdk/internal/jimage/ImageReader$SharedImageReader handleModulesSubTree (Ljava/lang/String;Ljdk/internal/jimage/ImageLocation;)Ljdk/internal/jimage/ImageReader$Node; 37 <appendix> member <vmtarget> ; # jdk/internal/jimage/ImageReader$SharedImageReader$$Lambda+0x000001ba81450de0
instanceKlass org/apache/maven/artifact/handler/ArtifactHandler
instanceKlass org/sonatype/plexus/components/sec/dispatcher/SecDispatcher
instanceKlass org/eclipse/jdt/core/IProblemRequestor
instanceKlass org/eclipse/lsp4j/jsonrpc/StandardLauncher
instanceKlass org/apache/maven/lifecycle/Lifecycle
instanceKlass jdk/internal/jimage/ImageBufferCache$2
instanceKlass org/eclipse/lsp4j/jsonrpc/json/ConcurrentMessageProcessor
instanceKlass jdk/internal/jimage/ImageBufferCache
instanceKlass  @bci jdk/internal/jimage/ImageReader$SharedImageReader handlePackages (Ljava/lang/String;Ljdk/internal/jimage/ImageLocation;)Ljdk/internal/jimage/ImageReader$Node; 20 <appendix> member <vmtarget> ; # jdk/internal/jimage/ImageReader$SharedImageReader$$Lambda+0x000001ba814504a0
instanceKlass jdk/internal/jimage/ImageReader$SharedImageReader$LocationVisitor
instanceKlass org/eclipse/lsp4j/jsonrpc/json/StreamMessageProducer
instanceKlass jdk/internal/jimage/ImageLocation
instanceKlass org/eclipse/sisu/space/CloningClassSpace$1
instanceKlass java/util/RegularEnumSet$EnumSetIterator
instanceKlass java/nio/file/FileTreeWalker
instanceKlass java/nio/file/SimpleFileVisitor
instanceKlass jdk/internal/jrtfs/JrtDirectoryStream$1
instanceKlass  @bci jdk/internal/jrtfs/JrtFileSystem iteratorOf (Ljdk/internal/jrtfs/JrtPath;Ljava/nio/file/DirectoryStream$Filter;)Ljava/util/Iterator; 82 <appendix> member <vmtarget> ; # jdk/internal/jrtfs/JrtFileSystem$$Lambda+0x000001ba8144bce0
instanceKlass org/apache/maven/lifecycle/mapping/LifecycleMapping
instanceKlass  @bci jdk/internal/jrtfs/JrtFileSystem iteratorOf (Ljdk/internal/jrtfs/JrtPath;Ljava/nio/file/DirectoryStream$Filter;)Ljava/util/Iterator; 71 <appendix> member <vmtarget> ; # jdk/internal/jrtfs/JrtFileSystem$$Lambda+0x000001ba8144ba98
instanceKlass jdk/internal/jimage/ImageReader$Node
instanceKlass jdk/internal/jrtfs/JrtPath
instanceKlass  @bci java/lang/reflect/Proxy getProxyConstructor (Ljava/lang/Class;Ljava/lang/ClassLoader;[Ljava/lang/Class;)Ljava/lang/reflect/Constructor; 80 <appendix> argL0 ; # java/lang/reflect/Proxy$$Lambda+0x000001ba813733a8
instanceKlass  @bci org/eclipse/lsp4j/jsonrpc/services/EndpointProxy <init> (Lorg/eclipse/lsp4j/jsonrpc/Endpoint;Ljava/util/Collection;)V 197 <appendix> member <vmtarget> ; # org/eclipse/lsp4j/jsonrpc/services/EndpointProxy$$Lambda+0x000001ba8144c238
instanceKlass  @bci org/eclipse/lsp4j/jsonrpc/services/EndpointProxy <init> (Lorg/eclipse/lsp4j/jsonrpc/Endpoint;Ljava/util/Collection;)V 178 <appendix> member <vmtarget> ; # org/eclipse/lsp4j/jsonrpc/services/EndpointProxy$$Lambda+0x000001ba8144c000
instanceKlass jdk/internal/jrtfs/JrtDirectoryStream
instanceKlass org/eclipse/lsp4j/jsonrpc/services/EndpointProxy
instanceKlass  @bci org/eclipse/lsp4j/jsonrpc/RemoteEndpoint <clinit> ()V 11 <appendix> argL0 ; # org/eclipse/lsp4j/jsonrpc/RemoteEndpoint$$Lambda+0x000001ba81443ae8
instanceKlass jdk/internal/jimage/decompressor/Decompressor
instanceKlass org/eclipse/lsp4j/jsonrpc/messages/ResponseError
instanceKlass org/apache/maven/repository/metadata/GraphConflictResolver
instanceKlass org/apache/maven/repository/metadata/GraphConflictResolutionPolicy
instanceKlass org/eclipse/sisu/plexus/ConfigurationImpl
instanceKlass jdk/internal/jimage/ImageStringsReader
instanceKlass org/apache/maven/repository/metadata/ClasspathTransformation
instanceKlass jdk/internal/jimage/ImageHeader
instanceKlass org/apache/maven/repository/legacy/resolver/transform/ArtifactTransformationManager
# instanceKlass java/lang/invoke/LambdaForm$MH+0x000001ba8144b000
instanceKlass org/apache/maven/repository/legacy/resolver/transform/ArtifactTransformation
# instanceKlass java/lang/invoke/LambdaForm$MH+0x000001ba8144ac00
instanceKlass org/apache/maven/repository/legacy/resolver/conflict/ConflictResolverFactory
# instanceKlass java/lang/invoke/LambdaForm$MH+0x000001ba8144a800
instanceKlass org/apache/maven/repository/legacy/resolver/conflict/ConflictResolver
instanceKlass org/eclipse/lsp4j/jsonrpc/RemoteEndpoint
# instanceKlass java/lang/invoke/LambdaForm$MH+0x000001ba8144a400
# instanceKlass java/lang/invoke/LambdaForm$MH+0x000001ba8144a000
# instanceKlass java/lang/invoke/LambdaForm$MH+0x000001ba81449c00
# instanceKlass java/lang/invoke/LambdaForm$MH+0x000001ba81449800
instanceKlass  @bci java/lang/reflect/Executable sharedToString (IZ[Ljava/lang/Class;[Ljava/lang/Class;)Ljava/lang/String; 29 <appendix> argL0 ; # java/lang/reflect/Executable$$Lambda+0x000001ba813729a8
# instanceKlass java/lang/invoke/LambdaForm$BMH+0x000001ba81449400
# instanceKlass java/lang/invoke/LambdaForm$DMH+0x000001ba81449000
# instanceKlass java/lang/invoke/LambdaForm$MH+0x000001ba81448c00
instanceKlass  @bci org/eclipse/lsp4j/jsonrpc/services/GenericEndpoint recursiveFindRpcMethods (Ljava/lang/Object;Ljava/util/Set;Ljava/util/Set;)V 24 <appendix> member <vmtarget> ; # org/eclipse/lsp4j/jsonrpc/services/GenericEndpoint$$Lambda+0x000001ba81442248
# instanceKlass java/lang/invoke/LambdaForm$DMH+0x000001ba81448800
instanceKlass  @cpi org/eclipse/lsp4j/jsonrpc/services/GenericEndpoint 383 form vmentry <vmtarget> ; # java/lang/invoke/LambdaForm$DMH+0x000001ba81448400
# instanceKlass java/lang/invoke/LambdaForm$DMH+0x000001ba81448000
instanceKlass java/lang/foreign/MemorySegment
instanceKlass org/apache/maven/repository/legacy/repository/ArtifactRepositoryFactory
instanceKlass org/apache/maven/repository/legacy/UpdateCheckManager
instanceKlass sun/nio/ch/Util$4
instanceKlass sun/nio/ch/FileChannelImpl$Unmapper
instanceKlass jdk/internal/access/foreign/UnmapperProxy
instanceKlass org/apache/maven/repository/RepositorySystem
instanceKlass  @bci jdk/internal/misc/ExtendedMapMode <clinit> ()V 0 <appendix> argL0 ; # jdk/internal/misc/ExtendedMapMode$$Lambda+0x000001ba81371c28
instanceKlass jdk/internal/misc/ExtendedMapMode
instanceKlass java/nio/channels/FileChannel$MapMode
instanceKlass org/apache/maven/repository/MirrorSelector
instanceKlass jdk/internal/jimage/BasicImageReader$2
instanceKlass  @bci org/eclipse/lsp4j/jsonrpc/services/GenericEndpoint lambda$recursiveFindRpcMethods$1 (Ljava/lang/Object;Lorg/eclipse/lsp4j/jsonrpc/services/AnnotationUtil$MethodInfo;)V 3 <appendix> member <vmtarget> ; # org/eclipse/lsp4j/jsonrpc/services/GenericEndpoint$$Lambda+0x000001ba81442000
instanceKlass org/apache/maven/project/validation/ModelValidator
instanceKlass  @bci org/eclipse/lsp4j/jsonrpc/services/GenericEndpoint recursiveFindRpcMethods (Ljava/lang/Object;Ljava/util/Set;Ljava/util/Set;)V 7 <appendix> member <vmtarget> ; # org/eclipse/lsp4j/jsonrpc/services/GenericEndpoint$$Lambda+0x000001ba8143fd10
instanceKlass jdk/internal/jimage/BasicImageReader$1
instanceKlass org/apache/maven/project/path/PathTranslator
instanceKlass org/apache/maven/project/interpolation/ModelInterpolator
instanceKlass org/eclipse/lsp4j/jsonrpc/services/GenericEndpoint
instanceKlass org/apache/maven/project/inheritance/ModelInheritanceAssembler
instanceKlass jdk/internal/jimage/ImageReader$Node
instanceKlass org/apache/maven/project/MavenProjectBuilder
instanceKlass  @bci org/eclipse/jdt/ls/core/internal/ParentProcessWatcher apply (Lorg/eclipse/lsp4j/jsonrpc/MessageConsumer;)Lorg/eclipse/lsp4j/jsonrpc/MessageConsumer; 2 <appendix> member <vmtarget> ; # org/eclipse/jdt/ls/core/internal/ParentProcessWatcher$$Lambda+0x000001ba81435710
instanceKlass jdk/internal/jimage/ImageStrings
instanceKlass org/eclipse/lsp4j/jsonrpc/messages/Message
instanceKlass org/apache/maven/profiles/MavenProfilesBuilder
instanceKlass jdk/internal/jimage/BasicImageReader
instanceKlass org/apache/maven/execution/RuntimeInformation
instanceKlass org/eclipse/lsp4j/jsonrpc/json/StreamMessageConsumer
instanceKlass org/eclipse/lsp4j/jsonrpc/json/MessageConstants
instanceKlass jdk/internal/jimage/ImageReader
instanceKlass org/eclipse/lsp4j/jsonrpc/json/adapters/MessageTypeAdapter$Factory
instanceKlass org/eclipse/lsp4j/jsonrpc/json/adapters/EnumTypeAdapter$Factory
instanceKlass org/eclipse/lsp4j/jsonrpc/json/adapters/TupleTypeAdapters$TwoTypeAdapterFactory
instanceKlass org/eclipse/lsp4j/jsonrpc/json/adapters/EitherTypeAdapter$Factory
instanceKlass jdk/internal/jrtfs/SystemImage$2
instanceKlass org/apache/maven/artifact/resolver/ArtifactResolver
instanceKlass  @bci jdk/internal/jrtfs/SystemImage <clinit> ()V 0 <appendix> argL0 ; # jdk/internal/jrtfs/SystemImage$$Lambda+0x000001ba8143d478
instanceKlass org/eclipse/lsp4j/jsonrpc/json/adapters/ThrowableTypeAdapter$Factory
instanceKlass org/apache/maven/artifact/resolver/ArtifactCollector
instanceKlass org/apache/maven/repository/legacy/resolver/LegacyArtifactCollector
instanceKlass org/eclipse/lsp4j/jsonrpc/json/adapters/CollectionTypeAdapter$Factory
instanceKlass jdk/internal/jrtfs/SystemImage
instanceKlass org/apache/maven/artifact/repository/metadata/RepositoryMetadataManager
instanceKlass org/eclipse/lsp4j/jsonrpc/messages/CancelParams
instanceKlass org/apache/maven/artifact/repository/layout/ArtifactRepositoryLayout
instanceKlass org/apache/maven/artifact/repository/ArtifactRepositoryFactory
instanceKlass org/eclipse/lsp4j/jsonrpc/json/MessageJsonHandler
instanceKlass org/apache/maven/artifact/manager/WagonManager
instanceKlass org/apache/maven/repository/legacy/WagonManager
instanceKlass jdk/internal/jrtfs/JrtPath
instanceKlass org/eclipse/lsp4j/DidOpenNotebookDocumentParams
instanceKlass org/eclipse/lsp4j/DidChangeNotebookDocumentParams
instanceKlass org/eclipse/lsp4j/DidSaveNotebookDocumentParams
instanceKlass org/eclipse/lsp4j/DidCloseNotebookDocumentParams
instanceKlass org/apache/maven/artifact/installer/ArtifactInstaller
instanceKlass org/eclipse/jdt/ls/core/internal/handlers/DocumentSymbolHandler
instanceKlass org/eclipse/sisu/plexus/PlexusXmlMetadata
instanceKlass org/eclipse/sisu/plexus/Roles
instanceKlass org/eclipse/jdt/ls/core/internal/handlers/NavigateToTypeDefinitionHandler
instanceKlass org/apache/maven/artifact/deployer/ArtifactDeployer
instanceKlass org/eclipse/jdt/ls/core/internal/handlers/SaveActionHandler
instanceKlass org/eclipse/sisu/plexus/Hints
instanceKlass org/eclipse/sisu/space/AbstractDeferredClass
instanceKlass org/eclipse/jdt/ls/core/internal/handlers/CodeActionHandler
instanceKlass jdk/internal/jrtfs/JrtFileSystemProvider$1
instanceKlass org/eclipse/sisu/plexus/RequirementImpl
instanceKlass org/codehaus/plexus/component/annotations/Requirement
instanceKlass org/eclipse/jdt/ls/core/internal/handlers/PrepareRenameHandler
instanceKlass org/eclipse/jdt/ls/core/internal/handlers/CodeActionResolveHandler
instanceKlass org/eclipse/jdt/ls/core/internal/handlers/SignatureHelpHandler
instanceKlass org/eclipse/jdt/ls/core/internal/handlers/ReferencesHandler
instanceKlass org/eclipse/jdt/ls/core/internal/handlers/NavigateToDefinitionHandler
instanceKlass org/eclipse/jdt/ls/core/internal/handlers/CodeLensHandler
instanceKlass java/nio/file/spi/FileSystemProvider$1
instanceKlass  @bci org/eclipse/jdt/internal/compiler/util/JRTUtil getJrtFileSystem (Ljava/nio/file/Path;)Ljava/nio/file/FileSystem; 14 <appendix> argL0 ; # org/eclipse/jdt/internal/compiler/util/JRTUtil$$Lambda+0x000001ba813099b8
instanceKlass org/eclipse/jdt/ls/core/internal/handlers/NavigateToDeclarationHandler
instanceKlass  @bci org/eclipse/jdt/internal/compiler/util/JRTUtil getJrtSystem (Ljava/io/File;Ljava/lang/String;)Lorg/eclipse/jdt/internal/compiler/util/JrtFileSystem; 46 <appendix> member <vmtarget> ; # org/eclipse/jdt/internal/compiler/util/JRTUtil$$Lambda+0x000001ba813094f8
instanceKlass org/eclipse/jdt/internal/compiler/util/JrtFileSystem
instanceKlass org/eclipse/jdt/ls/core/internal/handlers/BuildWorkspaceHandler
instanceKlass org/eclipse/jdt/ls/core/internal/handlers/RenameHandler
instanceKlass org/eclipse/jdt/ls/core/internal/handlers/HoverHandler
instanceKlass  @bci org/eclipse/jdt/internal/compiler/util/Jdk <init> (Ljava/io/File;)V 20 <appendix> argL0 ; # org/eclipse/jdt/internal/compiler/util/Jdk$$Lambda+0x000001ba81309048
instanceKlass org/eclipse/sisu/space/Streams
instanceKlass org/eclipse/jdt/internal/compiler/util/Jdk
instanceKlass sun/reflect/generics/tree/BooleanSignature
instanceKlass org/eclipse/jdt/internal/compiler/util/SoftClassCache
instanceKlass org/eclipse/sisu/plexus/ComponentImpl
instanceKlass org/eclipse/sisu/plexus/PlexusTypeRegistry
instanceKlass org/eclipse/jdt/ls/core/internal/handlers/MoveHandler$MoveDestinationsResponse
instanceKlass org/eclipse/jdt/internal/compiler/util/JRTUtil
instanceKlass org/eclipse/jdt/ls/core/internal/text/correction/ChangeSignatureInfo
instanceKlass org/eclipse/sisu/plexus/PlexusXmlScanner
instanceKlass org/eclipse/jdt/ls/core/internal/handlers/GenerateDelegateMethodsHandler$CheckDelegateMethodsResponse
instanceKlass org/eclipse/jdt/internal/core/JavaProject$1
instanceKlass org/eclipse/jdt/ls/core/internal/handlers/GenerateToStringHandler$CheckToStringResponse
instanceKlass org/eclipse/sisu/space/QualifiedTypeBinder
instanceKlass org/eclipse/jdt/ls/core/internal/handlers/OverrideMethodsHandler$OverridableMethodsResponse
instanceKlass org/eclipse/jdt/internal/compiler/util/ObjectVector
instanceKlass org/eclipse/jdt/ls/core/internal/handlers/GenerateConstructorsHandler$CheckConstructorsResponse
instanceKlass org/eclipse/sisu/plexus/PlexusTypeBinder
instanceKlass org/eclipse/jdt/ls/core/internal/handlers/HashCodeEqualsHandler$CheckHashCodeEqualsResponse
instanceKlass org/eclipse/buildship/core/internal/workspace/GradleClasspathContainer
instanceKlass org/eclipse/jdt/ls/core/internal/handlers/InferSelectionHandler$SelectionInfo
instanceKlass org/eclipse/aether/AbstractRepositoryListener
instanceKlass org/gradle/tooling/model/eclipse/EclipseClasspathEntry
instanceKlass org/eclipse/jdt/ls/core/internal/codemanipulation/GenerateGetterSetterOperation$AccessorField
instanceKlass org/eclipse/aether/RepositoryListener
instanceKlass org/eclipse/buildship/core/internal/workspace/GradleClasspathContainerUpdater
instanceKlass sun/reflect/generics/tree/ArrayTypeSignature
instanceKlass org/eclipse/jdt/ls/core/internal/handlers/ExtractInterfaceHandler$CheckExtractInterfaceResponse
instanceKlass com/google/inject/Key$AnnotationInstanceStrategy
instanceKlass org/eclipse/jdt/ls/core/internal/handlers/GetRefactorEditHandler$RefactorWorkspaceEdit
instanceKlass org/eclipse/jdt/ls/core/internal/lsp/ValidateDocumentParams
instanceKlass org/eclipse/jdt/ls/core/internal/handlers/GenerateToStringHandler$GenerateToStringParams
instanceKlass org/eclipse/lsp4j/extended/ProjectBuildParams
instanceKlass org/eclipse/jdt/ls/core/internal/handlers/GenerateConstructorsHandler$GenerateConstructorsParams
instanceKlass org/eclipse/jdt/ls/core/internal/handlers/HashCodeEqualsHandler$GenerateHashCodeEqualsParams
instanceKlass org/eclipse/jdt/internal/launching/JREContainer$RuleEntry
instanceKlass org/eclipse/jdt/ls/core/internal/handlers/OverrideMethodsHandler$AddOverridableMethodParams
instanceKlass com/google/inject/name/NamedImpl
instanceKlass org/eclipse/jdt/internal/launching/JREContainer$RuleKey
instanceKlass org/eclipse/jdt/ls/core/internal/handlers/InferSelectionHandler$InferSelectionParams
instanceKlass org/eclipse/jdt/ls/core/internal/handlers/GenerateAccessorsHandler$GenerateAccessorsParams
instanceKlass com/google/inject/name/Named
instanceKlass org/eclipse/jdt/ls/core/internal/handlers/GetRefactorEditHandler$GetRefactorEditParams
instanceKlass com/google/inject/name/Names
instanceKlass org/eclipse/jdt/ls/core/internal/handlers/FindLinksHandler$FindLinksParams
instanceKlass org/apache/maven/artifact/versioning/ComparableVersion$IntItem
instanceKlass org/eclipse/jdt/ls/core/internal/javafx/FXVersionUtil
instanceKlass org/eclipse/lsp4j/extended/ProjectConfigurationsUpdateParam
instanceKlass org/eclipse/jdt/ls/core/internal/javafx/FXAccessRuleParticipant
instanceKlass org/eclipse/jdt/ls/core/internal/handlers/GenerateDelegateMethodsHandler$GenerateDelegateMethodsParams
instanceKlass org/eclipse/jdt/internal/launching/environments/DefaultAccessRuleParticipant
instanceKlass org/eclipse/jdt/ls/core/internal/handlers/MoveHandler$MoveParams
instanceKlass org/apache/maven/artifact/versioning/ComparableVersion$Item
instanceKlass org/eclipse/lsp4j/TextDocumentIdentifier
instanceKlass org/apache/maven/artifact/versioning/ComparableVersion
instanceKlass org/eclipse/lsp4j/TextDocumentContentResult
instanceKlass org/eclipse/lsp4j/WorkspaceDiagnosticReport
instanceKlass org/apache/maven/artifact/versioning/DefaultArtifactVersion
instanceKlass org/apache/maven/artifact/versioning/ArtifactVersion
instanceKlass org/eclipse/lsp4j/adapters/WorkspaceSymbolResponseAdapter
instanceKlass org/eclipse/m2e/core/internal/embedder/EclipseClassRealmManagerDelegate
instanceKlass org/eclipse/lsp4j/DeleteFilesParams
instanceKlass org/eclipse/jdt/internal/launching/JREContainer$1
instanceKlass org/eclipse/jdt/internal/launching/JREContainer
instanceKlass org/apache/maven/classrealm/ClassRealmManagerDelegate
instanceKlass org/eclipse/lsp4j/RenameFilesParams
instanceKlass org/eclipse/lsp4j/CreateFilesParams
instanceKlass org/sonatype/plexus/build/incremental/ThreadBuildContext
instanceKlass org/eclipse/lsp4j/WorkspaceSymbol
instanceKlass  @bci org/eclipse/jdt/internal/core/JavaModelManager variableNames ()[Ljava/lang/String; 7 <appendix> argL0 ; # org/eclipse/jdt/internal/core/JavaModelManager$$Lambda+0x000001ba813110c8
instanceKlass org/sonatype/plexus/build/incremental/BuildContext
instanceKlass org/eclipse/lsp4j/TextDocumentContentParams
instanceKlass org/eclipse/jdt/launching/environments/CompatibleEnvironment
instanceKlass org/eclipse/lsp4j/DidChangeConfigurationParams
instanceKlass org/apache/maven/plugin/internal/DefaultPluginDependenciesResolver
instanceKlass org/eclipse/jdt/internal/launching/environments/ExecutionEnvironmentAnalyzer
instanceKlass  @bci org/eclipse/jdt/launching/AbstractVMInstallType getVMInstalls ()[Lorg/eclipse/jdt/launching/IVMInstall; 4 <appendix> argL0 ; # org/eclipse/jdt/launching/AbstractVMInstallType$$Lambda+0x000001ba814138e8
instanceKlass org/eclipse/lsp4j/DidChangeWatchedFilesParams
instanceKlass org/apache/maven/plugin/internal/PluginDependenciesResolver
instanceKlass org/eclipse/lsp4j/DidChangeWorkspaceFoldersParams
instanceKlass org/apache/maven/plugin/DefaultPluginArtifactsCache
instanceKlass  @bci org/eclipse/jdt/launching/VMStandin convertToRealVM ()Lorg/eclipse/jdt/launching/IVMInstall; 155 <appendix> member <vmtarget> ; # org/eclipse/jdt/launching/VMStandin$$Lambda+0x000001ba81413140
instanceKlass  @cpi org/eclipse/jdt/launching/VMStandin 173 form vmentry <vmtarget> ; # java/lang/invoke/LambdaForm$DMH+0x000001ba81424000
instanceKlass org/apache/maven/plugin/PluginArtifactsCache
instanceKlass org/apache/maven/plugin/DefaultPluginRealmCache
instanceKlass org/eclipse/lsp4j/FoldingRange
instanceKlass org/apache/maven/plugin/PluginRealmCache
instanceKlass org/eclipse/lsp4j/TextEdit
instanceKlass org/eclipse/lsp4j/LinkedEditingRanges
instanceKlass org/apache/maven/project/DefaultProjectRealmCache
instanceKlass org/eclipse/lsp4j/SignatureHelp
instanceKlass org/apache/maven/project/ProjectRealmCache
instanceKlass org/eclipse/lsp4j/SelectionRange
instanceKlass org/apache/maven/plugin/DefaultExtensionRealmCache
instanceKlass org/eclipse/jdt/launching/IVMRunner
instanceKlass org/apache/maven/plugin/ExtensionRealmCache
instanceKlass org/eclipse/lsp4j/DocumentSymbol
instanceKlass org/eclipse/jdt/internal/launching/CompositeId
instanceKlass org/eclipse/lsp4j/SymbolInformation
instanceKlass org/eclipse/lsp4j/adapters/DocumentSymbolResponseAdapter
instanceKlass org/codehaus/plexus/component/annotations/Component
instanceKlass org/eclipse/lsp4j/ColorPresentation
instanceKlass org/eclipse/lsp4j/InlineValueEvaluatableExpression
instanceKlass org/eclipse/lsp4j/InlineValueVariableLookup
instanceKlass org/apache/maven/project/artifact/DefaultMavenMetadataCache
instanceKlass org/eclipse/jdt/launching/LibraryLocation
instanceKlass org/eclipse/lsp4j/adapters/InlineValueResponseAdapter
instanceKlass org/eclipse/m2e/core/internal/project/IManagedCache
instanceKlass org/eclipse/lsp4j/PrepareRenameDefaultBehavior
instanceKlass org/apache/maven/project/artifact/MavenMetadataCache
instanceKlass org/eclipse/lsp4j/PrepareRenameResult
instanceKlass org/eclipse/lsp4j/Range
instanceKlass org/eclipse/m2e/core/internal/embedder/DefaultMavenComponentContributor
instanceKlass org/eclipse/m2e/core/internal/embedder/IMavenComponentContributor
instanceKlass org/eclipse/lsp4j/adapters/PrepareRenameResponseAdapter
instanceKlass org/eclipse/lsp4j/ColorInformation
instanceKlass org/eclipse/osgi/internal/url/URLStreamHandlerProxy$1
instanceKlass org/eclipse/lsp4j/InlineCompletionList
instanceKlass org/eclipse/osgi/internal/url/URLStreamHandlerSetter
instanceKlass org/eclipse/lsp4j/InlineCompletionItem
instanceKlass org/eclipse/osgi/internal/url/NullURLStreamHandlerService
instanceKlass ch/qos/logback/classic/spi/LoggerContextListener
instanceKlass org/eclipse/lsp4j/SemanticTokensDelta
instanceKlass org/osgi/service/url/URLStreamHandlerSetter
instanceKlass  @bci org/eclipse/osgi/internal/url/URLStreamHandlerFactoryImpl createInternalURLStreamHandler (Ljava/lang/String;)Ljava/net/URLStreamHandler; 18 <appendix> member <vmtarget> ; # org/eclipse/osgi/internal/url/URLStreamHandlerFactoryImpl$$Lambda+0x000001ba81254dc8
instanceKlass org/eclipse/lsp4j/SemanticTokens
instanceKlass ch/qos/logback/core/spi/ConfigurationEventListener
instanceKlass ch/qos/logback/core/spi/ConfigurationEvent
instanceKlass  @bci org/eclipse/equinox/plurl/impl/PlurlImpl$PlurlFactoryHolder getHandler (Ljava/lang/String;)Ljava/lang/Object; 35 <appendix> member <vmtarget> ; # org/eclipse/equinox/plurl/impl/PlurlImpl$PlurlFactoryHolder$$Lambda+0x000001ba81254b80
instanceKlass org/eclipse/lsp4j/adapters/SemanticTokensFullDeltaResponseAdapter
instanceKlass org/eclipse/equinox/plurl/impl/PlurlImpl$4
instanceKlass ch/qos/logback/core/spi/SequenceNumberGenerator
instanceKlass org/eclipse/lsp4j/CallHierarchyOutgoingCall
instanceKlass ch/qos/logback/core/LifeCycleManager
instanceKlass org/eclipse/jdt/internal/launching/LibraryInfo
instanceKlass org/eclipse/lsp4j/CallHierarchyIncomingCall
instanceKlass com/google/inject/spi/InjectionRequest
instanceKlass org/eclipse/lsp4j/CallHierarchyItem
instanceKlass org/eclipse/sisu/bean/BeanProperty
instanceKlass org/eclipse/lsp4j/TypeHierarchyItem
instanceKlass org/eclipse/jdt/launching/AbstractVMInstall
instanceKlass com/google/inject/internal/Nullability
instanceKlass org/eclipse/lsp4j/CompletionList
instanceKlass  @bci com/google/inject/internal/KotlinSupport$KotlinUnsupported <clinit> ()V 7 <appendix> argL0 ; # com/google/inject/internal/KotlinSupport$KotlinUnsupported$$Lambda+0x000001ba81414cf0
instanceKlass com/google/inject/internal/KotlinSupport$KotlinUnsupported
instanceKlass org/eclipse/jdt/launching/IVMInstall3
instanceKlass org/eclipse/jdt/launching/IVMInstall2
instanceKlass org/eclipse/lsp4j/Moniker
instanceKlass com/google/inject/internal/KotlinSupport$KotlinSupportHolder
instanceKlass com/google/inject/internal/KotlinSupportInterface
instanceKlass com/google/inject/internal/KotlinSupport
instanceKlass org/eclipse/lsp4j/adapters/DocumentDiagnosticReportTypeAdapter
instanceKlass org/eclipse/jdt/internal/launching/VMDefinitionsContainer
instanceKlass org/eclipse/lsp4j/Command
instanceKlass com/google/inject/spi/InjectionPoint$OverrideIndex
instanceKlass org/eclipse/lsp4j/adapters/CodeActionResponseAdapter
instanceKlass org/eclipse/lsp4j/Hover
instanceKlass  @bci org/eclipse/jdt/internal/launching/StandardVMType <clinit> ()V 78 <appendix> argL0 ; # org/eclipse/jdt/internal/launching/StandardVMType$$Lambda+0x000001ba81410c98
instanceKlass org/eclipse/sisu/Mediator
instanceKlass  @bci org/eclipse/jdt/internal/launching/StandardVMType <clinit> ()V 0 <appendix> argL0 ; # org/eclipse/jdt/internal/launching/StandardVMType$$Lambda+0x000001ba81410a78
instanceKlass org/eclipse/sisu/inject/RankedBindings
instanceKlass org/eclipse/lsp4j/LocationLink
instanceKlass org/eclipse/lsp4j/Location
instanceKlass com/google/gson/internal/GsonTypes$WildcardTypeImpl
instanceKlass org/eclipse/jdt/launching/AbstractVMInstallType
instanceKlass com/google/inject/Inject
instanceKlass javax/inject/Inject
instanceKlass  @bci com/google/inject/internal/DeclaredMembers getDeclaredFields (Ljava/lang/Class;)[Ljava/lang/reflect/Field; 38 <appendix> argL0 ; # com/google/inject/internal/DeclaredMembers$$Lambda+0x000001ba8140f628
instanceKlass org/eclipse/jdt/launching/IVMInstallType
instanceKlass  @bci com/google/inject/internal/DeclaredMembers getDeclaredFields (Ljava/lang/Class;)[Ljava/lang/reflect/Field; 20 <appendix> argL0 ; # com/google/inject/internal/DeclaredMembers$$Lambda+0x000001ba8140f3e8
instanceKlass  @bci com/google/inject/internal/DeclaredMembers getDeclaredFields (Ljava/lang/Class;)[Ljava/lang/reflect/Field; 15 <appendix> argL0 ; # com/google/inject/internal/DeclaredMembers$$Lambda+0x000001ba8140f1a8
instanceKlass  @bci com/google/inject/internal/DeclaredMembers getDeclaredFields (Ljava/lang/Class;)[Ljava/lang/reflect/Field; 7 <appendix> argL0 ; # com/google/inject/internal/DeclaredMembers$$Lambda+0x000001ba8140ef68
instanceKlass sun/reflect/generics/tree/Wildcard
instanceKlass sun/reflect/generics/tree/BottomSignature
instanceKlass com/google/inject/spi/InjectionPoint$InjectableMembers
instanceKlass org/eclipse/lsp4j/adapters/LocationLinkListAdapter
instanceKlass com/google/inject/spi/InjectionPoint$InjectableMember
instanceKlass com/google/inject/spi/InjectionPoint
instanceKlass org/eclipse/lsp4j/WorkspaceEdit
instanceKlass com/google/inject/internal/MoreTypes$GenericArrayTypeImpl
instanceKlass com/google/inject/internal/MoreTypes$CompositeType
instanceKlass org/eclipse/lsp4j/CodeLens
instanceKlass com/google/inject/Key$AnnotationTypeStrategy
instanceKlass org/eclipse/lsp4j/DocumentRangesFormattingParams
instanceKlass org/eclipse/lsp4j/CodeAction
instanceKlass org/eclipse/lsp4j/DocumentRangeFormattingParams
instanceKlass org/eclipse/jdt/internal/launching/environments/Analyzer
instanceKlass  @bci sun/reflect/annotation/AnnotationParser parseEnumArray (ILjava/lang/Class;Ljava/nio/ByteBuffer;Ljdk/internal/reflect/ConstantPool;Ljava/lang/Class;)Ljava/lang/Object; 16 <appendix> member <vmtarget> ; # sun/reflect/annotation/AnnotationParser$$Lambda+0x000001ba8136c9a0
instanceKlass org/eclipse/jdt/launching/environments/IExecutionEnvironmentAnalyzerDelegate
instanceKlass javax/inject/Named
instanceKlass javax/inject/Qualifier
instanceKlass com/google/inject/BindingAnnotation
instanceKlass javax/inject/Scope
instanceKlass com/google/inject/ScopeAnnotation
instanceKlass org/eclipse/jdt/internal/launching/environments/AccessRuleParticipant
instanceKlass com/google/inject/internal/Annotations$AnnotationChecker
instanceKlass org/eclipse/lsp4j/InlineValueParams
instanceKlass org/eclipse/jdt/internal/launching/environments/ExecutionEnvironment$1
instanceKlass org/eclipse/jdt/launching/environments/IAccessRuleParticipant
instanceKlass org/eclipse/jdt/internal/launching/environments/ExecutionEnvironment
instanceKlass com/google/inject/internal/Annotations$TestAnnotation
instanceKlass com/google/inject/internal/Annotations$AnnotationToStringConfig
instanceKlass org/eclipse/lsp4j/InlayHint
instanceKlass com/google/common/base/Joiner$MapJoiner
instanceKlass com/google/common/base/Joiner
instanceKlass  @bci org/eclipse/jdt/internal/launching/environments/EnvironmentsManager initializeExtensions ()V 14 <appendix> argL0 ; # org/eclipse/jdt/internal/launching/environments/EnvironmentsManager$$Lambda+0x000001ba813bd168
instanceKlass  @bci org/eclipse/jdt/internal/launching/environments/EnvironmentsManager initializeExtensions ()V 9 <appendix> member <vmtarget> ; # org/eclipse/jdt/internal/launching/environments/EnvironmentsManager$$Lambda+0x000001ba813bcec8
instanceKlass org/eclipse/jdt/launching/environments/IExecutionEnvironment
instanceKlass com/google/inject/internal/Annotations
instanceKlass org/eclipse/jdt/internal/launching/environments/EnvironmentsManager
instanceKlass org/eclipse/sisu/Parameters
instanceKlass org/eclipse/sisu/wire/ParameterKeys
instanceKlass org/eclipse/lsp4j/CompletionItem
instanceKlass org/eclipse/jdt/core/ClasspathContainerInitializer
instanceKlass com/google/inject/internal/util/StackTraceElements$InMemoryStackTraceElement
instanceKlass com/google/inject/internal/util/StackTraceElements
instanceKlass org/eclipse/jdt/internal/core/DeltaProcessor$2
instanceKlass org/eclipse/jdt/internal/core/ModelUpdater
instanceKlass org/eclipse/lsp4j/DocumentLink
instanceKlass org/eclipse/sisu/wire/TypeConverterCache
instanceKlass org/eclipse/core/internal/resources/ProjectNatureDescriptor
instanceKlass  @bci org/eclipse/core/internal/resources/CheckMissingNaturesListener resourceChanged (Lorg/eclipse/core/resources/IResourceChangeEvent;)V 25 <appendix> member <vmtarget> ; # org/eclipse/core/internal/resources/CheckMissingNaturesListener$$Lambda+0x000001ba813ae1f0
instanceKlass org/eclipse/lsp4j/InlayHintParams
instanceKlass org/eclipse/lsp4j/DocumentFormattingParams
instanceKlass org/eclipse/core/internal/events/NotificationManager$1
instanceKlass com/google/inject/internal/Scoping
instanceKlass  @bci org/eclipse/core/internal/events/ResourceChangeListenerList getListeners ()[Lorg/eclipse/core/internal/events/ResourceChangeListenerList$ListenerEntry; 4 <appendix> argL0 ; # org/eclipse/core/internal/events/ResourceChangeListenerList$$Lambda+0x000001ba813add90
instanceKlass com/google/inject/internal/InternalFactory
instanceKlass org/eclipse/core/internal/events/NodeIDMap
instanceKlass com/google/inject/internal/InternalFlags$1
instanceKlass org/eclipse/lsp4j/DidOpenTextDocumentParams
instanceKlass org/eclipse/lsp4j/DidChangeTextDocumentParams
instanceKlass org/eclipse/lsp4j/WillSaveTextDocumentParams
instanceKlass com/google/inject/internal/InternalFlags
instanceKlass org/eclipse/core/internal/events/ResourceDeltaInfo
instanceKlass org/eclipse/lsp4j/DidSaveTextDocumentParams
instanceKlass org/eclipse/lsp4j/WorkDoneProgressAndPartialResultParams
instanceKlass org/eclipse/core/internal/dtree/NodeComparison
instanceKlass org/eclipse/core/internal/events/ResourceDeltaFactory
instanceKlass org/eclipse/core/resources/IMarkerDelta
instanceKlass com/google/inject/spi/ProviderKeyBinding
instanceKlass org/eclipse/core/internal/events/ResourceComparator
instanceKlass com/google/inject/spi/ProviderInstanceBinding
instanceKlass com/google/inject/spi/InstanceBinding
instanceKlass org/eclipse/lsp4j/DidCloseTextDocumentParams
instanceKlass com/google/inject/internal/DelayedInitialize
instanceKlass  @bci org/eclipse/core/internal/jobs/JobManager cancel (Lorg/eclipse/core/internal/jobs/InternalJob;)Z 15 <appendix> member <vmtarget> ; # org/eclipse/core/internal/jobs/JobManager$$Lambda+0x000001ba811b2600
instanceKlass com/google/inject/spi/ConstructorBinding
instanceKlass com/google/inject/spi/HasDependencies
instanceKlass com/google/inject/spi/LinkedKeyBinding
instanceKlass com/google/inject/spi/UntargettedBinding
instanceKlass com/google/inject/internal/BindingImpl
instanceKlass com/google/inject/Key$AnnotationStrategy
instanceKlass org/eclipse/sisu/wire/ElementAnalyzer$1
instanceKlass org/eclipse/lsp4j/InitializeResult
instanceKlass org/eclipse/lsp4j/WorkDoneProgressCancelParams
instanceKlass org/eclipse/lsp4j/services/NotebookDocumentService
instanceKlass org/eclipse/lsp4j/SetTraceParams
instanceKlass com/google/inject/util/Modules$EmptyModule
instanceKlass org/eclipse/lsp4j/InitializedParams
instanceKlass com/google/inject/util/Modules$OverriddenModuleBuilder
instanceKlass org/eclipse/lsp4j/InitializeParams
instanceKlass com/google/inject/util/Modules
instanceKlass  @bci org/eclipse/core/internal/jobs/JobManager wakeUp (Lorg/eclipse/core/internal/jobs/InternalJob;J)V 23 <appendix> member <vmtarget> ; # org/eclipse/core/internal/jobs/JobManager$$Lambda+0x000001ba811b23b0
instanceKlass  @bci com/google/inject/internal/DeclaredMembers getDeclaredMethods (Ljava/lang/Class;)[Ljava/lang/reflect/Method; 62 <appendix> argL0 ; # com/google/inject/internal/DeclaredMembers$$Lambda+0x000001ba813f1b78
instanceKlass org/eclipse/jdt/ls/core/internal/JobHelpers$ProjectRegistryRefreshJobMatcher
instanceKlass org/eclipse/jdt/ls/core/internal/JobHelpers$IJobMatcher
instanceKlass org/eclipse/jdt/ls/core/internal/JavaClientConnection
instanceKlass org/eclipse/lsp4j/jsonrpc/CancelChecker
instanceKlass org/eclipse/jdt/ls/core/internal/JobHelpers
instanceKlass jdk/internal/vm/annotation/IntrinsicCandidate
instanceKlass java/lang/Deprecated
instanceKlass org/eclipse/lsp4j/jsonrpc/json/JsonRpcMethodProvider
instanceKlass org/eclipse/lsp4j/jsonrpc/services/JsonDelegate
instanceKlass  @bci org/eclipse/lsp4j/jsonrpc/services/ServiceEndpoints getSupportedMethods (Ljava/lang/Class;Ljava/util/Set;)Ljava/util/Map; 29 <appendix> member <vmtarget> ; # org/eclipse/lsp4j/jsonrpc/services/ServiceEndpoints$$Lambda+0x000001ba813f4ab8
instanceKlass com/google/common/collect/Ordering
instanceKlass org/eclipse/jdt/ls/core/internal/ActionableNotification
instanceKlass com/google/common/cache/LocalCache$StrongValueReference
instanceKlass com/google/common/util/concurrent/AbstractFuture$Failure
instanceKlass org/eclipse/jdt/ls/core/internal/EventNotification
instanceKlass com/google/common/util/concurrent/AbstractFuture$Cancellation
instanceKlass org/eclipse/jdt/ls/core/internal/StatusReport
instanceKlass  @bci com/google/inject/internal/DeclaredMembers getDeclaredMethods (Ljava/lang/Class;)[Ljava/lang/reflect/Method; 38 <appendix> argL0 ; # com/google/inject/internal/DeclaredMembers$$Lambda+0x000001ba813f1938
instanceKlass com/google/common/util/concurrent/AbstractFuture$DelegatingToFuture
instanceKlass org/eclipse/jdt/ls/core/internal/ProgressReport
instanceKlass  @bci com/google/inject/internal/DeclaredMembers getDeclaredMethods (Ljava/lang/Class;)[Ljava/lang/reflect/Method; 33 <appendix> argL0 ; # com/google/inject/internal/DeclaredMembers$$Lambda+0x000001ba813f16f8
instanceKlass  @bci com/google/inject/internal/DeclaredMembers getDeclaredMethods (Ljava/lang/Class;)[Ljava/lang/reflect/Method; 20 <appendix> argL0 ; # com/google/inject/internal/DeclaredMembers$$Lambda+0x000001ba813f14b8
instanceKlass com/google/common/util/concurrent/Platform
instanceKlass  @bci com/google/inject/internal/DeclaredMembers getDeclaredMethods (Ljava/lang/Class;)[Ljava/lang/reflect/Method; 15 <appendix> argL0 ; # com/google/inject/internal/DeclaredMembers$$Lambda+0x000001ba813f1278
instanceKlass  @bci com/google/inject/internal/DeclaredMembers getDeclaredMethods (Ljava/lang/Class;)[Ljava/lang/reflect/Method; 7 <appendix> argL0 ; # com/google/inject/internal/DeclaredMembers$$Lambda+0x000001ba813f1038
instanceKlass com/google/inject/internal/DeclaredMembers
instanceKlass org/eclipse/lsp4j/ExecuteCommandParams
instanceKlass com/google/common/util/concurrent/Uninterruptibles
instanceKlass org/eclipse/lsp4j/ApplyWorkspaceEditResponse
instanceKlass org/eclipse/lsp4j/ShowDocumentResult
instanceKlass org/eclipse/lsp4j/WorkspaceFolder
instanceKlass com/google/gson/internal/Primitives
# instanceKlass org/eclipse/buildship/core/internal/preferences/DefaultModelPersistence$$Lambda+0x000001ba813eb9c0
instanceKlass  @bci org/eclipse/buildship/core/internal/preferences/DefaultModelPersistence doLoadModel (Lorg/eclipse/core/resources/IProject;)Lorg/eclipse/buildship/core/internal/preferences/PersistentModel; 15 <appendix> member <vmtarget> ; # org/eclipse/buildship/core/internal/preferences/DefaultModelPersistence$$Lambda+0x000001ba813eb778
instanceKlass org/eclipse/lsp4j/jsonrpc/services/JsonNotification
instanceKlass org/eclipse/lsp4j/MessageActionItem
instanceKlass org/eclipse/buildship/core/internal/preferences/DefaultPersistentModel
instanceKlass  @bci java/util/regex/CharPredicates ctype (I)Ljava/util/regex/Pattern$CharPredicate; 1 <appendix> member <vmtarget> ; # java/util/regex/CharPredicates$$Lambda+0x000001ba8136b5b0
instanceKlass org/eclipse/lsp4j/jsonrpc/json/JsonRpcMethod
instanceKlass org/eclipse/buildship/core/internal/util/gradle/GradleVersion
instanceKlass org/eclipse/lsp4j/jsonrpc/json/ResponseJsonAdapter
instanceKlass sun/reflect/generics/tree/MethodTypeSignature
instanceKlass org/eclipse/buildship/core/internal/preferences/PersistentModelConverter$18
instanceKlass com/google/common/collect/ImmutableMap$Builder
instanceKlass  @bci org/eclipse/lsp4j/jsonrpc/services/AnnotationUtil getParameterTypes (Ljava/lang/reflect/Method;)[Ljava/lang/reflect/Type; 17 <appendix> argL0 ; # org/eclipse/lsp4j/jsonrpc/services/AnnotationUtil$$Lambda+0x000001ba813f4000
instanceKlass org/eclipse/buildship/core/internal/preferences/PersistentModelConverter$17
instanceKlass  @bci org/eclipse/lsp4j/jsonrpc/services/AnnotationUtil getParameterTypes (Ljava/lang/reflect/Method;)[Ljava/lang/reflect/Type; 7 <appendix> argL0 ; # org/eclipse/lsp4j/jsonrpc/services/AnnotationUtil$$Lambda+0x000001ba813e5d70
instanceKlass org/eclipse/buildship/core/internal/preferences/BuildCommandConverter
instanceKlass com/google/inject/internal/MoreTypes
instanceKlass org/eclipse/buildship/core/internal/preferences/PersistentModelConverter$16
instanceKlass org/eclipse/lsp4j/jsonrpc/services/JsonRequest
instanceKlass com/google/inject/multibindings/ProvidesIntoOptional
instanceKlass org/eclipse/lsp4j/PublishDiagnosticsParams
instanceKlass com/google/inject/multibindings/ProvidesIntoMap
instanceKlass com/google/inject/multibindings/ProvidesIntoSet
instanceKlass com/google/inject/Provides
instanceKlass com/google/common/base/Functions
instanceKlass org/eclipse/lsp4j/RegistrationParams
instanceKlass org/eclipse/buildship/core/internal/preferences/PersistentModelConverter$15
instanceKlass javax/inject/Singleton
instanceKlass org/eclipse/lsp4j/UnregistrationParams
instanceKlass com/google/inject/spi/ElementSource
instanceKlass org/eclipse/lsp4j/ApplyWorkspaceEditParams
instanceKlass com/google/inject/spi/ScopeBinding
instanceKlass org/eclipse/buildship/core/internal/preferences/PersistentModelConverter$14
instanceKlass org/eclipse/lsp4j/LogTraceParams
instanceKlass com/google/inject/Scopes$2
instanceKlass org/eclipse/buildship/core/internal/preferences/ClasspathConverter
instanceKlass com/google/inject/Scopes$1
instanceKlass org/eclipse/lsp4j/ShowDocumentParams
instanceKlass com/google/inject/internal/SingletonScope
instanceKlass org/eclipse/buildship/core/internal/preferences/PersistentModelConverter$13
instanceKlass com/google/common/collect/NullnessCasts
instanceKlass com/google/inject/Scopes
instanceKlass org/eclipse/lsp4j/WorkDoneProgressCreateParams
instanceKlass com/google/gson/internal/LinkedTreeMap$Node
instanceKlass com/google/inject/Singleton
instanceKlass com/google/inject/spi/Elements$ModuleInfo
instanceKlass org/eclipse/lsp4j/ProgressParams
instanceKlass com/google/common/collect/TransformedIterator
instanceKlass com/google/gson/internal/LinkedTreeMap$1
instanceKlass com/google/inject/PrivateModule
instanceKlass  @bci com/google/gson/internal/ConstructorConstructor newCollectionConstructor (Ljava/lang/Class;)Lcom/google/gson/internal/ObjectConstructor; 9 <appendix> argL0 ; # com/google/gson/internal/ConstructorConstructor$$Lambda+0x000001ba813dac48
instanceKlass org/eclipse/lsp4j/MessageParams
instanceKlass  @bci com/google/gson/internal/ConstructorConstructor newMapConstructor (Ljava/lang/reflect/Type;Ljava/lang/Class;)Lcom/google/gson/internal/ObjectConstructor; 16 <appendix> argL0 ; # com/google/gson/internal/ConstructorConstructor$$Lambda+0x000001ba813daa28
instanceKlass com/google/common/base/ExtraObjectsMethodsForWeb
instanceKlass org/eclipse/buildship/core/internal/configuration/DefaultProjectConfiguration
instanceKlass  @bci com/google/inject/spi/BindingSourceRestriction$PermitMapConstruction pushModule (Ljava/lang/Class;Lcom/google/inject/spi/ModuleSource;)V 5 <appendix> member <vmtarget> ; # com/google/inject/spi/BindingSourceRestriction$PermitMapConstruction$$Lambda+0x000001ba813e6aa8
instanceKlass org/eclipse/lsp4j/TextDocumentContentRefreshParams
instanceKlass  @bci com/google/inject/spi/BindingSourceRestriction getPermits (Ljava/lang/Class;)Ljava/util/stream/Stream; 43 <appendix> argL0 ; # com/google/inject/spi/BindingSourceRestriction$$Lambda+0x000001ba813e6858
instanceKlass org/eclipse/buildship/core/internal/configuration/WorkspaceConfiguration
instanceKlass  @bci com/google/inject/spi/BindingSourceRestriction getPermits (Ljava/lang/Class;)Ljava/util/stream/Stream; 33 <appendix> argL0 ; # com/google/inject/spi/BindingSourceRestriction$$Lambda+0x000001ba813e6618
instanceKlass java/util/concurrent/CompletableFuture
instanceKlass sun/reflect/annotation/AnnotatedTypeFactory$AnnotatedTypeBaseImpl
instanceKlass sun/reflect/annotation/AnnotatedTypeFactory
instanceKlass org/eclipse/lsp4j/ConfigurationParams
instanceKlass sun/reflect/annotation/TypeAnnotation$LocationInfo$Location
instanceKlass sun/reflect/annotation/TypeAnnotation$LocationInfo
instanceKlass com/google/common/base/Predicates
instanceKlass com/google/gson/internal/ReflectionAccessFilterHelper
instanceKlass sun/reflect/annotation/TypeAnnotation
instanceKlass org/eclipse/buildship/core/internal/configuration/DefaultBuildConfiguration
instanceKlass sun/reflect/annotation/TypeAnnotationParser
instanceKlass org/eclipse/lsp4j/jsonrpc/services/JsonSegment
instanceKlass org/eclipse/lsp4j/jsonrpc/services/AnnotationUtil
instanceKlass com/google/inject/RestrictedBindingSource
instanceKlass com/google/inject/spi/BindingSourceRestriction
instanceKlass com/google/gson/internal/reflect/ReflectionHelper$RecordHelper
instanceKlass org/eclipse/buildship/core/internal/configuration/BuildConfigurationProperties
instanceKlass  @bci org/eclipse/lsp4j/jsonrpc/services/ServiceEndpoints getSupportedMethods (Ljava/lang/Class;Ljava/util/Set;)Ljava/util/Map; 11 <appendix> member <vmtarget> ; # org/eclipse/lsp4j/jsonrpc/services/ServiceEndpoints$$Lambda+0x000001ba813e52d0
instanceKlass com/google/gson/internal/reflect/ReflectionHelper
instanceKlass org/eclipse/lsp4j/jsonrpc/services/AnnotationUtil$MethodInfo
instanceKlass com/google/common/base/NullnessCasts
instanceKlass com/google/inject/spi/ModuleSource
instanceKlass org/eclipse/lsp4j/jsonrpc/services/ServiceEndpoints
instanceKlass com/google/inject/internal/ProviderMethodsModule
instanceKlass org/eclipse/lsp4j/jsonrpc/Endpoint
instanceKlass org/eclipse/lsp4j/jsonrpc/json/MethodProvider
instanceKlass org/eclipse/lsp4j/jsonrpc/MessageProducer
instanceKlass org/eclipse/lsp4j/jsonrpc/MessageConsumer
instanceKlass org/eclipse/lsp4j/jsonrpc/MessageIssueHandler
instanceKlass com/google/common/base/AbstractIterator
instanceKlass org/eclipse/lsp4j/jsonrpc/Launcher$Builder
instanceKlass com/google/common/base/Splitter$5
instanceKlass com/google/inject/spi/BindingSourceRestriction$PermitMapConstruction$PermitMapImpl
instanceKlass com/google/gson/internal/JsonReaderInternalAccess
instanceKlass com/google/inject/spi/BindingSourceRestriction$PermitMap
instanceKlass com/google/inject/spi/BindingSourceRestriction$PermitMapConstruction
instanceKlass org/eclipse/lsp4j/jsonrpc/Launcher
instanceKlass com/google/gson/internal/GsonTypes$ParameterizedTypeImpl
instanceKlass org/eclipse/jdt/ls/core/internal/JavaClientConnection$JavaLanguageClient
instanceKlass org/eclipse/jdt/ls/core/internal/lsp/ExecuteCommandProposedClient
instanceKlass java/lang/reflect/WildcardType
instanceKlass org/eclipse/lsp4j/services/LanguageClient
instanceKlass com/google/common/collect/Hashing
instanceKlass com/google/gson/internal/GsonTypes
# instanceKlass com/google/common/base/Splitter$$Lambda+0x000001ba813e0000
instanceKlass  @bci com/google/common/base/Splitter on (Lcom/google/common/base/CharMatcher;)Lcom/google/common/base/Splitter; 10 <appendix> member <vmtarget> ; # com/google/common/base/Splitter$$Lambda+0x000001ba813dfc30
instanceKlass com/google/common/base/Splitter$Strategy
instanceKlass com/google/common/math/IntMath$1
instanceKlass com/google/common/math/MathPreconditions
instanceKlass com/google/common/base/CharMatcher
instanceKlass com/google/common/collect/Iterables
instanceKlass sun/reflect/generics/tree/TypeVariableSignature
instanceKlass sun/reflect/generics/reflectiveObjects/LazyReflectiveObjectGenerator
instanceKlass com/google/common/math/IntMath
instanceKlass sun/reflect/generics/reflectiveObjects/ParameterizedTypeImpl
instanceKlass java/lang/reflect/ParameterizedType
instanceKlass sun/reflect/generics/tree/ClassSignature
instanceKlass sun/reflect/generics/tree/Signature
instanceKlass sun/reflect/generics/tree/FormalTypeParameter
instanceKlass sun/reflect/generics/repository/AbstractRepository
instanceKlass com/google/gson/Gson
instanceKlass com/google/common/base/CommonPattern
instanceKlass com/google/common/base/Splitter
instanceKlass org/eclipse/buildship/core/internal/workspace/DefaultWorkspaceOperations$2
instanceKlass com/google/common/collect/FluentIterable
instanceKlass org/eclipse/buildship/core/internal/preferences/PersistentModelConverter$12
instanceKlass com/google/gson/internal/bind/ReflectiveTypeAdapterFactory$BoundField
instanceKlass com/google/inject/internal/AbstractBindingBuilder
instanceKlass org/eclipse/jdt/ls/core/internal/ParentProcessWatcher
instanceKlass com/google/gson/internal/bind/ReflectiveTypeAdapterFactory
instanceKlass org/eclipse/buildship/core/internal/preferences/PersistentModelConverter$11
instanceKlass org/eclipse/buildship/core/internal/preferences/PersistentModelConverter$10
instanceKlass org/eclipse/buildship/core/internal/preferences/PersistentModelConverter
instanceKlass sun/nio/ch/PendingIoCache
instanceKlass com/google/gson/internal/bind/MapTypeAdapterFactory
instanceKlass sun/nio/ch/Invoker$GroupAndInvokeCount
instanceKlass com/google/gson/internal/bind/CollectionTypeAdapterFactory
instanceKlass sun/nio/ch/Invoker
instanceKlass  @bci org/eclipse/buildship/core/internal/preferences/DefaultModelPersistence doLoadModel (Lorg/eclipse/core/resources/IProject;)Lorg/eclipse/buildship/core/internal/preferences/PersistentModel; 6 <appendix> member <vmtarget> ; # org/eclipse/buildship/core/internal/preferences/DefaultModelPersistence$$Lambda+0x000001ba813d2208
instanceKlass com/google/inject/binder/ConstantBindingBuilder
instanceKlass org/eclipse/buildship/core/internal/util/file/RelativePathUtils
instanceKlass sun/nio/ch/AsynchronousChannelGroupImpl$1
instanceKlass com/google/gson/internal/bind/ArrayTypeAdapter$1
instanceKlass com/google/inject/binder/AnnotatedElementBuilder
instanceKlass sun/nio/ch/AsynchronousChannelGroupImpl$2
instanceKlass com/google/inject/spi/Elements$RecordingBinder
instanceKlass sun/nio/ch/Iocp$EventHandlerTask
instanceKlass  @bci sun/nio/ch/ThreadPool defaultThreadFactory ()Ljava/util/concurrent/ThreadFactory; 6 <appendix> argL0 ; # sun/nio/ch/ThreadPool$$Lambda+0x000001ba81364f68
instanceKlass sun/nio/ch/ThreadPool
instanceKlass sun/nio/ch/Iocp$CompletionStatus
instanceKlass com/google/common/util/concurrent/AbstractFuture$Listener
instanceKlass com/google/gson/internal/bind/JavaTimeTypeAdapters$14
instanceKlass java/nio/channels/AsynchronousChannelGroup
instanceKlass sun/nio/ch/WindowsAsynchronousFileChannelImpl$DefaultIocpHolder
instanceKlass com/google/common/util/concurrent/AbstractFutureState$Waiter
instanceKlass org/eclipse/buildship/core/internal/configuration/PreferenceStore
instanceKlass sun/nio/ch/Groupable
instanceKlass sun/nio/ch/Iocp$OverlappedChannel
instanceKlass  @bci org/eclipse/buildship/core/internal/CorePlugin scheduleSynchronizationForAbsentModels ()V 15 <appendix> argL0 ; # org/eclipse/buildship/core/internal/CorePlugin$$Lambda+0x000001ba813cb680
instanceKlass sun/nio/fs/WindowsChannelFactory$2
instanceKlass java/nio/channels/AsynchronousFileChannel
instanceKlass org/eclipse/buildship/core/internal/extension/DefaultExtensionManager
instanceKlass org/eclipse/buildship/core/internal/operation/DefaultToolingApiOperationManager
instanceKlass com/google/gson/internal/bind/JavaTimeTypeAdapters
instanceKlass java/net/ProtocolFamily
instanceKlass com/google/common/util/concurrent/LazyLogger
instanceKlass com/google/inject/Binding
instanceKlass org/eclipse/jdt/ls/core/internal/ConnectionStreamFactory$PipeStreamProvider
instanceKlass com/google/inject/spi/DefaultBindingTargetVisitor
instanceKlass com/google/gson/internal/bind/TypeAdapters$FactorySupplier
instanceKlass org/eclipse/buildship/core/internal/launch/DefaultExternalLaunchConfigurationManager$LaunchConfigurationListener
instanceKlass com/google/gson/internal/bind/DefaultDateTypeAdapter$1
instanceKlass  @bci org/eclipse/jdt/ls/core/internal/ConnectionStreamFactory getPipeFile ()Ljava/io/File; 58 <appendix> argL0 ; # org/eclipse/jdt/ls/core/internal/ConnectionStreamFactory$$Lambda+0x000001ba813c1238
instanceKlass com/google/common/util/concurrent/AbstractFutureState$AtomicHelper
instanceKlass org/eclipse/buildship/core/internal/launch/DefaultExternalLaunchConfigurationManager
instanceKlass com/google/inject/spi/BindingTargetVisitor
instanceKlass java/lang/ProcessHandleImpl$Info
instanceKlass java/lang/ProcessHandle$Info
instanceKlass com/google/inject/spi/Elements
instanceKlass com/google/common/util/concurrent/internal/InternalFutureFailureAccess
instanceKlass  @bci java/lang/ProcessHandleImpl lambda$static$1 ()Ljava/util/concurrent/Executor; 45 <appendix> form vmentry <vmtarget> ; # java/lang/invoke/LambdaForm$DMH+0x000001ba813d0800
instanceKlass java/util/concurrent/atomic/AtomicLongArray
instanceKlass  @bci java/lang/ProcessHandleImpl lambda$static$1 ()Ljava/util/concurrent/Executor; 45 <appendix> member <vmtarget> ; # java/lang/ProcessHandleImpl$$Lambda+0x000001ba81362580
instanceKlass com/google/inject/internal/InjectorShell$RootModule
instanceKlass  @cpi java/lang/ProcessHandleImpl 436 form vmentry <vmtarget> ; # java/lang/invoke/LambdaForm$DMH+0x000001ba813d0400
instanceKlass org/eclipse/buildship/core/internal/configuration/BuildConfigurationPersistence
instanceKlass com/google/gson/internal/bind/NumberTypeAdapter$1
# instanceKlass java/lang/invoke/LambdaForm$DMH+0x000001ba813d0000
instanceKlass  @bci java/lang/ProcessHandleImpl <clinit> ()V 32 <appendix> argL0 ; # java/lang/ProcessHandleImpl$$Lambda+0x000001ba81362360
instanceKlass com/google/gson/internal/sql/SqlTimestampTypeAdapter$1
instanceKlass java/lang/ProcessHandleImpl
instanceKlass org/eclipse/buildship/core/internal/configuration/WorkspaceConfigurationPersistence
instanceKlass java/lang/ProcessHandle
instanceKlass org/eclipse/jdt/ls/core/internal/ConnectionStreamFactory$StreamProvider
instanceKlass org/eclipse/jdt/ls/core/internal/ConnectionStreamFactory
instanceKlass com/google/gson/internal/sql/SqlTimeTypeAdapter$1
instanceKlass org/eclipse/buildship/core/internal/configuration/BuildConfiguration
instanceKlass org/eclipse/buildship/core/internal/configuration/TestRunConfiguration
instanceKlass org/eclipse/buildship/core/internal/launch/BaseRunConfigurationAttributes
instanceKlass org/eclipse/buildship/core/internal/configuration/RunConfiguration
instanceKlass org/eclipse/buildship/core/internal/configuration/BaseRunConfiguration
instanceKlass org/eclipse/jdt/ls/core/internal/JVMConfigurator
instanceKlass org/eclipse/buildship/core/internal/configuration/ProjectConfiguration
instanceKlass org/eclipse/buildship/core/GradleDistribution
instanceKlass org/eclipse/buildship/core/internal/configuration/DefaultConfigurationManager
instanceKlass com/google/gson/internal/sql/SqlDateTypeAdapter$1
instanceKlass com/google/common/util/concurrent/AbstractFuture$Trusted
instanceKlass com/google/common/collect/ListMultimap
instanceKlass com/google/inject/internal/InjectorBindingData
instanceKlass com/google/common/util/concurrent/ListenableFuture
instanceKlass org/eclipse/buildship/core/internal/configuration/GradleProjectNature
instanceKlass org/eclipse/jdt/ls/core/internal/handlers/TypeHierarchyHandler
instanceKlass org/eclipse/buildship/core/internal/invocation/InvocationCustomizerCollector
instanceKlass org/eclipse/jdt/ls/core/internal/handlers/WorkspaceExecuteCommandHandler$CommandHandlerHolder
instanceKlass com/google/common/collect/ObjectArrays
instanceKlass org/eclipse/buildship/core/internal/operation/ToolingApiJobResultHandler
instanceKlass org/eclipse/buildship/core/internal/workspace/SynchronizingBuildScriptUpdateListener
instanceKlass org/eclipse/jdt/ls/core/internal/handlers/WorkspaceExecuteCommandHandler
instanceKlass  @bci com/google/inject/internal/WeakKeySet <init> (Ljava/lang/Object;)V 12 <appendix> member <vmtarget> ; # com/google/inject/internal/WeakKeySet$$Lambda+0x000001ba813b5030
instanceKlass com/google/inject/internal/WeakKeySet
instanceKlass org/eclipse/buildship/core/internal/workspace/ProjectChangeListener
instanceKlass org/eclipse/buildship/core/internal/preferences/PersistentModel
instanceKlass com/google/gson/internal/bind/DefaultDateTypeAdapter$DateType
instanceKlass com/google/gson/internal/sql/SqlTypesSupport
instanceKlass com/google/gson/internal/bind/ObjectTypeAdapter$1
instanceKlass org/eclipse/buildship/core/internal/preferences/DefaultModelPersistence
instanceKlass org/eclipse/jdt/ls/core/internal/handlers/BaseDocumentLifeCycleHandler
instanceKlass com/google/common/collect/Sets
instanceKlass com/google/gson/internal/bind/EnumTypeAdapter$1
instanceKlass org/eclipse/buildship/core/internal/event/EventListener
instanceKlass org/eclipse/lsp4j/PartialResultParams
instanceKlass org/eclipse/lsp4j/WorkDoneProgressParams
instanceKlass org/eclipse/buildship/core/internal/event/DefaultListenerRegistry
instanceKlass org/eclipse/lsp4j/TextDocumentPositionParams
instanceKlass org/eclipse/debug/core/model/ISourceLocator
instanceKlass org/eclipse/jdt/internal/launching/sourcelookup/advanced/AdvancedSourceLookupSupport
instanceKlass com/google/gson/internal/bind/TypeAdapters$32
instanceKlass org/eclipse/debug/internal/core/groups/GroupMemberChangeListener
instanceKlass java/util/Currency
instanceKlass com/google/inject/internal/InjectorJitBindingData
instanceKlass com/google/gson/internal/bind/TypeAdapters$33
instanceKlass java/util/concurrent/atomic/AtomicIntegerArray
instanceKlass com/google/gson/internal/bind/TypeAdapters$31
instanceKlass com/google/gson/internal/bind/TypeAdapters$30
instanceKlass com/google/inject/internal/ProcessedBindingData
instanceKlass com/google/gson/stream/JsonWriter
instanceKlass com/google/gson/stream/JsonReader
instanceKlass com/google/inject/spi/DefaultElementVisitor
instanceKlass com/google/gson/internal/bind/TypeAdapters
instanceKlass com/google/gson/internal/Excluder
instanceKlass com/google/gson/internal/bind/JsonAdapterAnnotationTypeAdapterFactory$DummyTypeAdapterFactory
instanceKlass com/google/inject/internal/InjectorShell$Builder
instanceKlass org/eclipse/core/internal/watson/ElementTreeIterator
instanceKlass com/google/gson/TypeAdapter
instanceKlass com/google/gson/internal/bind/JsonAdapterAnnotationTypeAdapterFactory
instanceKlass com/google/gson/TypeAdapterFactory
instanceKlass com/google/common/collect/Lists
instanceKlass com/google/gson/internal/ObjectConstructor
instanceKlass com/google/gson/internal/ConstructorConstructor
instanceKlass  @bci org/eclipse/core/internal/resources/Resource accept (Lorg/eclipse/core/resources/IResourceProxyVisitor;II)V 50 <adapter> ; # java/lang/invoke/LambdaForm$MH+0x000001ba813a9800
# instanceKlass java/lang/invoke/LambdaForm$DMH+0x000001ba813a9400
instanceKlass  @bci org/eclipse/core/internal/resources/Resource accept (Lorg/eclipse/core/resources/IResourceProxyVisitor;II)V 50 <appendix> form vmentry <vmtarget> ; # java/lang/invoke/LambdaForm$DMH+0x000001ba813a9000
instanceKlass  @bci org/eclipse/core/internal/resources/Resource accept (Lorg/eclipse/core/resources/IResourceProxyVisitor;II)V 50 <appendix> member <vmtarget> ; # org/eclipse/core/internal/resources/Resource$$Lambda+0x000001ba81237be0
instanceKlass com/google/common/collect/CollectPreconditions
instanceKlass com/google/common/collect/LinkedHashMultimap$MultimapIterationChain
instanceKlass com/google/gson/FormattingStyle
instanceKlass com/google/gson/ToNumberStrategy
instanceKlass com/google/gson/FieldNamingStrategy
instanceKlass com/google/common/collect/Platform
instanceKlass com/google/gson/GsonBuilder
instanceKlass com/google/common/base/Optional
instanceKlass com/google/common/collect/Multiset
instanceKlass com/google/common/io/ByteArrayDataInput
instanceKlass com/google/common/io/ByteArrayDataOutput
instanceKlass  @cpi org/eclipse/core/internal/resources/Resource 1633 form vmentry <vmtarget> ; # java/lang/invoke/LambdaForm$DMH+0x000001ba813a0c00
instanceKlass org/eclipse/core/internal/resources/ResourceProxy
instanceKlass org/eclipse/jdt/launching/StandardClasspathProvider
instanceKlass com/google/common/io/ByteStreams
instanceKlass com/google/common/collect/AbstractMultimap
instanceKlass org/eclipse/jdt/launching/IVMConnector
instanceKlass org/eclipse/jdt/launching/IRuntimeClasspathEntry
instanceKlass org/eclipse/debug/internal/core/LaunchManager$ResourceProxyVisitor
instanceKlass org/eclipse/jdt/launching/environments/IExecutionEnvironmentsManager
instanceKlass org/eclipse/jdt/launching/IRuntimeClasspathEntryResolver
instanceKlass org/eclipse/jdt/launching/IVMInstall
instanceKlass org/eclipse/jdt/launching/IRuntimeClasspathProvider
instanceKlass org/eclipse/jdt/launching/JavaRuntime
instanceKlass java/nio/channels/spi/AbstractInterruptibleChannel$1
instanceKlass sun/nio/ch/Interruptible
instanceKlass  @bci com/google/common/io/Closer <clinit> ()V 0 <appendix> argL0 ; # com/google/common/io/Closer$$Lambda+0x000001ba813a4938
instanceKlass  @cpi com/google/common/io/Closer 177 form vmentry <vmtarget> ; # java/lang/invoke/LambdaForm$DMH+0x000001ba813a0800
instanceKlass org/eclipse/debug/core/ILaunchDelegate
instanceKlass com/google/common/io/Closer$Suppressor
instanceKlass org/eclipse/core/resources/IResourceProxyVisitor
instanceKlass com/google/common/io/Closer
instanceKlass org/eclipse/debug/core/ILaunchMode
instanceKlass org/eclipse/jdt/internal/launching/LaunchingPlugin$1$1
instanceKlass com/google/common/io/CharSource
instanceKlass com/google/common/hash/PrimitiveSink
instanceKlass org/eclipse/debug/core/model/IDebugElement
instanceKlass org/eclipse/debug/core/ILaunch
instanceKlass org/eclipse/debug/core/model/ISuspendResume
instanceKlass org/eclipse/debug/core/model/IStepFilters
instanceKlass org/eclipse/debug/core/model/IStep
instanceKlass org/eclipse/debug/core/model/IDropToFrame
instanceKlass org/eclipse/debug/core/model/IDisconnect
instanceKlass  @bci com/google/common/io/Files <clinit> ()V 0 <appendix> argL0 ; # com/google/common/io/Files$$Lambda+0x000001ba81392418
instanceKlass com/google/common/graph/SuccessorsFunction
instanceKlass com/google/common/io/ByteSource
instanceKlass com/google/common/collect/SetMultimap
instanceKlass org/eclipse/debug/internal/core/commands/ForEachCommand$ExclusiveRule
instanceKlass com/google/common/io/ByteSink
instanceKlass org/eclipse/debug/core/commands/AbstractDebugCommand
instanceKlass org/eclipse/debug/core/ILaunchConfiguration
instanceKlass com/google/common/io/LineProcessor
instanceKlass org/eclipse/buildship/core/internal/launch/DefaultGradleLaunchConfigurationManager
instanceKlass com/google/common/io/Files
instanceKlass org/eclipse/debug/core/commands/IStepFiltersHandler
instanceKlass org/eclipse/debug/core/commands/IResumeHandler
instanceKlass org/eclipse/debug/core/commands/ISuspendHandler
instanceKlass org/eclipse/debug/core/commands/IDisconnectHandler
instanceKlass org/eclipse/debug/core/commands/IDropToFrameHandler
instanceKlass org/eclipse/debug/core/commands/IStepReturnHandler
instanceKlass org/eclipse/debug/core/commands/IStepIntoHandler
instanceKlass org/eclipse/debug/core/commands/IStepOverHandler
instanceKlass org/eclipse/debug/core/commands/ITerminateHandler
instanceKlass org/eclipse/debug/core/commands/IDebugCommandHandler
instanceKlass org/eclipse/debug/internal/core/commands/CommandAdapterFactory
instanceKlass org/eclipse/debug/core/DebugPlugin$1$1
instanceKlass org/eclipse/debug/internal/core/DebugOptions
instanceKlass org/eclipse/buildship/core/internal/console/StdProcessStreamsProvider$1
instanceKlass org/eclipse/debug/core/DebugPlugin$AsynchRunner
instanceKlass org/eclipse/debug/core/DebugPlugin$EventNotifier
instanceKlass com/google/inject/internal/CycleDetectingLock
instanceKlass org/eclipse/buildship/core/internal/console/ProcessStreams
instanceKlass com/google/common/collect/Multimap
instanceKlass org/eclipse/buildship/core/internal/console/StdProcessStreamsProvider
instanceKlass com/google/common/base/Charsets
instanceKlass com/google/inject/internal/CycleDetectingLock$CycleDetectingLockFactory
instanceKlass org/eclipse/buildship/core/internal/workspace/InternalGradleBuild
instanceKlass com/google/inject/internal/Initializable
instanceKlass com/google/inject/internal/Initializer
instanceKlass org/eclipse/buildship/core/internal/workspace/DefaultGradleWorkspace
instanceKlass org/eclipse/debug/core/ILaunchManager
instanceKlass org/eclipse/debug/core/ILaunchConfigurationListener
instanceKlass com/google/gson/reflect/TypeToken
instanceKlass org/eclipse/debug/core/IBreakpointManager
instanceKlass org/eclipse/debug/core/IMemoryBlockManager
instanceKlass org/eclipse/debug/core/IExpressionManager
instanceKlass org/eclipse/debug/core/model/IProcess
instanceKlass org/eclipse/debug/core/model/ITerminate
instanceKlass org/eclipse/buildship/core/internal/event/Event
instanceKlass com/google/common/collect/PeekingIterator
instanceKlass org/eclipse/buildship/core/internal/util/gradle/PublishedGradleVersions
instanceKlass org/eclipse/buildship/core/internal/workspace/DefaultWorkspaceOperations
instanceKlass org/eclipse/debug/core/IDebugEventSetListener
instanceKlass com/google/common/collect/Iterators
instanceKlass org/eclipse/debug/core/ILaunchesListener
instanceKlass org/eclipse/buildship/core/internal/util/gradle/PublishedGradleVersionsWrapper$LoadVersionsJob$1
instanceKlass org/eclipse/jdt/launching/IVMInstallChangedListener
instanceKlass org/eclipse/buildship/core/internal/util/logging/EclipseLogger
instanceKlass com/google/common/collect/ImmutableCollection$Builder
instanceKlass java/util/concurrent/Executors$DefaultThreadFactory
instanceKlass com/google/common/collect/ImmutableSet$SetBuilderImpl
instanceKlass com/google/common/collect/UnmodifiableIterator
instanceKlass org/eclipse/jdt/ls/core/internal/ProjectUtils
instanceKlass com/google/common/base/Converter
instanceKlass com/google/gson/JsonElement
instanceKlass com/google/common/collect/ImmutableMap
instanceKlass org/eclipse/jdt/ls/core/internal/managers/TelemetryManager
instanceKlass com/google/common/collect/BiMap
instanceKlass org/eclipse/core/runtime/jobs/ProgressProvider
instanceKlass com/google/common/collect/SortedMapDifference
instanceKlass org/eclipse/jdt/ls/core/internal/LanguageServerApplication
instanceKlass com/google/common/collect/MapDifference
instanceKlass org/eclipse/equinox/app/IApplication
instanceKlass com/google/common/collect/Maps
instanceKlass com/google/inject/internal/util/SourceProvider
instanceKlass org/eclipse/core/runtime/internal/adaptor/EclipseAppLauncher
instanceKlass org/eclipse/buildship/core/internal/util/gradle/PublishedGradleVersionsWrapper
instanceKlass org/eclipse/buildship/core/internal/Logger
instanceKlass org/eclipse/buildship/core/internal/workspace/WorkspaceOperations
instanceKlass org/eclipse/buildship/core/internal/workspace/InternalGradleWorkspace
instanceKlass org/eclipse/buildship/core/GradleWorkspace
instanceKlass org/eclipse/buildship/core/internal/event/ListenerRegistry
instanceKlass org/eclipse/buildship/core/internal/extension/ExtensionManager
instanceKlass org/eclipse/buildship/core/internal/operation/ToolingApiOperationManager
instanceKlass com/google/inject/spi/ErrorDetail
instanceKlass org/eclipse/buildship/core/internal/configuration/ConfigurationManager
instanceKlass com/google/inject/internal/Errors
instanceKlass org/eclipse/buildship/core/invocation/InvocationCustomizer
instanceKlass org/eclipse/buildship/core/internal/launch/ExternalLaunchConfigurationManager
instanceKlass org/eclipse/buildship/core/internal/console/ProcessStreamsProvider
instanceKlass org/eclipse/buildship/core/GradleBuild
instanceKlass org/eclipse/buildship/core/internal/launch/GradleLaunchConfigurationManager
instanceKlass org/eclipse/buildship/core/internal/preferences/ModelPersistence
instanceKlass org/eclipse/buildship/core/internal/TraceScope
instanceKlass com/google/common/base/Stopwatch
instanceKlass com/google/inject/internal/util/ContinuousStopwatch
instanceKlass org/eclipse/jdt/ls/core/internal/handlers/BundleUtils
instanceKlass com/google/inject/Injector
instanceKlass com/google/inject/internal/InternalInjectorCreator
instanceKlass com/google/inject/Guice
instanceKlass org/eclipse/sisu/wire/Wiring
instanceKlass org/eclipse/sisu/wire/WireModule$Strategy$1
instanceKlass org/eclipse/sisu/wire/WireModule$Strategy
instanceKlass org/eclipse/sisu/wire/AbstractTypeConverter
instanceKlass com/google/inject/spi/ElementVisitor
instanceKlass org/eclipse/sisu/wire/WireModule
instanceKlass org/eclipse/sisu/bean/BeanBinder
instanceKlass org/eclipse/sisu/plexus/PlexusBindingModule
instanceKlass org/codehaus/plexus/DefaultPlexusContainer$BootModule
instanceKlass org/codehaus/plexus/component/annotations/Configuration
instanceKlass org/eclipse/sisu/plexus/PlexusAnnotatedMetadata
instanceKlass org/eclipse/sisu/plexus/PlexusBeanMetadata
instanceKlass org/eclipse/sisu/plexus/PlexusAnnotatedBeanModule$PlexusAnnotatedBeanSource
instanceKlass org/eclipse/sisu/space/SpaceModule$2
instanceKlass org/eclipse/sisu/space/SpaceModule$Strategy$2
instanceKlass org/eclipse/sisu/space/SpaceModule$Strategy$1
instanceKlass org/eclipse/sisu/space/DefaultClassFinder
instanceKlass org/objectweb/asm/ClassVisitor
instanceKlass org/eclipse/sisu/space/SpaceScanner
instanceKlass org/eclipse/equinox/internal/security/storage/SecurePreferencesWrapper
instanceKlass org/eclipse/sisu/space/IndexedClassFinder
instanceKlass org/eclipse/equinox/security/storage/ISecurePreferences
instanceKlass org/eclipse/equinox/internal/security/storage/SecurePreferencesContainer
instanceKlass org/eclipse/sisu/space/ClassFinder
instanceKlass  @bci org/eclipse/equinox/internal/security/storage/SecurePreferencesRoot load ()V 241 <appendix> member <vmtarget> ; # org/eclipse/equinox/internal/security/storage/SecurePreferencesRoot$$Lambda+0x000001ba8135cd38
instanceKlass org/eclipse/sisu/space/SpaceModule
instanceKlass org/eclipse/sisu/space/SpaceVisitor
instanceKlass org/eclipse/sisu/plexus/PlexusTypeListener
instanceKlass org/eclipse/sisu/space/QualifiedTypeListener
instanceKlass javax/crypto/spec/PBEKeySpec
instanceKlass org/eclipse/equinox/internal/security/storage/PasswordExt
instanceKlass org/eclipse/sisu/plexus/PlexusAnnotatedBeanModule$1
instanceKlass org/eclipse/sisu/space/SpaceModule$Strategy
instanceKlass org/eclipse/equinox/internal/security/storage/JavaEncryption
instanceKlass org/eclipse/sisu/plexus/PlexusAnnotatedBeanModule
instanceKlass org/eclipse/sisu/plexus/PlexusBeanSource
instanceKlass org/eclipse/sisu/plexus/PlexusXmlBeanModule
instanceKlass org/eclipse/sisu/plexus/PlexusBeanModule
instanceKlass org/eclipse/equinox/security/storage/provider/IPreferencesContainer
instanceKlass org/eclipse/sisu/space/URLClassSpace
instanceKlass org/eclipse/equinox/internal/security/storage/SecurePreferences
instanceKlass org/eclipse/equinox/internal/security/storage/friends/IStorageConstants
instanceKlass org/codehaus/plexus/DefaultPlexusContainer$SLF4JLoggerFactoryProvider
instanceKlass com/google/inject/util/Providers$ConstantProvider
instanceKlass org/eclipse/equinox/internal/security/storage/StorageUtils
instanceKlass org/eclipse/equinox/internal/security/storage/SecurePreferencesMapper
instanceKlass com/google/inject/util/Providers
instanceKlass org/codehaus/plexus/personality/plexus/lifecycle/phase/Disposable
instanceKlass org/eclipse/equinox/security/storage/SecurePreferencesFactory
instanceKlass org/codehaus/plexus/personality/plexus/lifecycle/phase/Startable
instanceKlass org/codehaus/plexus/personality/plexus/lifecycle/phase/Initializable
instanceKlass org/codehaus/plexus/personality/plexus/lifecycle/phase/Contextualizable
instanceKlass org/codehaus/plexus/logging/LogEnabled
instanceKlass org/eclipse/sisu/bean/PropertyBinding
instanceKlass com/sun/jna/Function$PostCallRead
instanceKlass javax/annotation/PreDestroy
instanceKlass javax/annotation/PostConstruct
instanceKlass org/eclipse/sisu/bean/LifecycleBuilder
instanceKlass com/sun/jna/NativeString
instanceKlass org/eclipse/sisu/bean/BeanScheduler$1
instanceKlass com/sun/jna/Library$Handler$FunctionInfo
instanceKlass com/google/inject/spi/DefaultBindingScopingVisitor
instanceKlass com/google/inject/spi/BindingScopingVisitor
instanceKlass org/eclipse/sisu/bean/BeanScheduler$CycleActivator
instanceKlass com/google/inject/Scope
instanceKlass com/google/inject/spi/ModuleAnnotatedMethodScanner
instanceKlass com/sun/jna/internal/ReflectionUtils
instanceKlass com/google/inject/PrivateBinder
instanceKlass com/google/inject/MembersInjector
instanceKlass com/google/inject/spi/TypeListener
instanceKlass com/sun/jna/Native$4
instanceKlass org/aopalliance/intercept/MethodInterceptor
instanceKlass org/aopalliance/intercept/Interceptor
instanceKlass org/aopalliance/aop/Advice
instanceKlass com/google/inject/binder/AnnotatedConstantBindingBuilder
instanceKlass com/google/inject/spi/Message
instanceKlass com/google/inject/spi/Element
instanceKlass com/google/inject/spi/Dependency
instanceKlass com/google/inject/Key
instanceKlass com/sun/jna/Library$Handler
instanceKlass com/sun/jna/win32/W32APIFunctionMapper
instanceKlass com/google/inject/binder/AnnotatedBindingBuilder
instanceKlass com/google/inject/binder/LinkedBindingBuilder
instanceKlass com/google/inject/binder/ScopedBindingBuilder
instanceKlass com/sun/jna/FunctionMapper
instanceKlass com/sun/jna/win32/W32APIOptions
instanceKlass org/eclipse/core/net/internal/proxy/win32/ProxyProviderWin32$WinHttp
instanceKlass com/sun/jna/win32/StdCallLibrary
instanceKlass com/sun/jna/win32/StdCall
instanceKlass com/sun/jna/AltCallingConvention
instanceKlass com/google/inject/TypeLiteral
instanceKlass org/eclipse/core/internal/net/ProxyData
instanceKlass com/google/inject/spi/ProvisionListener
instanceKlass com/google/inject/Binder
instanceKlass org/eclipse/sisu/bean/BeanScheduler
instanceKlass org/eclipse/sisu/plexus/DefaultPlexusBeanLocator
instanceKlass org/eclipse/equinox/internal/security/auth/AuthPlugin
instanceKlass org/eclipse/sisu/plexus/RealmManager
instanceKlass org/codehaus/plexus/context/ContextMapAdapter
instanceKlass org/codehaus/plexus/context/DefaultContext
instanceKlass org/eclipse/core/internal/net/ProxyType
instanceKlass org/codehaus/plexus/logging/AbstractLogger
instanceKlass org/eclipse/core/net/proxy/IProxyChangeEvent
instanceKlass org/codehaus/plexus/DefaultPlexusContainer$LoggerProvider
instanceKlass org/codehaus/plexus/DefaultPlexusContainer$DefaultsModule
instanceKlass org/eclipse/core/internal/net/AbstractProxyProvider
instanceKlass org/eclipse/core/internal/net/ProxyManager
instanceKlass org/codehaus/plexus/DefaultPlexusContainer$ContainerModule
instanceKlass org/eclipse/sisu/inject/ImplicitBindings
instanceKlass org/eclipse/core/net/proxy/IProxyService
instanceKlass org/eclipse/sisu/inject/MildValues$InverseMapping
instanceKlass  @bci org/eclipse/core/internal/net/Policy <clinit> ()V 8 <appendix> argL0 ; # org/eclipse/core/internal/net/Policy$$Lambda+0x000001ba81345cf8
instanceKlass org/eclipse/core/internal/net/Policy
instanceKlass org/eclipse/sisu/inject/MildValues
instanceKlass java/util/concurrent/atomic/AtomicReferenceFieldUpdater$AtomicReferenceFieldUpdaterImpl$1
instanceKlass org/eclipse/core/net/proxy/IProxyData
instanceKlass org/eclipse/core/internal/net/PreferenceManager
instanceKlass java/util/concurrent/atomic/AtomicReferenceFieldUpdater
instanceKlass org/eclipse/sisu/inject/RankedSequence$Content
instanceKlass org/eclipse/core/internal/net/Activator
instanceKlass org/eclipse/sisu/inject/RankedSequence
instanceKlass org/eclipse/sisu/inject/BindingSubscriber
instanceKlass org/eclipse/sisu/inject/DefaultBeanLocator
instanceKlass org/eclipse/core/internal/net/ProxySelector
instanceKlass org/eclipse/sisu/inject/DeferredClass
instanceKlass org/codehaus/plexus/DefaultPlexusContainer$LoggerManagerProvider
instanceKlass org/eclipse/sisu/inject/DeferredProvider
instanceKlass com/google/inject/Provider
instanceKlass java/text/DontCareFieldPosition$1
instanceKlass org/eclipse/m2e/core/internal/embedder/IMavenComponentContributor$IMavenComponentBinder
instanceKlass com/google/inject/AbstractModule
instanceKlass org/eclipse/jdt/ls/core/internal/DiagnosticsState
instanceKlass org/eclipse/jdt/ls/core/internal/managers/ContentProviderManager
instanceKlass org/codehaus/plexus/context/Context
instanceKlass org/eclipse/sisu/inject/BindingPublisher
instanceKlass org/eclipse/sisu/inject/RankingFunction
instanceKlass org/eclipse/sisu/space/ClassSpace
instanceKlass javax/inject/Provider
instanceKlass org/eclipse/sisu/bean/BeanManager
instanceKlass org/eclipse/sisu/plexus/PlexusBeanLocator
instanceKlass org/eclipse/sisu/inject/MutableBeanLocator
instanceKlass org/eclipse/sisu/inject/BeanLocator
instanceKlass org/eclipse/jdt/ls/core/internal/managers/DigestStore
instanceKlass org/codehaus/plexus/DefaultPlexusContainer
instanceKlass org/eclipse/lsp4j/jsonrpc/messages/Either
instanceKlass org/codehaus/plexus/MutablePlexusContainer
instanceKlass  @bci java/util/function/Function andThen (Ljava/util/function/Function;)Ljava/util/function/Function; 7 <appendix> member <vmtarget> ; # java/util/function/Function$$Lambda+0x000001ba811fea88
instanceKlass  @cpi java/util/function/Function 58 form vmentry <vmtarget> ; # java/lang/invoke/LambdaForm$DMH+0x000001ba81344000
instanceKlass org/eclipse/jdt/ls/core/internal/preferences/IPreferencesChangeListener
instanceKlass org/eclipse/jdt/ls/core/internal/framework/IFrameworkSupport
instanceKlass  @bci org/apache/maven/extension/internal/CoreExports <init> (Lorg/codehaus/plexus/classworlds/realm/ClassRealm;Ljava/util/Set;Ljava/util/Set;)V 38 <appendix> argL0 ; # org/apache/maven/extension/internal/CoreExports$$Lambda+0x000001ba81340940
instanceKlass  @bci java/util/stream/Collectors uniqKeysMapMerger ()Ljava/util/function/BinaryOperator; 0 <appendix> argL0 ; # java/util/stream/Collectors$$Lambda+0x000001ba811fe840
instanceKlass  @bci java/util/stream/Collectors uniqKeysMapAccumulator (Ljava/util/function/Function;Ljava/util/function/Function;)Ljava/util/function/BiConsumer; 2 <appendix> member <vmtarget> ; # java/util/stream/Collectors$$Lambda+0x000001ba811fe608
instanceKlass  @bci java/util/stream/Collectors toMap (Ljava/util/function/Function;Ljava/util/function/Function;)Ljava/util/stream/Collector; 4 <appendix> argL0 ; # java/util/stream/Collectors$$Lambda+0x000001ba811fe3e8
instanceKlass  @bci org/apache/maven/extension/internal/CoreExports <init> (Lorg/codehaus/plexus/classworlds/realm/ClassRealm;Ljava/util/Set;Ljava/util/Set;)V 30 <appendix> member <vmtarget> ; # org/apache/maven/extension/internal/CoreExports$$Lambda+0x000001ba813406f8
instanceKlass  @bci java/util/function/Function identity ()Ljava/util/function/Function; 0 <appendix> argL0 ; # java/util/function/Function$$Lambda+0x000001ba811fe1a8
instanceKlass org/apache/maven/extension/internal/CoreExports
instanceKlass org/codehaus/plexus/DefaultContainerConfiguration
instanceKlass org/codehaus/plexus/ContainerConfiguration
instanceKlass org/eclipse/m2e/internal/maven/compat/PlexusContainerFacade
instanceKlass  @bci org/eclipse/m2e/core/internal/embedder/PlexusContainerManager newPlexusContainer (Ljava/io/File;Lorg/codehaus/plexus/logging/LoggerManager;Lorg/eclipse/m2e/core/embedder/IMavenConfiguration;)Lorg/eclipse/m2e/core/internal/embedder/IMavenPlexusContainer; 39 <appendix> member <vmtarget> ; # org/eclipse/m2e/core/internal/embedder/PlexusContainerManager$$Lambda+0x000001ba8129b258
instanceKlass org/eclipse/m2e/internal/maven/compat/PlexusContainerFacade$MavenExecutionRequesFactory
instanceKlass org/codehaus/plexus/util/BaseIOUtil
instanceKlass  @bci org/eclipse/core/internal/preferences/EclipsePreferences firePreferenceEvent (Ljava/lang/String;Ljava/lang/Object;Ljava/lang/Object;)V 41 <appendix> member <vmtarget> ; # org/eclipse/core/internal/preferences/EclipsePreferences$$Lambda+0x000001ba81276630
instanceKlass org/codehaus/plexus/util/xml/XMLWriter
instanceKlass org/codehaus/plexus/util/xml/Xpp3Dom
instanceKlass org/eclipse/text/templates/TemplateStoreCore
instanceKlass com/sun/org/apache/xml/internal/serializer/WriterChain
instanceKlass com/sun/org/apache/xalan/internal/xsltc/trax/DOM2TO
instanceKlass javax/xml/transform/stax/StAXSource
instanceKlass javax/xml/transform/sax/SAXSource
instanceKlass javax/xml/transform/stream/StreamSource
instanceKlass com/sun/org/apache/xml/internal/serializer/NamespaceMappings$MappingRecord
instanceKlass com/sun/org/apache/xml/internal/serializer/NamespaceMappings
instanceKlass org/codehaus/plexus/util/xml/pull/MXParser
instanceKlass org/codehaus/plexus/util/xml/pull/XmlPullParser
instanceKlass org/codehaus/plexus/util/xml/Xpp3DomBuilder
instanceKlass  @bci java/util/regex/Pattern union (Ljava/util/regex/Pattern$CharPredicate;Ljava/util/regex/Pattern$CharPredicate;Z)Ljava/util/regex/Pattern$CharPredicate; 14 <appendix> member <vmtarget> ; # java/util/regex/Pattern$$Lambda+0x000001ba811fc230
instanceKlass org/codehaus/plexus/util/ReaderFactory
instanceKlass org/apache/maven/project/ExtensionDescriptor
instanceKlass org/apache/maven/project/ExtensionDescriptorBuilder
instanceKlass org/apache/maven/extension/internal/CoreExtensionEntry
instanceKlass org/codehaus/plexus/classworlds/strategy/AbstractStrategy
instanceKlass org/codehaus/plexus/classworlds/strategy/Strategy
instanceKlass org/codehaus/plexus/classworlds/strategy/StrategyFactory
instanceKlass  @bci org/eclipse/m2e/core/embedder/MavenSettingsLocations equals (Ljava/lang/Object;)Z 2 <adapter> ; # java/lang/invoke/LambdaForm$MH+0x000001ba8133f000
# instanceKlass java/lang/invoke/LambdaForm$MH+0x000001ba8133ec00
instanceKlass  @bci org/eclipse/m2e/core/embedder/MavenSettingsLocations equals (Ljava/lang/Object;)Z 2 <appendix> form vmentry <vmtarget> ; # java/lang/invoke/LambdaForm$MH+0x000001ba8133e800
instanceKlass  @bci org/eclipse/m2e/core/embedder/MavenSettingsLocations equals (Ljava/lang/Object;)Z 2 <appendix> argL1 form vmentry <vmtarget> ; # java/lang/invoke/LambdaForm$MH+0x000001ba8133e400
instanceKlass  @bci org/eclipse/m2e/core/internal/embedder/PlexusContainerManager cleanup ()V 16 <appendix> argL0 ; # org/eclipse/m2e/core/internal/embedder/PlexusContainerManager$$Lambda+0x000001ba8129b008
instanceKlass  @bci org/eclipse/m2e/core/embedder/MavenSettingsLocations equals (Ljava/lang/Object;)Z 2 <appendix> form names 9 function resolvedHandle form vmentry <vmtarget> ; # java/lang/invoke/LambdaForm$MH+0x000001ba8133e000
instanceKlass org/apache/maven/settings/building/SettingsBuilder
# instanceKlass java/lang/invoke/LambdaForm$DMH+0x000001ba8133dc00
# instanceKlass java/lang/invoke/LambdaForm$MH+0x000001ba8133d800
instanceKlass org/eclipse/m2e/core/internal/M2EUtils
# instanceKlass java/lang/invoke/LambdaForm$MH+0x000001ba8133d400
# instanceKlass java/lang/invoke/LambdaForm$MH+0x000001ba8133d000
instanceKlass  @cpi org/eclipse/jdt/internal/launching/environments/EnvironmentsManager 650 form vmentry <vmtarget> ; # java/lang/invoke/LambdaForm$DMH+0x000001ba8133cc00
# instanceKlass java/lang/invoke/LambdaForm$MH+0x000001ba8133c800
instanceKlass org/apache/maven/settings/building/DefaultSettingsBuildingRequest
# instanceKlass java/lang/invoke/LambdaForm$MH+0x000001ba8133c400
instanceKlass  @bci org/eclipse/jdt/internal/core/JrtPackageFragmentRoot$JrtModuleKey hashCode ()I 1 <adapter> ; # java/lang/invoke/LambdaForm$MH+0x000001ba8133c000
instanceKlass  @bci org/eclipse/jdt/internal/core/JrtPackageFragmentRoot$JrtModuleKey hashCode ()I 1 <appendix> form vmentry <vmtarget> ; # java/lang/invoke/LambdaForm$MH+0x000001ba8133b800
# instanceKlass java/lang/invoke/LambdaForm$MH+0x000001ba8133b000
# instanceKlass java/lang/invoke/LambdaForm$MH+0x000001ba8133a800
instanceKlass  @bci org/eclipse/jdt/internal/core/JrtPackageFragmentRoot$JrtModuleKey hashCode ()I 1 <appendix> form names 7 function resolvedHandle form vmentry <vmtarget> ; # java/lang/invoke/LambdaForm$DMH+0x000001ba8133a000
instanceKlass  @bci org/eclipse/jdt/internal/core/JrtPackageFragmentRoot$JrtModuleKey hashCode ()I 1 <appendix> argL2 argL2 argL2 form vmentry <vmtarget> ; # java/lang/invoke/LambdaForm$MH+0x000001ba81339800
# instanceKlass java/lang/runtime/ObjectMethods$$Lambda+0x000001ba811faac8
instanceKlass  @bci java/lang/runtime/ObjectMethods bootstrap (Ljava/lang/invoke/MethodHandles$Lookup;Ljava/lang/String;Ljava/lang/invoke/TypeDescriptor;Ljava/lang/Class;Ljava/lang/String;[Ljava/lang/invoke/MethodHandle;)Ljava/lang/Object; 37 <appendix> argL0 ; # java/lang/runtime/ObjectMethods$$Lambda+0x000001ba811fa898
# instanceKlass java/lang/invoke/LambdaForm$DMH+0x000001ba81339000
# instanceKlass java/lang/invoke/LambdaForm$DMH+0x000001ba81338c00
# instanceKlass java/lang/invoke/LambdaForm$DMH+0x000001ba81338800
# instanceKlass java/lang/invoke/LambdaForm$DMH+0x000001ba81338400
# instanceKlass java/lang/invoke/LambdaForm$DMH+0x000001ba81338000
# instanceKlass java/lang/invoke/LambdaForm$DMH+0x000001ba81333c00
# instanceKlass java/lang/invoke/LambdaForm$DMH+0x000001ba81333800
# instanceKlass java/lang/invoke/LambdaForm$DMH+0x000001ba81333400
# instanceKlass java/lang/invoke/LambdaForm$DMH+0x000001ba81333000
# instanceKlass java/lang/invoke/LambdaForm$DMH+0x000001ba81332c00
# instanceKlass java/lang/invoke/LambdaForm$DMH+0x000001ba81332800
instanceKlass java/lang/runtime/ObjectMethods$1
# instanceKlass java/lang/invoke/LambdaForm$MH+0x000001ba81332400
# instanceKlass java/lang/invoke/LambdaForm$MH+0x000001ba81332000
# instanceKlass java/lang/invoke/LambdaForm$MH+0x000001ba81331800
# instanceKlass java/lang/invoke/LambdaForm$MH+0x000001ba81331000
# instanceKlass java/lang/invoke/LambdaForm$MH+0x000001ba81330800
# instanceKlass java/lang/invoke/LambdaForm$MH+0x000001ba81330000
# instanceKlass java/lang/invoke/LambdaForm$MH+0x000001ba8132a800
instanceKlass sun/nio/cs/DelegatableDecoder
# instanceKlass java/lang/invoke/LambdaForm$MH+0x000001ba8132a000
instanceKlass java/lang/invoke/MethodHandleImpl$Makers$2
instanceKlass java/lang/invoke/MethodHandleImpl$Makers$1
instanceKlass java/lang/invoke/MethodHandleImpl$Makers
instanceKlass org/eclipse/m2e/core/MavenPlugin
instanceKlass  @bci java/lang/invoke/BootstrapMethodInvoker invoke (Ljava/lang/Class;Ljava/lang/invoke/MethodHandle;Ljava/lang/String;Ljava/lang/Object;Ljava/lang/Object;Ljava/lang/Class;)Ljava/lang/Object; 862 <adapter> ; # java/lang/invoke/LambdaForm$MH+0x000001ba81329800
instanceKlass org/eclipse/aether/DefaultRepositoryCache
instanceKlass org/eclipse/aether/RepositoryCache
instanceKlass org/apache/maven/execution/DefaultMavenExecutionRequest
# instanceKlass java/lang/invoke/LambdaForm$DMH+0x000001ba81329400
instanceKlass java/lang/runtime/ObjectMethods
instanceKlass  @bci org/eclipse/m2e/core/internal/embedder/MavenExecutionContext newExecutionRequest ()Lorg/apache/maven/execution/MavenExecutionRequest; 125 <appendix> member <vmtarget> ; # org/eclipse/m2e/core/internal/embedder/MavenExecutionContext$$Lambda+0x000001ba8129a9d0
instanceKlass  @bci org/eclipse/m2e/core/internal/embedder/MavenExecutionContext newExecutionRequest ()Lorg/apache/maven/execution/MavenExecutionRequest; 111 <appendix> member <vmtarget> ; # org/eclipse/m2e/core/internal/embedder/MavenExecutionContext$$Lambda+0x000001ba8129a788
instanceKlass  @bci org/eclipse/m2e/core/internal/MavenPluginActivator getService (Ljava/lang/Class;)Ljava/lang/Object; 18 <appendix> member <vmtarget> ; # org/eclipse/m2e/core/internal/MavenPluginActivator$$Lambda+0x000001ba8129a540
instanceKlass  @bci org/eclipse/m2e/core/internal/embedder/MavenImpl getSettings (Lorg/eclipse/m2e/core/embedder/MavenSettingsLocations;)Lorg/apache/maven/settings/Settings; 6 <appendix> member <vmtarget> ; # org/eclipse/m2e/core/internal/embedder/MavenImpl$$Lambda+0x000001ba8129a2f8
instanceKlass  @bci org/eclipse/lsp4j/jsonrpc/services/GenericEndpoint recursiveFindRpcMethods (Ljava/lang/Object;Ljava/util/Set;Ljava/util/Set;)V 24 <appendix> form vmentry <vmtarget> ; # java/lang/invoke/LambdaForm$DMH+0x000001ba81329000
instanceKlass org/apache/maven/building/Source
instanceKlass  @bci org/eclipse/m2e/core/internal/project/registry/ProjectRegistryRefreshJob run (Lorg/eclipse/core/runtime/IProgressMonitor;)Lorg/eclipse/core/runtime/IStatus; 74 <appendix> member <vmtarget> ; # org/eclipse/m2e/core/internal/project/registry/ProjectRegistryRefreshJob$$Lambda+0x000001ba8129a0d0
instanceKlass org/apache/maven/cli/configuration/SettingsXmlConfigurationProcessor
instanceKlass org/apache/maven/cli/configuration/ConfigurationProcessor
instanceKlass org/apache/maven/cli/MavenCli
instanceKlass org/eclipse/aether/transfer/TransferListener
instanceKlass  @bci org/eclipse/m2e/core/internal/project/registry/BasicProjectRegistry copy (Ljava/util/Map;Ljava/util/Map;)V 2 <appendix> member <vmtarget> ; # org/eclipse/m2e/core/internal/project/registry/BasicProjectRegistry$$Lambda+0x000001ba81299e98
instanceKlass java/nio/charset/Charset$1
instanceKlass java/nio/charset/Charset$2
instanceKlass java/nio/charset/Charset$ThreadTrackHolder
instanceKlass java/nio/charset/Charset$ExtendedProviderHolder$1
instanceKlass java/nio/charset/Charset$ExtendedProviderHolder
instanceKlass  @bci jdk/xml/internal/SecuritySupport getResourceAsStream (Ljava/lang/String;)Ljava/io/InputStream; 1 <appendix> member <vmtarget> ; # jdk/xml/internal/SecuritySupport$$Lambda+0x000001ba811f7a68
instanceKlass com/sun/org/apache/xml/internal/serializer/Encodings$EncodingInfos
instanceKlass com/sun/org/apache/xml/internal/serializer/Encodings
instanceKlass com/sun/org/apache/xml/internal/serializer/ToStream$CharacterBuffer
instanceKlass com/sun/org/apache/xml/internal/serializer/EncodingInfo
instanceKlass com/sun/org/apache/xml/internal/serializer/ToStream$BoolStack
instanceKlass com/sun/org/apache/xml/internal/serializer/ElemContext
instanceKlass org/xml/sax/helpers/AttributesImpl
instanceKlass com/sun/org/apache/xml/internal/serializer/CharInfo$CharKey
instanceKlass sun/util/ResourceBundleEnumeration
instanceKlass com/sun/org/apache/xml/internal/serializer/CharInfo
instanceKlass com/sun/org/apache/xml/internal/serializer/SerializerBase
instanceKlass com/sun/org/apache/xml/internal/serializer/SerializerConstants
instanceKlass com/sun/org/apache/xml/internal/serializer/SerializationHandler
instanceKlass com/sun/org/apache/xml/internal/serializer/Serializer
instanceKlass com/sun/org/apache/xml/internal/serializer/DOMSerializer
instanceKlass org/xml/sax/ext/DeclHandler
instanceKlass com/sun/org/apache/xml/internal/serializer/XSLOutputAttributes
instanceKlass com/sun/org/apache/xml/internal/serializer/ExtendedLexicalHandler
instanceKlass org/xml/sax/ext/LexicalHandler
instanceKlass com/sun/org/apache/xml/internal/serializer/ExtendedContentHandler
instanceKlass javax/xml/transform/dom/DOMResult
instanceKlass javax/xml/transform/stax/StAXResult
instanceKlass javax/xml/transform/sax/SAXResult
instanceKlass com/sun/org/apache/xalan/internal/xsltc/runtime/output/TransletOutputHandlerFactory
instanceKlass javax/xml/transform/dom/DOMSource
instanceKlass com/sun/org/apache/xml/internal/utils/XMLReaderManager
instanceKlass com/sun/org/apache/xml/internal/serializer/OutputPropertiesFactory
instanceKlass javax/xml/transform/Transformer
instanceKlass com/sun/org/apache/xalan/internal/xsltc/DOMCache
instanceKlass  @bci javax/xml/catalog/CatalogFeatures setProperties (Ljavax/xml/catalog/CatalogFeatures$Builder;)V 5 <appendix> member <vmtarget> ; # javax/xml/catalog/CatalogFeatures$$Lambda+0x000001ba811f0f58
instanceKlass javax/xml/catalog/CatalogMessages
instanceKlass javax/xml/catalog/Util
instanceKlass  @bci javax/xml/transform/FactoryFinder newInstance (Ljava/lang/Class;Ljava/lang/String;Ljava/lang/ClassLoader;Z)Ljava/lang/Object; 107 <appendix> member <vmtarget> ; # javax/xml/transform/FactoryFinder$$Lambda+0x000001ba811f04e0
instanceKlass jdk/xml/internal/JdkProperty
instanceKlass com/sun/org/apache/xalan/internal/utils/FeaturePropertyBase
instanceKlass jdk/xml/internal/JdkXmlFeatures
instanceKlass javax/xml/catalog/CatalogFeatures$Builder
instanceKlass javax/xml/catalog/CatalogFeatures
instanceKlass jdk/xml/internal/TransformErrorListener
instanceKlass javax/xml/transform/ErrorListener
instanceKlass com/sun/org/apache/xalan/internal/xsltc/compiler/SourceLoader
instanceKlass  @bci javax/xml/transform/FactoryFinder find (Ljava/lang/Class;Ljava/lang/String;)Ljava/lang/Object; 123 <appendix> member <vmtarget> ; # javax/xml/transform/FactoryFinder$$Lambda+0x000001ba811ed878
instanceKlass javax/xml/transform/FactoryFinder$1
instanceKlass  @bci javax/xml/transform/FactoryFinder find (Ljava/lang/Class;Ljava/lang/String;)Ljava/lang/Object; 24 <appendix> member <vmtarget> ; # javax/xml/transform/FactoryFinder$$Lambda+0x000001ba811ed420
instanceKlass javax/xml/transform/FactoryFinder
instanceKlass javax/xml/transform/TransformerFactory
instanceKlass javax/xml/transform/stream/StreamResult
instanceKlass org/eclipse/text/templates/TemplateReaderWriter
instanceKlass  @bci org/eclipse/jdt/ls/core/internal/preferences/PreferenceManager reloadTemplateStore ()V 24 <appendix> argL0 ; # org/eclipse/jdt/ls/core/internal/preferences/PreferenceManager$$Lambda+0x000001ba81324440
instanceKlass org/eclipse/text/templates/TemplatePersistenceData
instanceKlass org/eclipse/jface/text/templates/Template
instanceKlass java/util/ResourceBundle$Control$2
instanceKlass  @bci java/util/ResourceBundle$ResourceBundleControlProviderHolder lambda$static$0 ()Ljava/util/List; 11 <appendix> argL0 ; # java/util/ResourceBundle$ResourceBundleControlProviderHolder$$Lambda+0x000001ba811ec648
instanceKlass java/util/ServiceLoader$ProviderSpliterator
instanceKlass java/util/spi/ResourceBundleControlProvider
instanceKlass  @bci java/util/ResourceBundle$ResourceBundleControlProviderHolder <clinit> ()V 0 <appendix> argL0 ; # java/util/ResourceBundle$ResourceBundleControlProviderHolder$$Lambda+0x000001ba811ebf88
instanceKlass java/util/ResourceBundle$ResourceBundleControlProviderHolder
instanceKlass org/eclipse/jface/text/templates/TextTemplateMessages
instanceKlass org/eclipse/jface/text/IRegion
instanceKlass org/eclipse/jdt/ls/core/internal/handlers/FormatterHandler
instanceKlass sun/nio/fs/WindowsPath$1
instanceKlass org/apache/commons/lang3/text/StrTokenizer
instanceKlass org/apache/commons/lang3/text/StrBuilder
instanceKlass org/apache/commons/lang3/builder/Builder
instanceKlass  @bci java/util/regex/CharPredicates forUnicodeBlock (Ljava/lang/String;)Ljava/util/regex/Pattern$CharPredicate; 6 <appendix> member <vmtarget> ; # java/util/regex/CharPredicates$$Lambda+0x000001ba811eb6b0
instanceKlass java/lang/Character$Subset
instanceKlass org/apache/commons/lang3/StringUtils
instanceKlass java/util/DualPivotQuicksort
instanceKlass org/apache/commons/lang3/ArraySorter
instanceKlass org/apache/commons/lang3/text/StrMatcher
instanceKlass org/apache/commons/lang3/text/StrSubstitutor
instanceKlass org/eclipse/jdt/ls/core/internal/ResourceUtils
instanceKlass org/eclipse/jdt/ls/core/internal/preferences/Preferences$ReferencedLibraries
instanceKlass java/util/UUID$Holder
instanceKlass org/apache/commons/lang3/text/StrLookup
instanceKlass org/eclipse/jdt/ls/core/internal/preferences/Preferences
instanceKlass org/eclipse/jface/text/templates/TemplateContextType
instanceKlass org/eclipse/jface/text/templates/TemplateVariableResolver
instanceKlass java/lang/ProcessEnvironment$CheckedEntry
instanceKlass java/lang/ProcessEnvironment$CheckedEntrySet$1
instanceKlass java/lang/ProcessEnvironment$EntryComparator
instanceKlass java/lang/ProcessEnvironment$NameComparator
instanceKlass org/eclipse/jdt/ls/core/internal/Environment
instanceKlass org/eclipse/jdt/ls/core/internal/JDTEnvironmentUtils
instanceKlass org/eclipse/jdt/ls/core/internal/handlers/LogHandler$1
instanceKlass  @bci sun/util/locale/provider/JRELocaleProviderAdapter getDateFormatProvider ()Ljava/text/spi/DateFormatProvider; 8 <appendix> member <vmtarget> ; # sun/util/locale/provider/JRELocaleProviderAdapter$$Lambda+0x800000063
instanceKlass org/eclipse/jdt/ls/core/internal/handlers/DefaultLogFilter
instanceKlass org/eclipse/jdt/ls/core/internal/handlers/LogHandler
instanceKlass org/eclipse/jdt/internal/core/manipulation/MembersOrderPreferenceCacheCommon
instanceKlass org/eclipse/jdt/core/manipulation/JavaManipulation
instanceKlass org/eclipse/jdt/ls/core/contentassist/ICompletionContributionService
instanceKlass java/nio/channels/AsynchronousByteChannel
instanceKlass java/nio/channels/AsynchronousChannel
instanceKlass java/net/SocketAddress
instanceKlass org/eclipse/jdt/ls/core/internal/lsp/JavaProtocolExtensions
instanceKlass org/eclipse/jdt/ls/core/internal/syntaxserver/IExtendedProtocol
instanceKlass org/eclipse/lsp4j/services/WorkspaceService
instanceKlass org/eclipse/lsp4j/services/TextDocumentService
instanceKlass org/eclipse/lsp4j/services/LanguageServer
instanceKlass org/eclipse/jdt/ls/core/internal/BaseJDTLanguageServer
instanceKlass java/net/Authenticator
instanceKlass org/eclipse/text/templates/ContextTypeRegistry
instanceKlass org/eclipse/jdt/ls/core/internal/managers/ISourceDownloader
instanceKlass org/eclipse/jdt/internal/core/JavaModelManager$20$1
instanceKlass  @bci org/eclipse/jdt/internal/core/search/processing/JobManager reset ()V 38 <appendix> member <vmtarget> ; # org/eclipse/jdt/internal/core/search/processing/JobManager$$Lambda+0x000001ba81310000
instanceKlass org/eclipse/jdt/internal/core/ExternalAnnotationTracker$DirectoryNode
instanceKlass org/eclipse/jdt/internal/core/ExternalAnnotationTracker
instanceKlass org/eclipse/jdt/internal/core/DeltaProcessor$RootInfo
instanceKlass org/eclipse/jdt/internal/core/JavaProject$ResolvedClasspath
instanceKlass org/eclipse/jdt/internal/core/ClasspathChange
instanceKlass  @bci jdk/xml/internal/SecuritySupport getResourceBundle (Ljava/lang/String;Ljava/util/Locale;)Ljava/util/ResourceBundle; 2 <appendix> member <vmtarget> ; # jdk/xml/internal/SecuritySupport$$Lambda+0x000001ba811e8c00
instanceKlass com/sun/org/apache/xerces/internal/dom/DOMMessageFormatter
instanceKlass org/w3c/dom/Attr
instanceKlass com/sun/org/apache/xerces/internal/dom/NamedNodeMapImpl
instanceKlass org/w3c/dom/NamedNodeMap
instanceKlass com/sun/org/apache/xerces/internal/dom/CharacterDataImpl$1
instanceKlass org/w3c/dom/Text
instanceKlass org/w3c/dom/CharacterData
instanceKlass com/sun/org/apache/xerces/internal/dom/DeepNodeListImpl
instanceKlass com/sun/org/apache/xerces/internal/dom/DeferredDocumentImpl$RefCount
instanceKlass com/sun/org/apache/xerces/internal/dom/NodeListCache
instanceKlass org/w3c/dom/TypeInfo
instanceKlass org/w3c/dom/ElementTraversal
instanceKlass org/w3c/dom/Element
instanceKlass org/w3c/dom/DocumentType
instanceKlass com/sun/org/apache/xerces/internal/dom/NodeImpl
instanceKlass org/w3c/dom/events/EventTarget
instanceKlass org/w3c/dom/NodeList
instanceKlass org/w3c/dom/Document
instanceKlass org/w3c/dom/ranges/DocumentRange
instanceKlass org/w3c/dom/events/DocumentEvent
instanceKlass org/w3c/dom/traversal/DocumentTraversal
instanceKlass com/sun/org/apache/xerces/internal/dom/DeferredNode
instanceKlass sun/nio/ch/Util$BufferCache
instanceKlass sun/nio/ch/Util
instanceKlass sun/nio/ch/IOStatus
instanceKlass java/nio/channels/NetworkChannel
instanceKlass sun/nio/ch/SelChImpl
instanceKlass sun/nio/ch/Streams
instanceKlass java/nio/channels/Channels
instanceKlass sun/nio/fs/WindowsSecurityDescriptor
instanceKlass org/eclipse/jdt/internal/core/util/Util
instanceKlass org/eclipse/core/internal/resources/MarkerManager$1
instanceKlass org/eclipse/jdt/internal/core/JavaModelManager$SecondaryTypes
instanceKlass org/eclipse/jdt/core/IJavaModelStatusConstants
# instanceKlass java/lang/invoke/LambdaForm$MH+0x000001ba8130c400
# instanceKlass java/lang/invoke/LambdaForm$MH+0x000001ba8130c000
instanceKlass org/eclipse/jdt/internal/compiler/ast/TypeOrLambda
instanceKlass org/eclipse/jdt/internal/compiler/CompilationResult
instanceKlass lombok/eclipse/agent/PatchDelegate$BindingTuple
instanceKlass org/eclipse/jdt/internal/compiler/ast/Invocation
instanceKlass org/eclipse/jdt/internal/compiler/ast/IPolyExpression
instanceKlass lombok/eclipse/agent/PatchDelegate
instanceKlass lombok/eclipse/agent/PatchDelegatePortal
instanceKlass lombok/core/LombokNode
instanceKlass lombok/core/DiagnosticsReceiver
instanceKlass lombok/launch/PatchFixesHider$Util
instanceKlass lombok/launch/PatchFixesHider$Delegate
instanceKlass org/eclipse/jdt/internal/core/DeltaProcessingState$RootInfos
instanceKlass org/eclipse/jdt/internal/core/ClasspathAttribute
instanceKlass org/eclipse/jdt/internal/core/ClasspathEntry
instanceKlass org/eclipse/jdt/internal/core/JavaModelManager$PersistedClasspathContainer
instanceKlass org/eclipse/jdt/internal/compiler/env/IModulePathEntry
instanceKlass org/eclipse/jdt/core/eval/IEvaluationContext
instanceKlass org/eclipse/jdt/internal/core/JavaModelManager$PerProjectInfo
instanceKlass org/eclipse/jdt/internal/core/JavaModelManager$VariablesAndContainersLoadHelper
instanceKlass org/eclipse/jdt/internal/core/JavaModelManager$19
instanceKlass org/eclipse/jdt/internal/core/JavaModelManager$18
instanceKlass org/eclipse/jdt/internal/core/JavaModelManager$13
instanceKlass org/eclipse/jdt/internal/core/JavaModelManager$12
instanceKlass org/eclipse/jdt/internal/formatter/DefaultCodeFormatterOptions
instanceKlass org/eclipse/jdt/core/formatter/DefaultCodeFormatterConstants
instanceKlass org/eclipse/jdt/internal/compiler/util/Util
instanceKlass org/eclipse/jdt/internal/compiler/impl/IrritantSet
instanceKlass org/eclipse/jdt/internal/core/util/ICacheEnumeration
instanceKlass org/eclipse/jdt/internal/formatter/Token
instanceKlass org/eclipse/jdt/internal/formatter/TokenTraverser
instanceKlass org/eclipse/text/edits/TextEdit
instanceKlass org/eclipse/jdt/core/formatter/CodeFormatter
instanceKlass lombok/patcher/scripts/WrapperMethodDescriptor
instanceKlass lombok/patcher/scripts/SetSymbolDuringMethodCallScript$1
instanceKlass org/eclipse/jdt/core/SourceRange
instanceKlass org/eclipse/jdt/internal/compiler/util/JRTUtil$JrtFileVisitor
instanceKlass org/eclipse/jdt/core/IOrdinaryClassFile
instanceKlass org/eclipse/jdt/internal/core/util/ReferenceInfoAdapter
instanceKlass org/eclipse/jdt/internal/compiler/ISourceElementRequestor
instanceKlass org/eclipse/jdt/core/search/TypeNameMatchRequestor
instanceKlass org/eclipse/jdt/internal/compiler/env/ISourceType
instanceKlass org/eclipse/jdt/internal/compiler/env/IGenericType
instanceKlass org/eclipse/jdt/internal/compiler/problem/ProblemHandler
instanceKlass org/eclipse/jdt/core/search/MethodNameMatch
instanceKlass org/eclipse/jdt/core/search/TypeNameMatch
instanceKlass org/eclipse/jdt/internal/compiler/ASTVisitor
instanceKlass org/eclipse/jdt/core/search/IJavaSearchScope
instanceKlass org/eclipse/jdt/internal/core/search/IndexQueryRequestor
instanceKlass org/eclipse/jdt/core/search/SearchPattern
instanceKlass org/eclipse/jdt/core/search/IParallelizable
instanceKlass org/eclipse/jdt/internal/core/search/BasicSearchEngine
instanceKlass org/eclipse/jdt/core/ITypeParameter
instanceKlass org/eclipse/jdt/core/ISourceRange
instanceKlass org/eclipse/jdt/core/IAnnotation
instanceKlass org/eclipse/jdt/internal/core/AbstractModule
instanceKlass org/eclipse/jdt/core/IModuleDescription
instanceKlass org/eclipse/jdt/internal/core/NameLookup
instanceKlass org/eclipse/jface/text/IDocument
instanceKlass org/eclipse/text/internal/Activator
instanceKlass org/eclipse/jdt/internal/core/JavaModelCache$1
instanceKlass org/eclipse/jdt/internal/compiler/env/IBinaryInfo
instanceKlass org/eclipse/jdt/internal/core/JavaModelCache
instanceKlass org/eclipse/jdt/core/IType
instanceKlass org/eclipse/jdt/core/IAnnotatable
instanceKlass org/eclipse/jdt/core/IMember
instanceKlass org/eclipse/jdt/internal/core/hierarchy/HierarchyBuilder
instanceKlass org/eclipse/jdt/internal/core/hierarchy/TypeHierarchy
instanceKlass org/eclipse/jdt/core/ITypeHierarchy
instanceKlass org/eclipse/jdt/core/dom/ASTNode
instanceKlass org/eclipse/jdt/core/dom/StructuralPropertyDescriptor
instanceKlass org/eclipse/jdt/internal/core/dom/rewrite/RewriteEvent
instanceKlass org/eclipse/jdt/internal/core/dom/rewrite/RewriteEventStore
instanceKlass org/eclipse/jdt/core/dom/ASTVisitor
instanceKlass org/eclipse/jdt/internal/core/DeltaProcessor
instanceKlass org/eclipse/jdt/internal/codeassist/CompletionEngine$1
instanceKlass  @bci org/eclipse/jdt/internal/compiler/lookup/ReferenceBinding <clinit> ()V 58 <appendix> argL0 ; # org/eclipse/jdt/internal/compiler/lookup/ReferenceBinding$$Lambda+0x000001ba812db0e8
instanceKlass org/eclipse/jdt/internal/compiler/lookup/ParameterNonNullDefaultProvider
instanceKlass org/eclipse/jdt/internal/compiler/lookup/ReferenceBinding$3
instanceKlass org/eclipse/jdt/internal/compiler/lookup/ReferenceBinding$2
instanceKlass org/eclipse/jdt/internal/compiler/lookup/ReductionResult
instanceKlass org/eclipse/jdt/internal/compiler/lookup/ElementValuePair
instanceKlass org/eclipse/jdt/internal/compiler/lookup/AnnotationBinding
instanceKlass org/eclipse/jdt/internal/compiler/env/IUpdatableModule
instanceKlass org/eclipse/jdt/internal/compiler/lookup/HotSwappable
instanceKlass org/eclipse/jdt/internal/compiler/lookup/TypeBindingVisitor
instanceKlass org/eclipse/jdt/internal/compiler/parser/ScannerHelper
instanceKlass org/eclipse/jdt/core/Signature
instanceKlass org/eclipse/jdt/internal/compiler/lookup/TypeConstants$CloseMethodRecord
instanceKlass org/eclipse/jdt/internal/core/INamingRequestor
instanceKlass org/eclipse/jdt/internal/compiler/lookup/Substitution
instanceKlass lombok/patcher/scripts/ReplaceMethodCallScript$1
instanceKlass org/eclipse/jdt/core/CompletionRequestor
instanceKlass org/eclipse/jdt/internal/codeassist/complete/CompletionNode
instanceKlass org/eclipse/jdt/internal/core/IJavaElementRequestor
instanceKlass org/eclipse/jdt/core/search/SearchRequestor
instanceKlass org/eclipse/jdt/core/CompletionProposal
instanceKlass org/eclipse/jdt/internal/compiler/lookup/Binding
instanceKlass org/eclipse/jdt/internal/codeassist/MissingTypesGuesser$GuessedTypeRequestor
instanceKlass org/eclipse/jdt/internal/codeassist/UnresolvedReferenceNameFinder$UnresolvedReferenceNameRequestor
instanceKlass org/eclipse/jdt/internal/compiler/lookup/Scope
instanceKlass org/eclipse/jdt/core/compiler/IProblem
instanceKlass org/eclipse/jdt/core/CompletionContext
instanceKlass org/eclipse/jdt/internal/compiler/lookup/InvocationSite
instanceKlass org/eclipse/jdt/internal/compiler/ast/ASTNode
instanceKlass org/eclipse/jdt/internal/compiler/ast/Location
instanceKlass org/eclipse/jdt/internal/codeassist/impl/Engine
instanceKlass org/eclipse/jdt/internal/codeassist/ICompletionEngine
instanceKlass org/eclipse/jdt/internal/codeassist/RelevanceConstants
instanceKlass org/eclipse/jdt/internal/compiler/lookup/TypeConstants
instanceKlass org/eclipse/jdt/internal/codeassist/ISearchRequestor
# instanceKlass java/lang/invoke/LambdaForm$DMH+0x000001ba812bc000
instanceKlass org/eclipse/jdt/internal/compiler/impl/ReferenceContext
instanceKlass org/eclipse/jdt/internal/compiler/ICompilerRequestor
instanceKlass org/eclipse/jdt/internal/compiler/Compiler
instanceKlass org/eclipse/jdt/internal/compiler/problem/ProblemSeverities
instanceKlass org/eclipse/jdt/internal/compiler/impl/ITypeRequestor
instanceKlass org/eclipse/jdt/internal/core/builder/ClasspathLocation
instanceKlass org/eclipse/jdt/internal/compiler/env/INameEnvironment
instanceKlass org/eclipse/jdt/core/IBuffer
instanceKlass org/eclipse/jdt/core/IBufferFactory
instanceKlass org/eclipse/jdt/internal/core/BufferManager
instanceKlass org/eclipse/jdt/internal/core/JavaModelManager$8
instanceKlass  @bci org/eclipse/jdt/internal/core/JavaModelManager <clinit> ()V 139 <appendix> argL0 ; # org/eclipse/jdt/internal/core/JavaModelManager$$Lambda+0x000001ba812b5060
instanceKlass  @bci org/eclipse/jdt/internal/core/search/indexing/IndexNamesRegistry <init> (Ljava/io/File;Lorg/eclipse/core/runtime/IPath;)V 24 <appendix> member <vmtarget> ; # org/eclipse/jdt/internal/core/search/indexing/IndexNamesRegistry$$Lambda+0x000001ba812b4e38
instanceKlass org/eclipse/jdt/internal/core/search/indexing/IndexNamesRegistry
instanceKlass org/eclipse/jdt/internal/compiler/util/SimpleLookupTable
instanceKlass org/eclipse/jdt/internal/compiler/parser/Parser
instanceKlass org/eclipse/jdt/internal/compiler/lookup/TypeIds
instanceKlass org/eclipse/jdt/internal/compiler/ast/OperatorIds
instanceKlass org/eclipse/jdt/internal/compiler/parser/ConflictedParser
instanceKlass org/eclipse/jdt/internal/compiler/parser/ParserBasicInformation
instanceKlass org/eclipse/jdt/internal/compiler/IProblemFactory
instanceKlass org/eclipse/jdt/core/search/SearchParticipant
instanceKlass org/eclipse/jdt/internal/core/index/IndexLocation
instanceKlass org/eclipse/jdt/internal/core/search/indexing/IndexRequest
instanceKlass org/eclipse/jdt/internal/core/search/processing/JobManager
instanceKlass org/eclipse/jdt/internal/core/search/indexing/IIndexConstants
instanceKlass  @bci org/eclipse/jdt/internal/core/JavaModelManager <init> ()V 404 <appendix> argL0 ; # org/eclipse/jdt/internal/core/JavaModelManager$$Lambda+0x000001ba812aab98
instanceKlass org/eclipse/jdt/internal/core/JavaModelManager$3
instanceKlass org/eclipse/jdt/internal/core/JavaModelManager$2
instanceKlass org/eclipse/jdt/internal/core/JavaModelManager$EclipsePreferencesListener
instanceKlass org/eclipse/jdt/core/IElementChangedListener
instanceKlass org/eclipse/jdt/internal/core/DeltaProcessingState
instanceKlass org/eclipse/jdt/internal/core/ExternalFoldersManager
instanceKlass org/eclipse/jdt/internal/core/util/Util$Comparer
instanceKlass org/eclipse/jdt/internal/core/JavaModelManager$CompilationParticipants
instanceKlass org/eclipse/jdt/internal/core/BatchInitializationMonitor
instanceKlass org/eclipse/jdt/internal/core/JavaModelOperation
instanceKlass org/eclipse/jdt/internal/codeassist/ISelectionRequestor
instanceKlass org/eclipse/jdt/internal/core/JavaElementInfo
instanceKlass org/eclipse/jdt/internal/compiler/env/IElementInfo
instanceKlass org/eclipse/jdt/internal/core/JavaModelManager$1
instanceKlass org/eclipse/jdt/core/IClassFile
instanceKlass org/eclipse/jdt/core/IPackageFragment
instanceKlass org/eclipse/jdt/internal/core/search/processing/IJob
instanceKlass org/eclipse/jdt/internal/core/util/LRUCache
instanceKlass org/eclipse/jdt/internal/core/search/IRestrictedAccessTypeRequestor
instanceKlass org/eclipse/jdt/internal/compiler/util/Util$Displayable
instanceKlass org/eclipse/jdt/core/IPackageFragmentRoot
instanceKlass org/eclipse/jdt/core/IJavaModelStatus
instanceKlass org/eclipse/jdt/core/IAccessRule
instanceKlass org/eclipse/jdt/core/IJavaElementDelta
instanceKlass org/eclipse/jdt/core/IBufferChangedListener
instanceKlass org/eclipse/jdt/internal/compiler/util/SuffixConstants
instanceKlass org/eclipse/jdt/internal/compiler/env/ICompilationUnit
instanceKlass org/eclipse/jdt/internal/compiler/env/IDependent
instanceKlass org/eclipse/jdt/core/ICompilationUnit
instanceKlass org/eclipse/jdt/core/ISourceManipulation
instanceKlass org/eclipse/jdt/core/ITypeRoot
instanceKlass org/eclipse/jdt/core/ICodeAssist
instanceKlass org/eclipse/jdt/core/ISourceReference
instanceKlass org/lombokweb/asm/Handle
instanceKlass org/eclipse/core/internal/resources/AliasManager$FindAliasesDoit
instanceKlass org/eclipse/jdt/core/IJavaProject
instanceKlass org/eclipse/jdt/core/IClasspathContainer
instanceKlass org/eclipse/jdt/internal/core/JavaModelManager
instanceKlass  @bci java/util/Comparator comparingDouble (Ljava/util/function/ToDoubleFunction;)Ljava/util/Comparator; 6 <appendix> member <vmtarget> ; # java/util/Comparator$$Lambda+0x000001ba811da468
instanceKlass  @bci org/eclipse/jdt/core/JavaCore <clinit> ()V 214 <appendix> argL0 ; # org/eclipse/jdt/core/JavaCore$$Lambda+0x000001ba8129fa00
instanceKlass  @cpi org/eclipse/jdt/core/JavaCore 2486 form vmentry <vmtarget> ; # java/lang/invoke/LambdaForm$DMH+0x000001ba811aa000
# instanceKlass java/lang/invoke/LambdaForm$DMH+0x000001ba811a8400
instanceKlass java/util/function/ToDoubleFunction
instanceKlass org/eclipse/jdt/core/compiler/CharOperation
instanceKlass org/eclipse/jdt/internal/compiler/impl/CompilerOptions
instanceKlass org/eclipse/jdt/core/IRegion
instanceKlass org/eclipse/jdt/core/IWorkingCopy
instanceKlass org/eclipse/jdt/core/IClasspathAttribute
instanceKlass org/eclipse/jdt/internal/compiler/env/IModule
instanceKlass java/util/AbstractList$SubList$1
instanceKlass org/eclipse/jdt/core/search/TypeNameRequestor
instanceKlass org/eclipse/core/resources/filtermatchers/AbstractFileInfoMatcher
instanceKlass org/eclipse/jdt/core/IClasspathEntry
instanceKlass org/eclipse/core/internal/resources/Filter
instanceKlass org/eclipse/jdt/core/IJavaModel
instanceKlass org/eclipse/jdt/core/IParent
instanceKlass org/eclipse/jdt/core/IOpenable
instanceKlass org/eclipse/jdt/core/IJavaElement
instanceKlass  @bci org/eclipse/jdt/ls/core/internal/filesystem/JLSFile childNames (ILorg/eclipse/core/runtime/IProgressMonitor;)[Ljava/lang/String; 152 <appendix> argL0 ; # org/eclipse/jdt/ls/core/internal/filesystem/JLSFile$$Lambda+0x000001ba8120dd28
instanceKlass org/eclipse/core/resources/IWorkspaceRunnable
instanceKlass org/eclipse/core/internal/localstore/UnifiedTreeNode
instanceKlass org/eclipse/jdt/core/WorkingCopyOwner
instanceKlass org/eclipse/core/internal/localstore/UnifiedTree
instanceKlass org/eclipse/core/runtime/jobs/IJobStatus
instanceKlass  @bci org/eclipse/core/internal/jobs/JobManager reportBlocked (Lorg/eclipse/core/runtime/IProgressMonitor;Ljava/util/Collection;)V 6 <appendix> argL0 ; # org/eclipse/core/internal/jobs/JobManager$$Lambda+0x000001ba811b1450
instanceKlass org/eclipse/jdt/ls/core/internal/preferences/PreferenceManager
instanceKlass org/eclipse/core/runtime/SubMonitor$RootInfo
instanceKlass  @bci org/eclipse/core/internal/jobs/OrderedLock enqueue (Lorg/eclipse/core/internal/jobs/Semaphore;)Lorg/eclipse/core/internal/jobs/Semaphore; 10 <appendix> member <vmtarget> ; # org/eclipse/core/internal/jobs/OrderedLock$$Lambda+0x000001ba811b11f8
instanceKlass java/util/ArrayDeque$DeqSpliterator
instanceKlass org/eclipse/core/internal/jobs/Semaphore
instanceKlass java/util/concurrent/locks/ReentrantReadWriteLock$Sync$HoldCounter
instanceKlass org/apache/maven/wagon/authentication/AuthenticationInfo
instanceKlass org/eclipse/m2e/core/internal/repository/IRepositoryDiscoverer
instanceKlass org/eclipse/m2e/core/internal/repository/IRepositoryIndexer
instanceKlass org/eclipse/m2e/core/internal/repository/RepositoryInfo
instanceKlass org/eclipse/m2e/core/repository/IRepository
instanceKlass org/eclipse/m2e/core/internal/repository/RepositoryRegistry
instanceKlass org/eclipse/m2e/core/repository/IRepositoryRegistry
instanceKlass org/eclipse/m2e/core/internal/project/WorkspaceStateWriter
instanceKlass  @bci org/eclipse/core/internal/runtime/AdapterManager registerFactory (Lorg/eclipse/core/runtime/IAdapterFactory;Ljava/lang/String;)V 5 <appendix> argL0 ; # org/eclipse/core/internal/runtime/AdapterManager$$Lambda+0x000001ba811a23b0
instanceKlass org/eclipse/m2e/core/project/ResolverConfiguration
instanceKlass org/eclipse/m2e/core/project/configurator/ILifecycleMapping
instanceKlass org/eclipse/m2e/core/project/IProjectCreationListener
instanceKlass org/eclipse/m2e/core/project/ProjectImportConfiguration
instanceKlass org/eclipse/m2e/core/project/MavenProjectInfo
instanceKlass org/eclipse/aether/graph/DependencyNode
instanceKlass ch/qos/logback/classic/spi/EventArgUtil
instanceKlass ch/qos/logback/classic/spi/IThrowableProxy
instanceKlass ch/qos/logback/classic/spi/LoggingEvent
instanceKlass org/eclipse/m2e/core/internal/project/registry/MavenProjectManager
instanceKlass org/eclipse/m2e/core/project/IMavenProjectRegistry
instanceKlass org/eclipse/aether/graph/DependencyVisitor
instanceKlass org/eclipse/aether/graph/DependencyFilter
instanceKlass org/eclipse/aether/collection/DependencyGraphTransformer
instanceKlass org/eclipse/aether/util/graph/transformer/ConflictResolver$VersionSelector
instanceKlass org/eclipse/aether/util/graph/transformer/ConflictResolver$ScopeSelector
instanceKlass org/eclipse/aether/util/graph/transformer/ConflictResolver$OptionalitySelector
instanceKlass org/eclipse/aether/util/graph/transformer/ConflictResolver$ScopeDeriver
instanceKlass javax/xml/transform/Source
instanceKlass javax/xml/transform/Result
instanceKlass org/w3c/dom/Node
instanceKlass org/eclipse/m2e/core/embedder/MavenModelManager
instanceKlass org/eclipse/m2e/core/project/configurator/ILifecycleMappingConfiguration
instanceKlass org/eclipse/m2e/core/internal/project/ProjectConfigurationManager
instanceKlass org/eclipse/m2e/core/project/IProjectConfigurationManager
instanceKlass org/eclipse/core/runtime/jobs/IJobFunction
instanceKlass org/eclipse/m2e/core/project/MavenUpdateRequest
instanceKlass org/eclipse/m2e/core/internal/project/registry/ProjectRegistryReader$MavenProjectManagerImplReplace
instanceKlass org/eclipse/m2e/core/internal/project/registry/ProjectRegistryReader$IFileReplace
instanceKlass org/eclipse/m2e/core/internal/project/registry/ProjectRegistryReader$IPathReplace
instanceKlass java/util/HashMap$UnsafeHolder
instanceKlass java/io/SerialCallbackContext
instanceKlass java/io/ObjectInputStream$GetField
instanceKlass java/io/ObjectStreamClass$ClassDataSlot
instanceKlass java/io/ObjectStreamClass$FieldReflector
instanceKlass java/io/ObjectStreamClass$FieldReflectorKey
instanceKlass jdk/internal/reflect/ClassDefiner$1
instanceKlass jdk/internal/reflect/ClassDefiner
instanceKlass jdk/internal/reflect/MethodAccessorGenerator$1
instanceKlass jdk/internal/reflect/Label$PatchInfo
instanceKlass jdk/internal/reflect/Label
instanceKlass jdk/internal/reflect/UTF8
instanceKlass jdk/internal/reflect/ClassFileAssembler
instanceKlass jdk/internal/reflect/ByteVectorImpl
instanceKlass jdk/internal/reflect/ByteVector
instanceKlass jdk/internal/reflect/ByteVectorFactory
instanceKlass jdk/internal/reflect/AccessorGenerator
instanceKlass jdk/internal/reflect/ClassFileConstants
instanceKlass  @bci jdk/internal/reflect/MethodHandleLongFieldAccessorImpl getLong (Ljava/lang/Object;)J 11 <adapter> ; # java/lang/invoke/LambdaForm$MH+0x000001ba81294000
instanceKlass java/io/ObjectStreamClass$2
instanceKlass java/io/ClassCache
instanceKlass java/io/ObjectStreamClass$Caches
instanceKlass sun/reflect/misc/ReflectUtil
instanceKlass java/io/ObjectStreamClass
instanceKlass  @bci java/io/ObjectInputFilter$Config <clinit> ()V 368 <appendix> argL0 ; # java/io/ObjectInputFilter$Config$$Lambda+0x000001ba811d2af8
instanceKlass jdk/internal/access/JavaObjectInputFilterAccess
instanceKlass java/io/ObjectInputFilter$Config$BuiltinFilterFactory
instanceKlass  @bci java/io/ObjectInputFilter$Config <clinit> ()V 80 <appendix> argL0 ; # java/io/ObjectInputFilter$Config$$Lambda+0x000001ba811d2490
instanceKlass  @bci java/io/ObjectInputFilter$Config <clinit> ()V 56 <appendix> argL0 ; # java/io/ObjectInputFilter$Config$$Lambda+0x000001ba811d2270
instanceKlass java/io/ObjectInputFilter
instanceKlass java/io/ObjectInputFilter$Config
instanceKlass java/io/ObjectInputStream$ValidationList
instanceKlass java/io/ObjectInputStream$HandleTable$HandleList
instanceKlass java/io/ObjectInputStream$HandleTable
instanceKlass  @bci java/io/ObjectInputStream <clinit> ()V 100 <appendix> argL0 ; # java/io/ObjectInputStream$$Lambda+0x000001ba811d0cf0
instanceKlass jdk/internal/access/JavaObjectInputStreamReadString
instanceKlass  @bci java/io/ObjectInputStream <clinit> ()V 92 <appendix> argL0 ; # java/io/ObjectInputStream$$Lambda+0x000001ba811d08d0
instanceKlass jdk/internal/access/JavaObjectInputStreamAccess
instanceKlass org/apache/maven/project/ProjectBuildingResult
instanceKlass org/eclipse/core/runtime/SubMonitor
instanceKlass org/eclipse/m2e/core/internal/project/registry/DependencyResolutionContext
instanceKlass org/eclipse/m2e/core/project/IMavenProjectChangedListener
instanceKlass org/eclipse/m2e/core/internal/project/registry/MavenProjectFacade
instanceKlass com/google/common/cache/LocalCache$AbstractReferenceEntry
instanceKlass java/util/concurrent/atomic/AtomicReferenceArray
instanceKlass com/google/common/cache/LocalCache$LoadingValueReference
instanceKlass com/google/common/cache/Weigher
instanceKlass com/google/common/base/Predicate
instanceKlass com/google/common/base/Equivalence
instanceKlass java/util/function/BiPredicate
instanceKlass com/google/common/base/MoreObjects
instanceKlass com/google/common/cache/LocalCache$1
instanceKlass com/google/common/cache/ReferenceEntry
instanceKlass com/google/common/cache/LocalCache$ValueReference
instanceKlass com/google/common/cache/LocalCache$LocalManualCache
instanceKlass com/google/common/cache/CacheLoader
instanceKlass  @bci org/eclipse/m2e/core/internal/project/registry/MavenProjectCache <init> ()V 25 <appendix> member <vmtarget> ; # org/eclipse/m2e/core/internal/project/registry/MavenProjectCache$$Lambda+0x000001ba81284928
instanceKlass org/eclipse/m2e/core/internal/project/registry/MavenProjectCache$CacheLine
instanceKlass  @bci org/eclipse/m2e/core/internal/project/registry/MavenProjectCache <init> ()V 16 <appendix> member <vmtarget> ; # org/eclipse/m2e/core/internal/project/registry/MavenProjectCache$$Lambda+0x000001ba812844f0
instanceKlass com/google/common/cache/RemovalListener
instanceKlass com/google/common/cache/CacheBuilder$2
instanceKlass com/google/common/base/Preconditions
instanceKlass com/google/common/cache/CacheStats
instanceKlass com/google/common/base/Suppliers$SupplierOfInstance
instanceKlass com/google/common/base/Suppliers
instanceKlass com/google/common/cache/CacheBuilder$1
instanceKlass com/google/common/cache/AbstractCache$StatsCounter
instanceKlass com/google/common/base/Ticker
instanceKlass com/google/common/base/Supplier
instanceKlass com/google/common/cache/CacheBuilder
instanceKlass com/google/common/cache/LoadingCache
instanceKlass com/google/common/base/Function
instanceKlass com/google/common/cache/Cache
instanceKlass org/eclipse/m2e/core/internal/embedder/MavenExecutionContext
instanceKlass org/eclipse/m2e/core/internal/preferences/MavenPreferenceConstants
instanceKlass org/apache/maven/model/ModelBase
instanceKlass org/apache/maven/model/building/ModelProblemCollectorRequest
instanceKlass org/apache/maven/model/ConfigurationContainer
instanceKlass org/apache/maven/model/InputLocationTracker
instanceKlass org/eclipse/m2e/core/internal/embedder/MavenImpl$MavenSettings
instanceKlass org/apache/maven/lifecycle/MavenExecutionPlan
instanceKlass org/eclipse/m2e/core/embedder/ILocalRepositoryListener
instanceKlass org/apache/maven/wagon/proxy/ProxyInfo
instanceKlass org/apache/maven/execution/MavenSession
instanceKlass org/apache/maven/plugin/MojoExecution
instanceKlass org/apache/maven/project/ProjectBuildingRequest
instanceKlass org/apache/maven/settings/TrackableBase
instanceKlass org/eclipse/m2e/core/embedder/ICallable
instanceKlass org/apache/maven/artifact/Artifact
instanceKlass org/eclipse/m2e/core/embedder/ISettingsChangeListener
instanceKlass org/eclipse/sisu/inject/MildKeys
instanceKlass org/eclipse/sisu/inject/Weak
instanceKlass com/google/inject/matcher/AbstractMatcher
instanceKlass com/google/inject/matcher/Matcher
instanceKlass com/google/inject/Module
instanceKlass com/google/inject/spi/TypeConverter
instanceKlass org/codehaus/plexus/component/configurator/converters/ParameterizedConfigurationConverter
instanceKlass org/codehaus/plexus/component/configurator/converters/AbstractConfigurationConverter
instanceKlass org/codehaus/plexus/component/configurator/converters/ConfigurationConverter
instanceKlass org/codehaus/plexus/component/configurator/converters/lookup/DefaultConverterLookup
instanceKlass org/eclipse/m2e/core/internal/markers/MavenProblemInfo
instanceKlass org/eclipse/m2e/core/internal/markers/SourceLocation
instanceKlass org/apache/maven/project/MavenProject
instanceKlass org/eclipse/aether/artifact/Artifact
instanceKlass org/eclipse/m2e/core/internal/markers/MavenMarkerManager
instanceKlass org/apache/maven/execution/MavenExecutionRequest
instanceKlass org/eclipse/m2e/core/internal/embedder/MavenProperties
instanceKlass org/apache/felix/scr/impl/ComponentRegistry$2
instanceKlass  @bci org/eclipse/core/internal/preferences/EclipsePreferences fireNodeEvent (Lorg/eclipse/core/runtime/preferences/IEclipsePreferences$NodeChangeEvent;Z)V 26 <adapter> ; # java/lang/invoke/LambdaForm$MH+0x000001ba81278800
instanceKlass  @bci org/eclipse/core/internal/preferences/EclipsePreferences fireNodeEvent (Lorg/eclipse/core/runtime/preferences/IEclipsePreferences$NodeChangeEvent;Z)V 26 <appendix> form vmentry <vmtarget> ; # java/lang/invoke/LambdaForm$DMH+0x000001ba81278400
instanceKlass  @bci org/eclipse/core/internal/preferences/EclipsePreferences fireNodeEvent (Lorg/eclipse/core/runtime/preferences/IEclipsePreferences$NodeChangeEvent;Z)V 26 <appendix> member <vmtarget> ; # org/eclipse/core/internal/preferences/EclipsePreferences$$Lambda+0x000001ba812763f8
instanceKlass  @cpi org/eclipse/core/internal/preferences/EclipsePreferences 1057 form vmentry <vmtarget> ; # java/lang/invoke/LambdaForm$DMH+0x000001ba81278000
instanceKlass org/eclipse/m2e/core/internal/preferences/MavenConfigurationImpl$1
instanceKlass org/eclipse/core/runtime/preferences/IPreferenceFilter
instanceKlass org/apache/felix/scr/impl/ComponentRegistry$Entry
instanceKlass org/eclipse/osgi/internal/log/Arguments
instanceKlass org/eclipse/m2e/core/internal/embedder/EclipseLogger
instanceKlass org/codehaus/plexus/logging/Logger
instanceKlass org/codehaus/plexus/logging/AbstractLoggerManager
instanceKlass org/codehaus/plexus/logging/LoggerManager
instanceKlass org/eclipse/m2e/core/internal/embedder/IMavenPlexusContainer
instanceKlass org/codehaus/plexus/classworlds/ClassWorldListener
instanceKlass org/codehaus/plexus/PlexusContainer
instanceKlass org/codehaus/plexus/classworlds/ClassWorld
instanceKlass org/apache/maven/plugin/version/PluginVersionRequest
instanceKlass org/codehaus/plexus/component/configurator/expression/ExpressionEvaluator
instanceKlass org/codehaus/plexus/configuration/PlexusConfiguration
instanceKlass org/apache/maven/model/building/ModelBuildingRequest
instanceKlass org/eclipse/aether/RepositorySystemSession
instanceKlass org/apache/maven/settings/crypto/SettingsDecryptionRequest
instanceKlass org/apache/maven/execution/MavenExecutionResult
instanceKlass org/apache/maven/settings/building/SettingsBuildingRequest
instanceKlass org/codehaus/plexus/component/configurator/converters/lookup/ConverterLookup
instanceKlass org/eclipse/m2e/core/internal/embedder/MavenImpl
instanceKlass org/eclipse/m2e/core/embedder/IMavenConfigurationChangeListener
instanceKlass org/eclipse/m2e/core/internal/preferences/MavenConfigurationImpl
instanceKlass org/eclipse/m2e/core/internal/project/registry/MavenProjectCache
instanceKlass org/eclipse/m2e/core/internal/project/registry/ProjectRegistryReader
instanceKlass org/eclipse/m2e/core/internal/embedder/PlexusContainerManager
instanceKlass org/eclipse/m2e/core/internal/markers/IMavenMarkerManager
instanceKlass org/eclipse/m2e/core/internal/project/registry/BasicProjectRegistry
instanceKlass org/eclipse/m2e/core/embedder/IMavenExecutionContext
instanceKlass org/eclipse/m2e/core/internal/project/registry/AbstractMavenDependencyResolver
instanceKlass org/eclipse/m2e/core/project/IProjectConfiguration
instanceKlass org/eclipse/m2e/core/internal/project/registry/IProjectRegistry
instanceKlass org/eclipse/aether/repository/WorkspaceReader
instanceKlass org/apache/maven/artifact/repository/MavenArtifactRepository
instanceKlass org/apache/maven/artifact/repository/ArtifactRepository
instanceKlass org/eclipse/m2e/core/internal/project/registry/Capability
instanceKlass org/eclipse/m2e/core/project/IMavenProjectFacade
instanceKlass org/eclipse/m2e/core/embedder/IMavenExecutableLocation
instanceKlass org/eclipse/m2e/core/embedder/IMaven
instanceKlass org/eclipse/m2e/core/embedder/IComponentLookup
instanceKlass org/eclipse/m2e/core/embedder/IMavenConfiguration
instanceKlass org/eclipse/m2e/core/internal/project/registry/ProjectRegistryManager
instanceKlass ch/qos/logback/classic/util/LoggerNameUtil
instanceKlass org/slf4j/helpers/Reporter
instanceKlass ch/qos/logback/core/util/CachingDateFormatter$CacheTuple
instanceKlass ch/qos/logback/core/util/CachingDateFormatter
instanceKlass ch/qos/logback/core/util/StatusPrinter2
instanceKlass ch/qos/logback/core/util/StatusPrinter
instanceKlass ch/qos/logback/core/status/StatusUtil
instanceKlass  @bci ch/qos/logback/classic/util/ContextInitializer printDuration (JLch/qos/logback/classic/spi/Configurator;Lch/qos/logback/classic/spi/Configurator$ExecutionStatus;)V 31 <adapter> ; # java/lang/invoke/LambdaForm$MH+0x000001ba81263400
instanceKlass  @bci ch/qos/logback/classic/util/ContextInitializer printDuration (JLch/qos/logback/classic/spi/Configurator;Lch/qos/logback/classic/spi/Configurator$ExecutionStatus;)V 31 <appendix> form vmentry <vmtarget> ; # java/lang/invoke/LambdaForm$MH+0x000001ba81263000
# instanceKlass java/lang/invoke/LambdaForm$MH+0x000001ba81262c00
instanceKlass  @bci ch/qos/logback/classic/util/ContextInitializer printDuration (JLch/qos/logback/classic/spi/Configurator;Lch/qos/logback/classic/spi/Configurator$ExecutionStatus;)V 31 <appendix> form names 8 function resolvedHandle form vmentry <vmtarget> ; # java/lang/invoke/LambdaForm$DMH+0x000001ba81262800
instanceKlass  @bci ch/qos/logback/classic/util/ContextInitializer printDuration (JLch/qos/logback/classic/spi/Configurator;Lch/qos/logback/classic/spi/Configurator$ExecutionStatus;)V 31 <appendix> argL3 form vmentry <vmtarget> ; # java/lang/invoke/LambdaForm$MH+0x000001ba81262400
# instanceKlass java/lang/invoke/LambdaForm$MH+0x000001ba81262000
# instanceKlass java/lang/invoke/LambdaForm$MH+0x000001ba81261c00
# instanceKlass java/lang/invoke/LambdaForm$MH+0x000001ba81261800
# instanceKlass java/lang/invoke/LambdaForm$MH+0x000001ba81261400
instanceKlass  @bci ch/qos/logback/classic/util/ContextInitializer printDuration (JLch/qos/logback/classic/spi/Configurator;Lch/qos/logback/classic/spi/Configurator$ExecutionStatus;)V 31 <appendix> form names 12 function resolvedHandle form vmentry <vmtarget> ; # java/lang/invoke/LambdaForm$DMH+0x000001ba81261000
instanceKlass  @bci ch/qos/logback/classic/util/ContextInitializer printDuration (JLch/qos/logback/classic/spi/Configurator;Lch/qos/logback/classic/spi/Configurator$ExecutionStatus;)V 31 <appendix> argL1 form vmentry <vmtarget> ; # java/lang/invoke/LambdaForm$MH+0x000001ba81260c00
# instanceKlass java/lang/invoke/LambdaForm$MH+0x000001ba81260800
# instanceKlass java/lang/invoke/LambdaForm$MH+0x000001ba81260400
# instanceKlass java/lang/invoke/LambdaForm$MH+0x000001ba81260000
instanceKlass ch/qos/logback/core/Appender
instanceKlass ch/qos/logback/core/spi/FilterAttachable
instanceKlass ch/qos/logback/core/spi/ContextAwareBase
instanceKlass ch/qos/logback/classic/util/ClassicEnvUtil
instanceKlass ch/qos/logback/core/status/StatusListener
instanceKlass ch/qos/logback/core/util/StatusListenerConfigHelper
instanceKlass ch/qos/logback/core/status/StatusBase
instanceKlass ch/qos/logback/core/util/VersionUtil
instanceKlass ch/qos/logback/classic/ClassicConstants
instanceKlass ch/qos/logback/classic/util/ClassicVersionUtil
instanceKlass ch/qos/logback/core/CoreConstants
instanceKlass ch/qos/logback/core/util/CoreVersionUtil
instanceKlass ch/qos/logback/core/util/OptionHelper
instanceKlass ch/qos/logback/core/util/Loader
instanceKlass ch/qos/logback/classic/spi/Configurator
instanceKlass ch/qos/logback/core/spi/ContextAwareImpl
instanceKlass ch/qos/logback/classic/util/ContextInitializer$1
instanceKlass ch/qos/logback/core/spi/ContextAware
instanceKlass ch/qos/logback/classic/util/ContextInitializer
instanceKlass org/slf4j/MDC
instanceKlass ch/qos/logback/classic/util/LogbackMDCAdapter
instanceKlass ch/qos/logback/classic/Level
instanceKlass ch/qos/logback/classic/spi/ILoggingEvent
instanceKlass ch/qos/logback/core/spi/DeferredProcessingAware
instanceKlass org/slf4j/spi/LoggingEventBuilder
instanceKlass ch/qos/logback/classic/Logger
instanceKlass ch/qos/logback/core/spi/AppenderAttachable
instanceKlass org/slf4j/spi/LoggingEventAware
instanceKlass org/slf4j/spi/LocationAwareLogger
instanceKlass ch/qos/logback/classic/spi/LoggerContextVO
instanceKlass ch/qos/logback/core/spi/LogbackLock
instanceKlass ch/qos/logback/core/helpers/CyclicBuffer
instanceKlass ch/qos/logback/core/BasicStatusManager
instanceKlass ch/qos/logback/core/status/Status
instanceKlass ch/qos/logback/core/status/StatusManager
instanceKlass ch/qos/logback/core/ContextBase
instanceKlass ch/qos/logback/core/spi/LifeCycle
instanceKlass ch/qos/logback/core/Context
instanceKlass ch/qos/logback/core/spi/PropertyContainer
instanceKlass org/eclipse/core/resources/team/ResourceRuleFactory
# instanceKlass java/lang/invoke/LambdaForm$DMH+0x000001ba81258000
instanceKlass org/apache/aries/spifly/Util$7
instanceKlass org/apache/aries/spifly/Util$5
instanceKlass org/eclipse/osgi/internal/container/NamespaceList$Builder$1
instanceKlass org/apache/felix/resolver/WireImpl
instanceKlass org/apache/felix/resolver/util/ArrayMap$1$1
instanceKlass org/apache/felix/resolver/UsedBlames
instanceKlass org/apache/felix/resolver/PackageSpaces$4
instanceKlass org/apache/felix/resolver/PackageSpaces$3
instanceKlass org/apache/felix/resolver/PackageSpaces$2
instanceKlass org/apache/felix/resolver/Blame
instanceKlass org/apache/felix/resolver/PackageSpaces$1
instanceKlass org/apache/felix/resolver/Packages
instanceKlass org/apache/felix/resolver/WrappedRequirement
instanceKlass org/apache/felix/resolver/WireCandidate
instanceKlass org/apache/felix/resolver/EnhancedExecutor$1
instanceKlass org/apache/felix/resolver/PackageSpaces$1Computer
instanceKlass org/apache/felix/resolver/WrappedResource
instanceKlass  @bci org/apache/felix/resolver/util/CandidateSelector calculate (Lorg/osgi/resource/Requirement;)V 15 <appendix> member <vmtarget> ; # org/apache/felix/resolver/util/CandidateSelector$$Lambda+0x000001ba8124fba8
instanceKlass org/apache/felix/resolver/util/CopyOnWriteSet
instanceKlass org/apache/felix/resolver/DumbExecutor
instanceKlass org/slf4j/helpers/Util
instanceKlass org/slf4j/helpers/NOPMDCAdapter
instanceKlass org/slf4j/helpers/NOPLoggerFactory
instanceKlass org/slf4j/helpers/NOP_FallbackServiceProvider
instanceKlass org/slf4j/helpers/ThreadLocalMapOfStacks
instanceKlass org/objectweb/asm/tree/ParameterNode
instanceKlass org/slf4j/helpers/BasicMDCAdapter
instanceKlass org/slf4j/Marker
instanceKlass org/slf4j/helpers/BasicMarkerFactory
instanceKlass org/slf4j/Logger
instanceKlass org/slf4j/helpers/SubstituteLoggerFactory
instanceKlass org/slf4j/ILoggerFactory
instanceKlass org/slf4j/spi/MDCAdapter
instanceKlass org/slf4j/IMarkerFactory
instanceKlass org/slf4j/helpers/SubstituteServiceProvider
instanceKlass org/slf4j/event/LoggingEvent
instanceKlass org/slf4j/LoggerFactory
instanceKlass  @bci org/eclipse/osgi/container/ModuleWiring lambda$1 (Lorg/eclipse/osgi/internal/container/NamespaceList$Builder;)V 26 <appendix> argL0 ; # org/eclipse/osgi/container/ModuleWiring$$Lambda+0x000001ba81167da8
instanceKlass java/util/function/UnaryOperator
instanceKlass  @bci org/eclipse/osgi/container/ModuleWiring addDynamicImports (Lorg/eclipse/osgi/container/ModuleRevisionBuilder;)V 39 <appendix> member <vmtarget> ; # org/eclipse/osgi/container/ModuleWiring$$Lambda+0x000001ba81167b80
instanceKlass  @bci org/eclipse/osgi/container/ModuleWiring addDynamicImports (Lorg/eclipse/osgi/container/ModuleRevisionBuilder;)V 7 <appendix> member <vmtarget> ; # org/eclipse/osgi/container/ModuleWiring$$Lambda+0x000001ba81167938
instanceKlass org/eclipse/osgi/container/builders/OSGiManifestBuilderFactory
instanceKlass  @bci sun/net/www/protocol/jrt/JavaRuntimeURLConnection <clinit> ()V 0 <appendix> argL0 ; # sun/net/www/protocol/jrt/JavaRuntimeURLConnection$$Lambda+0x000001ba811ce2f0
instanceKlass org/objectweb/asm/Handler
instanceKlass org/objectweb/asm/tree/TryCatchBlockNode
instanceKlass org/objectweb/asm/Handle
instanceKlass org/objectweb/asm/Edge
instanceKlass org/objectweb/asm/tree/LocalVariableNode
instanceKlass java/util/BitSet
instanceKlass org/objectweb/asm/tree/InsnList
instanceKlass org/objectweb/asm/tree/Util
instanceKlass org/objectweb/asm/tree/AbstractInsnNode
instanceKlass org/objectweb/asm/commons/Method
instanceKlass org/objectweb/asm/Label
instanceKlass org/objectweb/asm/Frame
instanceKlass org/objectweb/asm/Context
instanceKlass org/objectweb/asm/Attribute
instanceKlass org/objectweb/asm/Type
instanceKlass org/objectweb/asm/ByteVector
instanceKlass org/objectweb/asm/Symbol
instanceKlass org/objectweb/asm/SymbolTable
instanceKlass org/objectweb/asm/FieldVisitor
instanceKlass org/objectweb/asm/MethodVisitor
instanceKlass org/objectweb/asm/AnnotationVisitor
instanceKlass org/objectweb/asm/ModuleVisitor
instanceKlass org/objectweb/asm/RecordComponentVisitor
instanceKlass org/objectweb/asm/ClassReader
instanceKlass org/eclipse/m2e/core/internal/URLConnectionCaches
instanceKlass  @bci org/eclipse/m2e/core/internal/MavenPluginActivator start (Lorg/osgi/framework/BundleContext;)V 31 <adapter> ; # java/lang/invoke/LambdaForm$MH+0x000001ba8123c800
# instanceKlass java/lang/invoke/LambdaForm$DMH+0x000001ba8123c400
instanceKlass  @bci org/eclipse/m2e/core/internal/MavenPluginActivator start (Lorg/osgi/framework/BundleContext;)V 31 <appendix> form vmentry <vmtarget> ; # java/lang/invoke/LambdaForm$MH+0x000001ba8123c000
instanceKlass  @bci org/eclipse/m2e/core/internal/MavenPluginActivator start (Lorg/osgi/framework/BundleContext;)V 31 <appendix> form names 5 function resolvedHandle form vmentry <vmtarget> ; # java/lang/invoke/LambdaForm$DMH+0x000001ba8123bc00
instanceKlass  @bci org/eclipse/m2e/core/internal/MavenPluginActivator start (Lorg/osgi/framework/BundleContext;)V 31 <appendix> argL3 form vmentry <vmtarget> ; # java/lang/invoke/LambdaForm$MH+0x000001ba8123b800
# instanceKlass java/lang/invoke/LambdaForm$MH+0x000001ba8123b400
# instanceKlass java/lang/invoke/LambdaForm$MH+0x000001ba8123b000
# instanceKlass java/lang/invoke/LambdaForm$MH+0x000001ba8123ac00
# instanceKlass java/lang/invoke/LambdaForm$MH+0x000001ba8123a800
# instanceKlass java/lang/invoke/LambdaForm$MH+0x000001ba8123a400
# instanceKlass java/lang/invoke/LambdaForm$MH+0x000001ba8123a000
instanceKlass  @bci org/eclipse/m2e/core/internal/MavenPluginActivator start (Lorg/osgi/framework/BundleContext;)V 31 <appendix> form names 9 function resolvedHandle form vmentry <vmtarget> ; # java/lang/invoke/LambdaForm$DMH+0x000001ba81239c00
instanceKlass  @bci org/eclipse/m2e/core/internal/MavenPluginActivator start (Lorg/osgi/framework/BundleContext;)V 31 <appendix> argL1 form vmentry <vmtarget> ; # java/lang/invoke/LambdaForm$MH+0x000001ba81239800
# instanceKlass java/lang/invoke/LambdaForm$MH+0x000001ba81239400
instanceKlass  @bci org/eclipse/m2e/core/internal/MavenPluginActivator start (Lorg/osgi/framework/BundleContext;)V 31 <appendix> argL1 argL0 form vmentry <vmtarget> ; # java/lang/invoke/LambdaForm$MH+0x000001ba81239000
# instanceKlass java/lang/invoke/LambdaForm$MH+0x000001ba81238c00
# instanceKlass java/lang/invoke/LambdaForm$MH+0x000001ba81238800
# instanceKlass java/lang/invoke/LambdaForm$MH+0x000001ba81238400
# instanceKlass java/lang/invoke/LambdaForm$MH+0x000001ba81238000
instanceKlass  @bci org/eclipse/m2e/core/internal/MavenPluginActivator <init> ()V 16 <appendix> argL0 ; # org/eclipse/m2e/core/internal/MavenPluginActivator$$Lambda+0x000001ba81232d78
instanceKlass org/eclipse/m2e/core/internal/jobs/IBackgroundProcessingQueue
# instanceKlass java/lang/invoke/LambdaForm$MH+0x000001ba81232000
# instanceKlass java/lang/invoke/LambdaForm$MH+0x000001ba81231c00
# instanceKlass java/lang/invoke/LambdaForm$MH+0x000001ba81231800
# instanceKlass java/lang/invoke/LambdaForm$MH+0x000001ba81231400
# instanceKlass java/lang/invoke/LambdaForm$DMH+0x000001ba81231000
# instanceKlass java/lang/invoke/LambdaForm$MH+0x000001ba81230c00
instanceKlass org/eclipse/core/resources/IResourceChangeEvent
instanceKlass java/util/concurrent/atomic/Striped64$1
instanceKlass jdk/internal/util/random/RandomSupport
instanceKlass  @bci org/apache/felix/scr/impl/manager/ComponentContextImpl createNewFieldHandlerMap ()Ljava/util/Map; 4 <appendix> argL0 ; # org/apache/felix/scr/impl/manager/ComponentContextImpl$$Lambda+0x000001ba8117e278
instanceKlass org/eclipse/core/internal/preferences/BundleStateScope
instanceKlass org/apache/felix/scr/impl/inject/field/FieldHandler$Resolved
instanceKlass org/apache/felix/scr/impl/inject/field/FieldUtils$FieldSearchResult
instanceKlass org/apache/felix/scr/impl/inject/field/FieldUtils$1
instanceKlass org/apache/felix/scr/impl/inject/field/FieldUtils
instanceKlass org/apache/felix/scr/impl/inject/field/FieldHandler$1
instanceKlass org/apache/felix/scr/impl/inject/field/FieldHandler$ReferenceMethodImpl
instanceKlass org/apache/felix/scr/impl/inject/field/FieldHandler$NotResolved
instanceKlass org/apache/felix/scr/impl/inject/field/FieldHandler$State
instanceKlass org/apache/felix/scr/impl/inject/InitReferenceMethod
instanceKlass org/apache/felix/scr/impl/inject/field/FieldHandler
instanceKlass org/apache/felix/scr/impl/inject/field/FieldMethods
instanceKlass org/eclipse/core/internal/resources/CheckMissingNaturesListener
instanceKlass org/eclipse/core/internal/resources/ResourceChangeListenerRegistrar
instanceKlass org/eclipse/core/internal/resources/Rules
instanceKlass  @bci org/eclipse/core/internal/jobs/JobManager startJob (Lorg/eclipse/core/internal/jobs/Worker;)Lorg/eclipse/core/runtime/jobs/Job; 45 <appendix> member <vmtarget> ; # org/eclipse/core/internal/jobs/JobManager$$Lambda+0x000001ba811b0b88
instanceKlass  @cpi org/eclipse/core/internal/jobs/JobManager 1541 form vmentry <vmtarget> ; # java/lang/invoke/LambdaForm$DMH+0x000001ba81230800
instanceKlass  @bci org/eclipse/core/internal/jobs/JobManager endJob (Lorg/eclipse/core/internal/jobs/InternalJob;Lorg/eclipse/core/runtime/IStatus;ZZ)V 14 <adapter> ; # java/lang/invoke/LambdaForm$MH+0x000001ba81230400
# instanceKlass java/lang/invoke/LambdaForm$DMH+0x000001ba81230000
instanceKlass  @bci org/eclipse/core/internal/jobs/JobManager endJob (Lorg/eclipse/core/internal/jobs/InternalJob;Lorg/eclipse/core/runtime/IStatus;ZZ)V 14 <appendix> form vmentry <vmtarget> ; # java/lang/invoke/LambdaForm$DMH+0x000001ba8122ec00
instanceKlass  @bci org/eclipse/core/internal/jobs/JobManager endJob (Lorg/eclipse/core/internal/jobs/InternalJob;Lorg/eclipse/core/runtime/IStatus;ZZ)V 14 <appendix> member <vmtarget> ; # org/eclipse/core/internal/jobs/JobManager$$Lambda+0x000001ba811b0940
instanceKlass  @cpi org/eclipse/core/internal/jobs/JobManager 1497 form vmentry <vmtarget> ; # java/lang/invoke/LambdaForm$DMH+0x000001ba8122e800
instanceKlass  @bci org/eclipse/core/internal/resources/AliasManager buildAliasedProjectsSet ()V 30 <appendix> member <vmtarget> ; # org/eclipse/core/internal/resources/AliasManager$$Lambda+0x000001ba8122f950
instanceKlass org/eclipse/core/internal/filesystem/FileStoreUtil
instanceKlass  @bci org/eclipse/core/internal/resources/AliasManager$HashMapWithSortedKeys <init> ()V 9 <appendix> argL0 ; # org/eclipse/core/internal/resources/AliasManager$HashMapWithSortedKeys$$Lambda+0x000001ba8122f6b8
instanceKlass org/eclipse/core/internal/resources/AliasManager$HashMapWithSortedKeys
instanceKlass org/eclipse/core/internal/resources/AliasManager$LocationMap
instanceKlass org/eclipse/core/internal/resources/AliasManager
instanceKlass org/eclipse/core/resources/refresh/IRefreshMonitor
instanceKlass org/eclipse/core/internal/refresh/MonitorManager
instanceKlass org/eclipse/core/resources/IResourceDeltaVisitor
instanceKlass org/eclipse/core/resources/IPathVariableChangeListener
instanceKlass org/eclipse/core/internal/refresh/RefreshManager
instanceKlass org/eclipse/core/resources/refresh/IRefreshResult
instanceKlass  @bci org/eclipse/core/internal/resources/ContentDescriptionManager getCurrentPlatformState ()Ljava/lang/String; 39 <appendix> argL0 ; # org/eclipse/core/internal/resources/ContentDescriptionManager$$Lambda+0x000001ba8122a8b8
instanceKlass  @bci org/eclipse/core/internal/properties/PropertyBucket$PropertyEntry <clinit> ()V 0 <appendix> argL0 ; # org/eclipse/core/internal/properties/PropertyBucket$PropertyEntry$$Lambda+0x000001ba8122a290
instanceKlass  @cpi org/eclipse/jdt/internal/launching/StandardVMType 1161 form vmentry <vmtarget> ; # java/lang/invoke/LambdaForm$DMH+0x000001ba8122e400
instanceKlass org/eclipse/core/internal/resources/ProjectContentTypes
instanceKlass org/eclipse/core/internal/utils/Cache
instanceKlass org/eclipse/core/internal/resources/ContentDescriptionManager
instanceKlass  @bci org/eclipse/core/internal/resources/CharsetManager initPreferenceChangeListener ()V 2 <appendix> member <vmtarget> ; # org/eclipse/core/internal/resources/CharsetManager$$Lambda+0x000001ba81229690
instanceKlass  @bci org/eclipse/core/internal/jobs/Worker <init> (Lorg/eclipse/core/internal/jobs/WorkerPool;)V 10 <appendix> form vmentry <vmtarget> ; # java/lang/invoke/LambdaForm$MH+0x000001ba8122e000
instanceKlass  @bci org/eclipse/core/internal/jobs/Worker <init> (Lorg/eclipse/core/internal/jobs/WorkerPool;)V 10 <appendix> argL3 form vmentry <vmtarget> ; # java/lang/invoke/LambdaForm$MH+0x000001ba8122dc00
# instanceKlass java/lang/invoke/LambdaForm$MH+0x000001ba8122d800
# instanceKlass java/lang/invoke/LambdaForm$MH+0x000001ba8122d400
# instanceKlass java/lang/invoke/LambdaForm$MH+0x000001ba8122d000
instanceKlass  @bci org/eclipse/core/internal/jobs/JobManager now ()J 5 <appendix> member <vmtarget> ; # org/eclipse/core/internal/jobs/JobManager$$Lambda+0x000001ba811b06f8
instanceKlass java/util/function/LongUnaryOperator
instanceKlass org/eclipse/core/internal/jobs/JobChangeEvent
instanceKlass  @bci org/eclipse/core/internal/jobs/JobManager schedule (Lorg/eclipse/core/internal/jobs/InternalJob;J)V 5 <adapter> ; # java/lang/invoke/LambdaForm$MH+0x000001ba8122cc00
# instanceKlass java/lang/invoke/LambdaForm$DMH+0x000001ba8122c800
instanceKlass  @bci org/eclipse/core/internal/jobs/JobManager schedule (Lorg/eclipse/core/internal/jobs/InternalJob;J)V 5 <appendix> form vmentry <vmtarget> ; # java/lang/invoke/LambdaForm$DMH+0x000001ba8122c400
instanceKlass  @bci org/eclipse/core/internal/jobs/JobManager schedule (Lorg/eclipse/core/internal/jobs/InternalJob;J)V 5 <appendix> member <vmtarget> ; # org/eclipse/core/internal/jobs/JobManager$$Lambda+0x000001ba811b0248
instanceKlass  @cpi org/eclipse/core/internal/jobs/JobManager 1514 form vmentry <vmtarget> ; # java/lang/invoke/LambdaForm$DMH+0x000001ba8122c000
instanceKlass org/eclipse/core/internal/resources/CharsetDeltaJob$ICharsetListenerFilter
instanceKlass  @bci org/osgi/framework/FrameworkUtil lambda$4 (Ljava/lang/Class;)Lorg/osgi/framework/Bundle; 29 <appendix> argL0 ; # org/osgi/framework/FrameworkUtil$$Lambda+0x000001ba811674f0
instanceKlass  @bci org/osgi/framework/FrameworkUtil lambda$4 (Ljava/lang/Class;)Lorg/osgi/framework/Bundle; 19 <appendix> argL0 ; # org/osgi/framework/FrameworkUtil$$Lambda+0x000001ba811672a0
instanceKlass  @bci org/osgi/framework/FrameworkUtil lambda$4 (Ljava/lang/Class;)Lorg/osgi/framework/Bundle; 9 <appendix> member <vmtarget> ; # org/osgi/framework/FrameworkUtil$$Lambda+0x000001ba81167058
instanceKlass org/eclipse/core/runtime/PerformanceStats
instanceKlass org/eclipse/core/internal/events/ResourceStats
instanceKlass org/eclipse/core/internal/events/ResourceChangeListenerList$ListenerEntry
instanceKlass org/eclipse/core/internal/resources/CharsetManager$ResourceChangeListener
instanceKlass org/eclipse/core/resources/IResourceChangeListener
instanceKlass org/eclipse/core/internal/resources/CharsetManager
instanceKlass org/eclipse/core/internal/localstore/Bucket$Entry
instanceKlass org/eclipse/core/internal/localstore/BucketTree
instanceKlass org/eclipse/core/internal/localstore/Bucket$Visitor
instanceKlass org/eclipse/core/internal/localstore/Bucket
instanceKlass org/eclipse/core/internal/properties/PropertyManager2
instanceKlass org/eclipse/core/internal/events/LifecycleEvent
instanceKlass  @bci com/sun/jna/Structure$FFIType storeTypeInfo (Ljava/lang/Class;ILcom/sun/jna/Structure$FFIType;)V 13 <appendix> argL0 ; # com/sun/jna/Structure$FFIType$$Lambda+0x000001ba81227968
instanceKlass  @bci jdk/internal/reflect/MethodHandleBooleanFieldAccessorImpl setBoolean (Ljava/lang/Object;Z)V 41 <adapter> ; # java/lang/invoke/LambdaForm$MH+0x000001ba81222c00
instanceKlass java/lang/Short$ShortCache
instanceKlass com/sun/jna/NativeMappedConverter
instanceKlass com/sun/jna/Klass
instanceKlass com/sun/jna/Native$Buffers
instanceKlass java/util/stream/SliceOps
# instanceKlass com/sun/jna/Native$$InjectedInvoker+0x000001ba81222800
# instanceKlass java/lang/invoke/LambdaForm$MH+0x000001ba81222400
# instanceKlass java/lang/invoke/LambdaForm$MH+0x000001ba81222000
instanceKlass com/sun/jna/VarArgsChecker
instanceKlass com/sun/jna/NativeLibrary$NativeLibraryDisposer
instanceKlass com/sun/jna/NativeLibrary$1
instanceKlass com/sun/jna/SymbolProvider
instanceKlass com/sun/jna/NativeLibrary
instanceKlass org/eclipse/core/internal/filesystem/local/Win32Handler$FileAPIh
instanceKlass com/sun/jna/Memory$MemoryDisposer
instanceKlass com/sun/jna/internal/Cleaner$Cleanable
instanceKlass com/sun/jna/internal/Cleaner
instanceKlass com/sun/jna/WeakMemoryHolder
instanceKlass org/eclipse/core/filesystem/provider/FileInfo
# instanceKlass java/lang/invoke/LambdaForm$MH+0x000001ba81221c00
# instanceKlass java/lang/invoke/LambdaForm$MH+0x000001ba81221800
# instanceKlass java/lang/invoke/LambdaForm$MH+0x000001ba81221400
instanceKlass  @bci org/eclipse/jdt/internal/core/JrtPackageFragmentRoot$JrtModuleKey hashCode ()I 1 <appendix> argL1 argL1 form vmentry <vmtarget> ; # java/lang/invoke/LambdaForm$MH+0x000001ba81221000
instanceKlass  @bci jdk/internal/reflect/MethodHandleBooleanFieldAccessorImpl getBoolean (Ljava/lang/Object;)Z 20 <adapter> ; # java/lang/invoke/LambdaForm$MH+0x000001ba81220c00
# instanceKlass java/lang/invoke/LambdaForm$MH+0x000001ba81220800
# instanceKlass java/lang/invoke/LambdaForm$BMH+0x000001ba81220400
instanceKlass  @cpi java/io/ObjectInputStream 1214 form vmentry <vmtarget> ; # java/lang/invoke/LambdaForm$DMH+0x000001ba81220000
instanceKlass com/sun/jna/Structure$StructField
instanceKlass com/sun/jna/Structure$LayoutInfo
instanceKlass java/lang/Class$AnnotationData
instanceKlass java/lang/annotation/Documented
instanceKlass com/sun/jna/Structure$FieldOrder
instanceKlass  @bci com/sun/jna/Structure fieldOrder ()Ljava/util/List; 84 <appendix> member <vmtarget> ; # com/sun/jna/Structure$$Lambda+0x000001ba8121e600
instanceKlass  @bci com/sun/jna/Structure getFieldList ()Ljava/util/List; 84 <appendix> member <vmtarget> ; # com/sun/jna/Structure$$Lambda+0x000001ba8121e3b8
instanceKlass  @bci com/sun/jna/Structure validateFields ()V 75 <appendix> member <vmtarget> ; # com/sun/jna/Structure$$Lambda+0x000001ba8121e170
instanceKlass com/sun/jna/platform/win32/WinBase
instanceKlass com/sun/jna/platform/win32/BaseTSD
instanceKlass com/sun/jna/platform/win32/WinDef
instanceKlass com/sun/jna/Library
instanceKlass com/sun/jna/win32/W32APITypeMapper$2
instanceKlass com/sun/jna/DefaultTypeMapper$Entry
instanceKlass com/sun/jna/win32/W32APITypeMapper$1
instanceKlass com/sun/jna/TypeConverter
instanceKlass com/sun/jna/DefaultTypeMapper
instanceKlass com/sun/jna/TypeMapper
instanceKlass com/sun/jna/Structure$ByReference
instanceKlass com/sun/jna/Native$3
instanceKlass com/sun/jna/Native$2
instanceKlass com/sun/jna/Structure$FFIType$FFITypes
instanceKlass com/sun/jna/Native$ffi_callback
instanceKlass com/sun/jna/JNIEnv
instanceKlass com/sun/jna/PointerType
instanceKlass com/sun/jna/NativeMapped
instanceKlass com/sun/jna/WString
instanceKlass com/sun/jna/win32/DLLCallback
instanceKlass com/sun/jna/CallbackProxy
instanceKlass com/sun/jna/Callback
instanceKlass com/sun/jna/Structure$ByValue
instanceKlass jdk/internal/loader/NativeLibraries$Unloader
instanceKlass sun/security/provider/AbstractDrbg$NonceProvider
instanceKlass  @bci sun/security/provider/AbstractDrbg$SeederHolder <clinit> ()V 42 <appendix> member <vmtarget> ; # sun/security/provider/AbstractDrbg$SeederHolder$$Lambda+0x000001ba811ca2e0
instanceKlass  @cpi sun/security/provider/AbstractDrbg$SeederHolder 91 form vmentry <vmtarget> ; # java/lang/invoke/LambdaForm$DMH+0x000001ba8121ac00
# instanceKlass java/lang/invoke/LambdaForm$DMH+0x000001ba8121a800
instanceKlass sun/nio/fs/BasicFileAttributesHolder
instanceKlass sun/nio/fs/WindowsDirectoryStream$WindowsDirectoryIterator
instanceKlass sun/nio/fs/WindowsDirectoryStream
instanceKlass java/nio/file/DirectoryStream
instanceKlass java/nio/file/Files$AcceptAllFilter
instanceKlass java/nio/file/DirectoryStream$Filter
instanceKlass java/net/NetworkInterface$1
instanceKlass java/net/DefaultInterface
instanceKlass java/net/Inet6Address$Inet6AddressHolder
instanceKlass java/net/InetAddress$PlatformResolver
instanceKlass java/net/spi/InetAddressResolver
instanceKlass java/net/spi/InetAddressResolver$LookupPolicy
instanceKlass java/net/Inet4AddressImpl
instanceKlass java/net/Inet6AddressImpl
instanceKlass java/net/InetAddressImpl
instanceKlass java/util/concurrent/ConcurrentSkipListMap$Node
instanceKlass java/util/concurrent/ConcurrentSkipListMap$Index
instanceKlass java/util/concurrent/ConcurrentNavigableMap
instanceKlass java/net/InetAddress$InetAddressHolder
instanceKlass java/net/InetAddress$1
instanceKlass jdk/internal/access/JavaNetInetAddressAccess
instanceKlass java/net/InterfaceAddress
instanceKlass java/net/NetworkInterface
instanceKlass sun/security/provider/SeedGenerator$1
instanceKlass sun/security/provider/SeedGenerator
instanceKlass sun/security/provider/AbstractDrbg$SeederHolder
instanceKlass java/security/DrbgParameters$NextBytes
instanceKlass  @bci sun/security/provider/AbstractDrbg <clinit> ()V 12 <appendix> argL0 ; # sun/security/provider/AbstractDrbg$$Lambda+0x000001ba811c7938
instanceKlass  @cpi sun/security/provider/AbstractDrbg 383 form vmentry <vmtarget> ; # java/lang/invoke/LambdaForm$DMH+0x000001ba8121a400
# instanceKlass java/lang/invoke/LambdaForm$DMH+0x000001ba8121a000
instanceKlass sun/security/provider/EntropySource
instanceKlass sun/security/provider/AbstractDrbg
instanceKlass java/security/DrbgParameters$Instantiation
instanceKlass java/security/DrbgParameters
instanceKlass sun/security/provider/MoreDrbgParameters
instanceKlass  @bci sun/security/provider/DRBG <init> (Ljava/security/SecureRandomParameters;)V 26 <appendix> argL0 ; # sun/security/provider/DRBG$$Lambda+0x000001ba811c63d8
instanceKlass java/security/SecureRandomSpi
instanceKlass java/io/File$TempDirectory
instanceKlass com/sun/jna/Native$6
instanceKlass com/sun/jna/Platform
instanceKlass com/sun/jna/Native$1
instanceKlass java/io/FilenameFilter
instanceKlass com/sun/jna/Callback$UncaughtExceptionHandler
instanceKlass com/sun/jna/Native
instanceKlass com/sun/jna/Version
instanceKlass com/sun/jna/ToNativeContext
instanceKlass com/sun/jna/FromNativeContext
instanceKlass com/sun/jna/FromNativeConverter
instanceKlass com/sun/jna/ToNativeConverter
instanceKlass com/sun/jna/Structure
instanceKlass com/sun/jna/Pointer
instanceKlass org/eclipse/core/internal/filesystem/local/NativeHandler
instanceKlass org/eclipse/core/internal/filesystem/local/LocalFileNativesManager
instanceKlass org/eclipse/core/resources/FileInfoMatcherDescription
instanceKlass org/eclipse/core/internal/resources/FilterDescription
instanceKlass javax/xml/parsers/DocumentBuilder
instanceKlass jdk/xml/internal/XMLSecurityManager
instanceKlass javax/xml/parsers/DocumentBuilderFactory
instanceKlass org/eclipse/core/internal/runtime/XmlProcessorFactory
instanceKlass org/eclipse/core/internal/resources/IModelObjectConstants
instanceKlass org/eclipse/core/filesystem/URIUtil
instanceKlass java/util/AbstractMap$2$1
instanceKlass  @bci org/eclipse/core/internal/resources/ProjectVariableProviderManager <clinit> ()V 14 <appendix> argL0 ; # org/eclipse/core/internal/resources/ProjectVariableProviderManager$$Lambda+0x000001ba8120a430
instanceKlass  @cpi org/eclipse/core/internal/resources/ProjectVariableProviderManager 171 form vmentry <vmtarget> ; # java/lang/invoke/LambdaForm$DMH+0x000001ba8120f000
instanceKlass org/eclipse/core/resources/variableresolvers/PathVariableResolver
instanceKlass org/eclipse/core/internal/resources/ProjectVariableProviderManager$Descriptor
instanceKlass org/eclipse/core/internal/resources/ProjectVariableProviderManager
instanceKlass org/eclipse/core/internal/resources/ProjectPathVariableManager
instanceKlass  @bci org/eclipse/core/internal/filesystem/local/LocalFile createExecutor (I)Ljava/util/concurrent/ForkJoinPool; 15 <appendix> argL0 ; # org/eclipse/core/internal/filesystem/local/LocalFile$$Lambda+0x000001ba8120ebd0
instanceKlass  @bci org/eclipse/core/internal/filesystem/local/LocalFile createExecutor (I)Ljava/util/concurrent/ForkJoinPool; 5 <appendix> argL0 ; # org/eclipse/core/internal/filesystem/local/LocalFile$$Lambda+0x000001ba8120e9b0
instanceKlass org/eclipse/jdt/ls/core/internal/filesystem/JLSFsUtils
instanceKlass sun/nio/fs/WindowsUriSupport
instanceKlass org/eclipse/core/filesystem/IFileStore
instanceKlass org/eclipse/jdt/ls/core/internal/filesystem/JDTLSFilesystemActivator$1
instanceKlass org/eclipse/jdt/ls/core/internal/filesystem/JDTLSFilesystemActivator
instanceKlass org/eclipse/core/filesystem/IFileSystem
instanceKlass org/eclipse/core/internal/filesystem/InternalFileSystemCore
instanceKlass org/eclipse/core/filesystem/EFS
instanceKlass org/eclipse/core/internal/localstore/FileStoreRoot
instanceKlass org/eclipse/core/filesystem/IFileInfo
instanceKlass org/eclipse/core/internal/resources/SyncInfoSnapReader
instanceKlass org/eclipse/core/internal/resources/MarkerAttributeMap
instanceKlass org/eclipse/core/internal/resources/MarkerSet
instanceKlass org/eclipse/core/internal/resources/MarkerReader
instanceKlass org/eclipse/core/internal/watson/ElementTree$ChildIDsCache
instanceKlass org/eclipse/core/internal/resources/MarkerSnapshotReader
instanceKlass org/eclipse/core/runtime/ILogListener
instanceKlass  @bci org/eclipse/core/internal/runtime/InternalPlatform getLog (Lorg/osgi/framework/Bundle;)Lorg/eclipse/core/runtime/ILog; 13 <appendix> member <vmtarget> ; # org/eclipse/core/internal/runtime/InternalPlatform$$Lambda+0x000001ba81202000
instanceKlass org/eclipse/core/internal/runtime/Log
instanceKlass org/eclipse/core/resources/IResourceStatus
instanceKlass org/eclipse/core/internal/utils/ObjectMap
instanceKlass org/eclipse/core/internal/dtree/DataTreeLookup
instanceKlass org/eclipse/core/internal/dtree/DataTreeReader
instanceKlass org/eclipse/core/internal/watson/ElementTreeReader$1
instanceKlass org/eclipse/core/internal/dtree/IDataFlattener
instanceKlass org/eclipse/core/internal/watson/ElementTreeReader
instanceKlass org/eclipse/core/resources/IFileState
instanceKlass org/eclipse/core/internal/events/BuilderPersistentInfo
instanceKlass  @bci org/eclipse/core/internal/resources/LocalMetaArea getSafeTableLocationFor (Ljava/lang/String;)Lorg/eclipse/core/runtime/IPath; 44 <appendix> form vmentry <vmtarget> ; # java/lang/invoke/LambdaForm$MH+0x000001ba81201000
# instanceKlass java/lang/invoke/LambdaForm$MH+0x000001ba81200c00
instanceKlass  @bci org/eclipse/core/internal/resources/LocalMetaArea getSafeTableLocationFor (Ljava/lang/String;)Lorg/eclipse/core/runtime/IPath; 44 <appendix> argL3 form vmentry <vmtarget> ; # java/lang/invoke/LambdaForm$MH+0x000001ba81200800
# instanceKlass java/lang/invoke/LambdaForm$MH+0x000001ba81200400
# instanceKlass java/lang/invoke/LambdaForm$MH+0x000001ba81200000
# instanceKlass java/lang/invoke/LambdaForm$MH+0x000001ba811b9c00
# instanceKlass java/lang/invoke/LambdaForm$MH+0x000001ba811b9800
instanceKlass  @bci org/eclipse/core/internal/resources/LocalMetaArea getSafeTableLocationFor (Ljava/lang/String;)Lorg/eclipse/core/runtime/IPath; 44 <appendix> argL1 form vmentry <vmtarget> ; # java/lang/invoke/LambdaForm$MH+0x000001ba811b9400
# instanceKlass java/lang/invoke/LambdaForm$MH+0x000001ba811b9000
# instanceKlass java/lang/invoke/LambdaForm$MH+0x000001ba811b8c00
# instanceKlass java/lang/invoke/LambdaForm$MH+0x000001ba811b8800
instanceKlass org/eclipse/core/internal/resources/SafeFileTable
instanceKlass org/eclipse/core/internal/resources/SavedState
instanceKlass org/eclipse/core/internal/resources/SyncInfoReader
instanceKlass org/eclipse/core/internal/resources/WorkspaceTreeReader
instanceKlass org/eclipse/core/resources/ISavedState
instanceKlass org/eclipse/core/resources/ISaveContext
instanceKlass org/eclipse/core/internal/resources/SaveManager
instanceKlass org/eclipse/core/internal/watson/IElementInfoFlattener
instanceKlass org/eclipse/core/internal/resources/SyncInfoWriter
instanceKlass org/eclipse/core/internal/resources/Synchronizer
instanceKlass org/eclipse/core/internal/resources/MarkerWriter
instanceKlass org/eclipse/core/internal/resources/MarkerDeltaManager
instanceKlass org/eclipse/core/internal/resources/MarkerTypeDefinitionCache$MarkerTypeDefinition
instanceKlass org/eclipse/core/internal/resources/MarkerTypeDefinitionCache
instanceKlass org/eclipse/core/internal/resources/MarkerInfo
instanceKlass org/eclipse/core/internal/resources/IMarkerSetElement
instanceKlass org/eclipse/core/internal/resources/MarkerManager
instanceKlass  @bci org/eclipse/core/internal/events/NotificationManager$NotifyJob <init> (Lorg/eclipse/core/internal/events/NotificationManager;)V 13 <appendix> argL0 ; # org/eclipse/core/internal/events/NotificationManager$NotifyJob$$Lambda+0x000001ba811bd268
instanceKlass org/eclipse/core/internal/events/ResourceChangeListenerList
instanceKlass org/eclipse/core/internal/events/NotificationManager
instanceKlass java/util/stream/SortedOps
instanceKlass  @bci org/eclipse/core/internal/runtime/InternalPlatform getBundles0 (Ljava/lang/String;Ljava/lang/String;)Ljava/util/stream/Stream; 90 <appendix> argL0 ; # org/eclipse/core/internal/runtime/InternalPlatform$$Lambda+0x000001ba811af9f0
instanceKlass  @bci org/eclipse/core/internal/runtime/InternalPlatform getBundles0 (Ljava/lang/String;Ljava/lang/String;)Ljava/util/stream/Stream; 80 <appendix> argL0 ; # org/eclipse/core/internal/runtime/InternalPlatform$$Lambda+0x000001ba811af7b0
instanceKlass org/eclipse/core/internal/events/BuildManager$DeltaCache
instanceKlass org/eclipse/core/resources/ICommand
instanceKlass org/eclipse/core/resources/IResourceDelta
instanceKlass org/eclipse/core/internal/events/InternalBuilder
instanceKlass org/eclipse/core/resources/IBuildContext
instanceKlass org/eclipse/core/internal/events/BuildManager
instanceKlass org/eclipse/core/internal/resources/FilterTypeManager$1
instanceKlass org/eclipse/core/internal/resources/FilterDescriptor
instanceKlass org/eclipse/core/resources/IFilterMatcherDescriptor
instanceKlass org/eclipse/core/internal/resources/FilterTypeManager
instanceKlass org/eclipse/core/resources/IProjectNatureDescriptor
instanceKlass org/eclipse/core/internal/resources/NatureManager
instanceKlass org/eclipse/core/internal/events/ILifecycleListener
instanceKlass org/eclipse/core/internal/resources/PathVariableManager
instanceKlass  @bci org/eclipse/core/internal/resources/WorkspaceRoot getProject (Ljava/lang/String;)Lorg/eclipse/core/resources/IProject; 95 <appendix> member <vmtarget> ; # org/eclipse/core/internal/resources/WorkspaceRoot$$Lambda+0x000001ba811b56f8
instanceKlass java/text/AttributedCharacterIterator$Attribute
instanceKlass java/text/FieldPosition$Delegate
instanceKlass java/text/Format$FieldDelegate
instanceKlass java/text/DigitList
instanceKlass  @bci sun/util/locale/provider/JRELocaleProviderAdapter getNumberFormatProvider ()Ljava/text/spi/NumberFormatProvider; 8 <appendix> member <vmtarget> ; # sun/util/locale/provider/JRELocaleProviderAdapter$$Lambda+0x800000066
instanceKlass java/text/FieldPosition
instanceKlass java/text/Format
instanceKlass org/eclipse/core/internal/preferences/PreferencesService$1
instanceKlass  @bci org/eclipse/core/internal/preferences/PreferencesService getLookupOrder (Ljava/lang/String;Ljava/lang/String;)[Ljava/lang/String; 29 <appendix> argL0 ; # org/eclipse/core/internal/preferences/PreferencesService$$Lambda+0x000001ba811a5430
instanceKlass  @bci org/eclipse/core/internal/localstore/FileSystemResourceManager <init> (Lorg/eclipse/core/internal/resources/Workspace;)V 6 <appendix> member <vmtarget> ; # org/eclipse/core/internal/localstore/FileSystemResourceManager$$Lambda+0x000001ba8119fdb8
instanceKlass org/eclipse/core/internal/localstore/RefreshLocalVisitor
instanceKlass org/eclipse/core/internal/localstore/ILocalStoreConstants
instanceKlass org/eclipse/core/internal/localstore/IHistoryStore
instanceKlass org/eclipse/core/internal/localstore/IUnifiedTreeVisitor
instanceKlass org/eclipse/core/internal/localstore/FileSystemResourceManager
instanceKlass org/eclipse/core/runtime/jobs/MultiRule
instanceKlass org/eclipse/core/internal/jobs/OrderedLock
instanceKlass java/lang/invoke/DirectMethodHandle$1
instanceKlass org/eclipse/core/internal/runtime/LocalizationUtils
instanceKlass org/eclipse/core/runtime/Status
instanceKlass org/eclipse/core/internal/resources/WorkManager$NotifyRule
instanceKlass org/eclipse/core/internal/resources/WorkManager
instanceKlass org/eclipse/core/runtime/NullProgressMonitor
instanceKlass org/eclipse/core/runtime/preferences/IExportedPreferences
instanceKlass  @bci org/eclipse/core/internal/resources/WorkspacePreferences <init> ()V 189 <appendix> member <vmtarget> ; # org/eclipse/core/internal/resources/WorkspacePreferences$$Lambda+0x000001ba8119e530
instanceKlass org/eclipse/core/runtime/Preferences$IPropertyChangeListener
instanceKlass org/eclipse/core/runtime/preferences/IEclipsePreferences$INodeChangeListener
instanceKlass org/eclipse/core/runtime/preferences/IEclipsePreferences$IPreferenceChangeListener
instanceKlass  @bci org/eclipse/core/runtime/Plugin getPluginPreferences ()Lorg/eclipse/core/runtime/Preferences; 65 <appendix> member <vmtarget> ; # org/eclipse/core/runtime/Plugin$$Lambda+0x000001ba811abce0
instanceKlass org/eclipse/core/runtime/Preferences
# instanceKlass java/lang/invoke/LambdaForm$MH+0x000001ba811ae800
instanceKlass lombok/eclipse/agent/PatchFixesShadowLoaded
instanceKlass lombok/core/LombokNode
instanceKlass lombok/core/DiagnosticsReceiver
instanceKlass lombok/launch/PatchFixesHider$Util
instanceKlass lombok/launch/PatchFixesHider$LombokDeps
instanceKlass lombok/launch/ClassFileMetaData
instanceKlass  @bci jdk/internal/reflect/MethodHandleObjectFieldAccessorImpl set (Ljava/lang/Object;Ljava/lang/Object;)V 41 <adapter> ; # java/lang/invoke/LambdaForm$MH+0x000001ba811ad400
instanceKlass lombok/launch/PackageShader
# instanceKlass java/lang/invoke/LambdaForm$MH+0x000001ba811ad000
# instanceKlass java/lang/invoke/LambdaForm$MH+0x000001ba811acc00
# instanceKlass java/lang/invoke/LambdaForm$MH+0x000001ba811ac800
# instanceKlass java/lang/invoke/LambdaForm$MH+0x000001ba811ac400
# instanceKlass java/lang/invoke/LambdaForm$DMH+0x000001ba811ac000
# instanceKlass java/lang/invoke/LambdaForm$MH+0x000001ba811a9400
# instanceKlass java/lang/invoke/LambdaForm$MH+0x000001ba811a9000
# instanceKlass java/lang/invoke/LambdaForm$MH+0x000001ba811a8c00
# instanceKlass java/lang/invoke/LambdaForm$DMH+0x000001ba811a8800
# instanceKlass java/lang/invoke/LambdaForm$MH+0x000001ba811a8000
# instanceKlass java/lang/invoke/LambdaForm$MH+0x000001ba811a7c00
# instanceKlass java/lang/invoke/LambdaForm$MH+0x000001ba811a7800
# instanceKlass java/lang/invoke/LambdaForm$MH+0x000001ba811a7400
instanceKlass jdk/internal/vm/annotation/ForceInline
instanceKlass java/lang/constant/ClassDesc
instanceKlass java/io/ObjectOutput
instanceKlass java/io/ObjectStreamConstants
instanceKlass java/io/ObjectInput
instanceKlass java/lang/foreign/ValueLayout
instanceKlass java/lang/foreign/MemoryLayout
# instanceKlass java/lang/invoke/LambdaForm$MH+0x000001ba811a7000
# instanceKlass java/lang/invoke/LambdaForm$MH+0x000001ba811a6c00
# instanceKlass java/lang/invoke/LambdaForm$MH+0x000001ba811a6800
# instanceKlass java/lang/invoke/LambdaForm$MH+0x000001ba811a6400
# instanceKlass java/lang/invoke/LambdaForm$MH+0x000001ba811a6000
instanceKlass org/eclipse/core/internal/runtime/Product
instanceKlass org/eclipse/core/runtime/IProduct
instanceKlass lombok/patcher/scripts/WrapReturnValuesScript$1
instanceKlass org/eclipse/equinox/internal/app/ProductExtensionBranding
instanceKlass org/eclipse/core/internal/runtime/FindSupport
instanceKlass org/eclipse/core/runtime/FileLocator
instanceKlass  @bci org/eclipse/osgi/internal/framework/legacy/PackageAdminImpl getBundles (Ljava/lang/String;Ljava/lang/String;)[Lorg/osgi/framework/Bundle; 281 <appendix> argL0 ; # org/eclipse/osgi/internal/framework/legacy/PackageAdminImpl$$Lambda+0x000001ba81166e18
instanceKlass org/eclipse/core/runtime/SafeRunner
instanceKlass  @bci org/eclipse/core/internal/preferences/PreferenceServiceRegistryHelper runInitializer (Lorg/eclipse/core/runtime/IConfigurationElement;)V 18 <appendix> member <vmtarget> ; # org/eclipse/core/internal/preferences/PreferenceServiceRegistryHelper$$Lambda+0x000001ba811a4458
instanceKlass org/eclipse/core/runtime/IExecutableExtensionFactory
instanceKlass org/eclipse/core/runtime/IExecutableExtension
instanceKlass org/eclipse/core/runtime/preferences/AbstractPreferenceInitializer
instanceKlass org/eclipse/core/internal/dtree/AbstractDataTree
instanceKlass org/eclipse/core/internal/dtree/AbstractDataTreeNode
instanceKlass org/eclipse/core/internal/watson/ElementTree
instanceKlass org/eclipse/core/internal/runtime/DataArea
instanceKlass org/eclipse/core/internal/runtime/MetaDataKeeper
instanceKlass org/eclipse/core/internal/resources/LocalMetaArea
instanceKlass org/eclipse/core/internal/resources/LocationValidator
instanceKlass org/eclipse/core/runtime/Platform$OS
instanceKlass org/eclipse/core/internal/utils/FileUtil
instanceKlass org/eclipse/core/internal/watson/IElementContentVisitor
instanceKlass org/eclipse/core/resources/IResourceFilterDescription
instanceKlass org/eclipse/core/resources/team/IResourceTree
instanceKlass org/eclipse/core/resources/IMarker
instanceKlass org/eclipse/core/resources/IResourceProxy
instanceKlass org/eclipse/core/runtime/Platform
instanceKlass org/eclipse/core/resources/team/FileModificationValidationContext
instanceKlass org/eclipse/core/internal/resources/InternalTeamHook
instanceKlass org/eclipse/core/internal/watson/IElementComparator
instanceKlass org/eclipse/core/internal/dtree/IComparator
instanceKlass org/eclipse/core/resources/IBuildConfiguration
instanceKlass org/eclipse/core/resources/ISynchronizer
instanceKlass org/eclipse/core/resources/IResourceRuleFactory
instanceKlass org/eclipse/core/resources/team/IMoveDeleteHook
instanceKlass org/eclipse/core/resources/IProject
instanceKlass org/eclipse/core/internal/resources/ModelObject
instanceKlass org/eclipse/core/resources/IPathVariableManager
instanceKlass org/eclipse/core/resources/IProjectDescription
instanceKlass org/eclipse/core/internal/properties/IPropertyManager
instanceKlass org/eclipse/core/internal/resources/IManager
instanceKlass org/eclipse/core/resources/IWorkspaceDescription
instanceKlass org/eclipse/core/resources/IFile
instanceKlass org/eclipse/core/resources/IEncodedStorage
instanceKlass org/eclipse/core/resources/IStorage
instanceKlass org/eclipse/core/resources/IFolder
instanceKlass org/eclipse/core/internal/watson/IPathRequestor
instanceKlass org/eclipse/core/internal/resources/ResourceInfo
instanceKlass org/eclipse/core/internal/utils/IStringPoolParticipant
instanceKlass org/eclipse/core/runtime/ICoreRunnable
instanceKlass org/eclipse/core/internal/watson/IElementTreeData
instanceKlass org/eclipse/core/internal/jobs/WorkerPool
instanceKlass org/eclipse/core/internal/jobs/JobQueue
instanceKlass org/eclipse/core/internal/jobs/DeadlockDetector
instanceKlass org/eclipse/core/internal/jobs/LockManager
instanceKlass org/eclipse/core/runtime/jobs/JobChangeAdapter
instanceKlass  @bci org/eclipse/core/internal/jobs/JobManager <init> ()V 52 <appendix> member <vmtarget> ; # org/eclipse/core/internal/jobs/JobManager$$Lambda+0x000001ba8118fc60
instanceKlass  @bci org/eclipse/core/internal/jobs/JobListeners <init> ()V 50 <appendix> argL0 ; # org/eclipse/core/internal/jobs/JobListeners$$Lambda+0x000001ba8118fa40
instanceKlass  @bci org/eclipse/core/internal/jobs/JobListeners <init> ()V 41 <appendix> argL0 ; # org/eclipse/core/internal/jobs/JobListeners$$Lambda+0x000001ba8118f820
instanceKlass  @bci org/eclipse/core/internal/jobs/JobListeners <init> ()V 32 <appendix> argL0 ; # org/eclipse/core/internal/jobs/JobListeners$$Lambda+0x000001ba8118f600
instanceKlass  @bci org/eclipse/core/internal/jobs/JobListeners <init> ()V 23 <appendix> argL0 ; # org/eclipse/core/internal/jobs/JobListeners$$Lambda+0x000001ba8118f3e0
instanceKlass  @bci org/eclipse/core/internal/jobs/JobListeners <init> ()V 14 <appendix> argL0 ; # org/eclipse/core/internal/jobs/JobListeners$$Lambda+0x000001ba8118f1c0
instanceKlass  @bci org/eclipse/core/internal/jobs/JobListeners <init> ()V 5 <appendix> argL0 ; # org/eclipse/core/internal/jobs/JobListeners$$Lambda+0x000001ba8118efa0
instanceKlass org/eclipse/core/internal/jobs/JobListeners$IListenerDoit
instanceKlass org/eclipse/core/runtime/jobs/IJobChangeEvent
instanceKlass org/eclipse/core/internal/jobs/JobListeners
instanceKlass org/eclipse/core/internal/jobs/ImplicitJobs
instanceKlass org/eclipse/core/internal/jobs/JobManager$1
instanceKlass org/eclipse/core/runtime/ProgressMonitorWrapper
instanceKlass org/eclipse/core/runtime/IProgressMonitorWithBlocking
instanceKlass org/eclipse/core/internal/jobs/InternalJobGroup
instanceKlass org/eclipse/core/runtime/jobs/ILock
instanceKlass org/eclipse/core/runtime/jobs/IJobChangeListener
instanceKlass org/eclipse/core/internal/jobs/JobManager
instanceKlass org/eclipse/core/runtime/jobs/IJobManager
instanceKlass org/eclipse/core/internal/jobs/JobOSGiUtils
instanceKlass org/eclipse/core/internal/jobs/JobActivator
instanceKlass org/eclipse/core/resources/IWorkspaceRoot
instanceKlass org/eclipse/core/resources/IContainer
instanceKlass org/eclipse/core/resources/IResource
instanceKlass org/eclipse/core/runtime/jobs/ISchedulingRule
instanceKlass org/eclipse/core/runtime/PlatformObject
instanceKlass org/eclipse/core/internal/resources/ICoreConstants
instanceKlass  @bci java/time/format/DateTimeFormatter <clinit> ()V 1075 <appendix> argL0 ; # java/time/format/DateTimeFormatter$$Lambda+0x80000000d
instanceKlass  @bci java/time/format/DateTimeFormatter <clinit> ()V 1067 <appendix> argL0 ; # java/time/format/DateTimeFormatter$$Lambda+0x80000000c
instanceKlass java/time/Period
instanceKlass java/time/chrono/ChronoPeriod
instanceKlass java/time/format/DateTimeFormatterBuilder$TextPrinterParser
instanceKlass java/time/format/DateTimeTextProvider$1
instanceKlass java/time/format/DateTimeTextProvider
instanceKlass java/time/format/DateTimeTextProvider$LocaleStore
instanceKlass java/time/format/DateTimeFormatterBuilder$InstantPrinterParser
instanceKlass java/time/format/DateTimeFormatterBuilder$StringLiteralPrinterParser
instanceKlass java/time/format/DateTimeFormatterBuilder$ZoneIdPrinterParser
instanceKlass java/time/format/DateTimeFormatterBuilder$OffsetIdPrinterParser
instanceKlass java/time/format/DecimalStyle
instanceKlass java/time/format/DateTimeFormatterBuilder$CompositePrinterParser
instanceKlass java/time/chrono/AbstractChronology
instanceKlass java/time/chrono/Chronology
instanceKlass java/time/format/DateTimeFormatterBuilder$CharLiteralPrinterParser
instanceKlass java/time/format/DateTimeFormatterBuilder$NumberPrinterParser
instanceKlass java/time/format/DateTimeFormatterBuilder$DateTimePrinterParser
instanceKlass java/time/temporal/JulianFields
instanceKlass java/time/temporal/IsoFields
instanceKlass  @bci java/time/format/DateTimeFormatterBuilder <clinit> ()V 0 <appendix> argL0 ; # java/time/format/DateTimeFormatterBuilder$$Lambda+0x80000000e
instanceKlass java/time/temporal/TemporalQuery
instanceKlass java/time/format/DateTimeFormatterBuilder
instanceKlass java/time/format/DateTimeFormatter
instanceKlass org/eclipse/osgi/internal/debug/EclipseDebugTrace
instanceKlass org/eclipse/core/internal/utils/Policy$1
instanceKlass org/eclipse/core/runtime/IProgressMonitor
instanceKlass org/eclipse/core/internal/utils/Policy
instanceKlass org/eclipse/core/resources/ResourcesPlugin$WorkspaceInitCustomizer
instanceKlass org/eclipse/core/resources/IWorkspace
instanceKlass org/eclipse/core/runtime/IAdaptable
instanceKlass org/eclipse/jdt/ls/core/internal/managers/ProjectsManager
instanceKlass org/eclipse/jdt/ls/core/internal/managers/IProjectsManager
instanceKlass org/eclipse/core/resources/ISaveParticipant
instanceKlass org/eclipse/core/internal/runtime/LogServiceFactory
instanceKlass org/eclipse/equinox/internal/app/AppCommands
instanceKlass  @bci org/eclipse/jdt/ls/core/internal/handlers/BundleUtils startBundle (Ljava/lang/String;)V 60 <adapter> ; # java/lang/invoke/LambdaForm$MH+0x000001ba81188400
instanceKlass  @bci org/eclipse/jdt/ls/core/internal/handlers/BundleUtils startBundle (Ljava/lang/String;)V 60 <appendix> form vmentry <vmtarget> ; # java/lang/invoke/LambdaForm$MH+0x000001ba81188000
# instanceKlass java/lang/invoke/LambdaForm$MH+0x000001ba81187c00
instanceKlass  @bci org/eclipse/jdt/ls/core/internal/handlers/BundleUtils startBundle (Ljava/lang/String;)V 60 <appendix> form names 6 function resolvedHandle form vmentry <vmtarget> ; # java/lang/invoke/LambdaForm$DMH+0x000001ba81187800
instanceKlass  @bci org/eclipse/jdt/ls/core/internal/handlers/BundleUtils startBundle (Ljava/lang/String;)V 60 <appendix> argL3 form vmentry <vmtarget> ; # java/lang/invoke/LambdaForm$MH+0x000001ba81187400
# instanceKlass java/lang/invoke/LambdaForm$MH+0x000001ba81187000
# instanceKlass java/lang/invoke/LambdaForm$MH+0x000001ba81186c00
# instanceKlass java/lang/invoke/LambdaForm$MH+0x000001ba81186800
# instanceKlass java/lang/invoke/LambdaForm$MH+0x000001ba81186400
instanceKlass java/io/FileOutputStream$1
instanceKlass  @bci org/eclipse/jdt/ls/core/internal/handlers/BundleUtils startBundle (Ljava/lang/String;)V 60 <appendix> form names 10 function resolvedHandle form vmentry <vmtarget> ; # java/lang/invoke/LambdaForm$DMH+0x000001ba81186000
instanceKlass  @bci org/eclipse/jdt/ls/core/internal/handlers/BundleUtils startBundle (Ljava/lang/String;)V 60 <appendix> argL1 form vmentry <vmtarget> ; # java/lang/invoke/LambdaForm$MH+0x000001ba81185c00
# instanceKlass java/lang/invoke/LambdaForm$MH+0x000001ba81185800
instanceKlass java/lang/Throwable$PrintStreamOrWriter
# instanceKlass java/lang/invoke/LambdaForm$MH+0x000001ba81185400
instanceKlass java/io/PrintWriter$1
instanceKlass jdk/internal/access/JavaIOPrintWriterAccess
# instanceKlass java/lang/invoke/LambdaForm$MH+0x000001ba81185000
instanceKlass org/eclipse/equinox/internal/app/EclipseAppContainer$RegisterService
instanceKlass org/eclipse/core/runtime/spi/RegistryContributor
instanceKlass org/eclipse/equinox/app/IApplicationContext
instanceKlass org/osgi/service/application/ApplicationHandle
instanceKlass org/osgi/service/application/ApplicationDescriptor
instanceKlass org/eclipse/osgi/service/runnable/ApplicationLauncher
instanceKlass org/eclipse/equinox/internal/app/IBranding
instanceKlass org/eclipse/osgi/service/runnable/ApplicationRunnable
instanceKlass org/eclipse/osgi/service/runnable/ParameterizedRunnable
instanceKlass org/eclipse/equinox/internal/app/EclipseAppContainer
instanceKlass org/osgi/service/application/ScheduledApplication
instanceKlass org/eclipse/equinox/internal/app/AppPersistence
instanceKlass org/eclipse/equinox/internal/app/Activator
instanceKlass org/eclipse/equinox/internal/app/CommandLineArgs
instanceKlass org/eclipse/core/internal/preferences/legacy/InitLegacyPreferences
instanceKlass java/util/stream/Nodes$ArrayNode
instanceKlass  @bci sun/util/locale/provider/LocaleProviderAdapter toLocaleArray (Ljava/util/Set;)[Ljava/util/Locale; 16 <appendix> argL0 ; # sun/util/locale/provider/LocaleProviderAdapter$$Lambda+0x800000068
instanceKlass  @bci sun/util/locale/provider/LocaleProviderAdapter toLocaleArray (Ljava/util/Set;)[Ljava/util/Locale; 6 <appendix> argL0 ; # sun/util/locale/provider/LocaleProviderAdapter$$Lambda+0x800000067
instanceKlass org/eclipse/core/internal/preferences/legacy/ProductPreferencesService
instanceKlass  @bci sun/util/cldr/CLDRLocaleProviderAdapter getCalendarDataProvider ()Ljava/util/spi/CalendarDataProvider; 8 <appendix> member <vmtarget> ; # sun/util/cldr/CLDRLocaleProviderAdapter$$Lambda+0x800000061
instanceKlass sun/util/locale/provider/CalendarDataUtility$CalendarWeekParameterGetter
instanceKlass sun/util/locale/provider/LocaleServiceProviderPool$LocalizedObjectGetter
instanceKlass org/eclipse/core/internal/preferences/exchange/IProductPreferencesService
instanceKlass sun/util/locale/provider/LocaleServiceProviderPool
instanceKlass org/eclipse/core/internal/runtime/KeyStoreUtil
instanceKlass java/util/Calendar$Builder
instanceKlass org/eclipse/core/internal/runtime/AuthorizationHandler
instanceKlass org/eclipse/core/runtime/IBundleGroupProvider
instanceKlass  @bci org/eclipse/core/internal/runtime/InternalPlatform <clinit> ()V 98 <appendix> argL0 ; # org/eclipse/core/internal/runtime/InternalPlatform$$Lambda+0x000001ba81180678
instanceKlass  @bci sun/util/locale/provider/JRELocaleProviderAdapter getCalendarProvider ()Lsun/util/spi/CalendarProvider; 8 <appendix> member <vmtarget> ; # sun/util/locale/provider/JRELocaleProviderAdapter$$Lambda+0x800000062
instanceKlass org/eclipse/core/runtime/ILog
instanceKlass org/eclipse/core/internal/runtime/InternalPlatform
instanceKlass org/eclipse/core/runtime/Plugin
instanceKlass org/eclipse/osgi/framework/log/FrameworkLogEntry
instanceKlass org/eclipse/osgi/internal/log/ExtendedLogEntryImpl
instanceKlass org/eclipse/equinox/log/ExtendedLogEntry
instanceKlass java/lang/StackTraceElement$HashedModules
instanceKlass org/eclipse/osgi/internal/framework/FilterImpl$Range
instanceKlass  @bci jdk/internal/reflect/MethodHandleObjectFieldAccessorImpl set (Ljava/lang/Object;Ljava/lang/Object;)V 29 <adapter> ; # java/lang/invoke/LambdaForm$MH+0x000001ba8117b800
# instanceKlass java/lang/invoke/LambdaForm$MH+0x000001ba8117b400
# instanceKlass java/lang/invoke/LambdaForm$MH+0x000001ba8117b000
instanceKlass  @bci org/eclipse/osgi/util/NLS <clinit> ()V 7 <appendix> argL0 ; # org/eclipse/osgi/util/NLS$$Lambda+0x000001ba81164c60
instanceKlass org/eclipse/osgi/util/NLS
instanceKlass org/eclipse/equinox/internal/frameworkadmin/equinox/Log
instanceKlass org/eclipse/equinox/internal/provisional/configuratormanipulator/ConfiguratorManipulator
instanceKlass java/lang/Process
instanceKlass org/eclipse/equinox/internal/provisional/frameworkadmin/Manipulator
instanceKlass org/eclipse/equinox/internal/frameworkadmin/equinox/EquinoxFwAdminImpl
instanceKlass org/eclipse/equinox/internal/provisional/frameworkadmin/FrameworkAdmin
instanceKlass org/osgi/util/promise/DeferredPromiseImpl$ResolveWith
instanceKlass  @bci org/osgi/util/promise/PromiseFactory$All run ()V 81 <appendix> member <vmtarget> ; # org/osgi/util/promise/PromiseFactory$All$$Lambda+0x000001ba81178690
instanceKlass  @cpi org/osgi/util/promise/PromiseFactory$All 144 form vmentry <vmtarget> ; # java/lang/invoke/LambdaForm$DMH+0x000001ba81179000
instanceKlass org/osgi/util/promise/PromiseImpl$Result
instanceKlass org/osgi/util/promise/PromiseFactory$All
instanceKlass org/osgi/util/promise/PromiseImpl$InlineCallback
instanceKlass org/eclipse/core/runtime/QualifiedName
instanceKlass org/eclipse/core/internal/content/ContentTypeHandler
instanceKlass org/apache/felix/scr/impl/inject/methods/ActivateMethod$1
instanceKlass org/apache/felix/scr/impl/inject/MethodResult
instanceKlass org/eclipse/core/internal/content/ContentTypeManager$ContentTypeRegistryChangeListener
instanceKlass org/apache/felix/scr/impl/manager/DependencyManager$OpenStatusImpl
instanceKlass org/apache/felix/scr/impl/manager/SingleComponentManager$1
instanceKlass org/apache/felix/scr/impl/inject/ReferenceMethod$1
instanceKlass org/apache/felix/scr/impl/inject/methods/BaseMethod$Resolved
instanceKlass org/apache/felix/scr/impl/inject/methods/BaseMethod$MethodInfo
instanceKlass org/apache/felix/scr/impl/inject/methods/BaseMethod$1
instanceKlass  @bci java/util/stream/Collectors joining (Ljava/lang/CharSequence;Ljava/lang/CharSequence;Ljava/lang/CharSequence;)Ljava/util/stream/Collector; 22 <appendix> argL0 ; # java/util/stream/Collectors$$Lambda+0x800000042
instanceKlass  @bci java/util/stream/Collectors joining (Ljava/lang/CharSequence;Ljava/lang/CharSequence;Ljava/lang/CharSequence;)Ljava/util/stream/Collector; 17 <appendix> argL0 ; # java/util/stream/Collectors$$Lambda+0x800000040
instanceKlass  @bci java/util/stream/Collectors joining (Ljava/lang/CharSequence;Ljava/lang/CharSequence;Ljava/lang/CharSequence;)Ljava/util/stream/Collector; 12 <appendix> argL0 ; # java/util/stream/Collectors$$Lambda+0x80000003d
instanceKlass  @bci java/util/stream/Collectors joining (Ljava/lang/CharSequence;Ljava/lang/CharSequence;Ljava/lang/CharSequence;)Ljava/util/stream/Collector; 7 <appendix> member <vmtarget> ; # java/util/stream/Collectors$$Lambda+0x800000045
instanceKlass  @bci java/lang/Class methodToString (Ljava/lang/String;[Ljava/lang/Class;)Ljava/lang/String; 42 <appendix> argL0 ; # java/lang/Class$$Lambda+0x000001ba810f9980
instanceKlass org/eclipse/core/runtime/content/IContentTypeManager$IContentTypeChangeListener
instanceKlass org/eclipse/core/internal/preferences/BundleStateScopeServiceFactory
instanceKlass org/eclipse/core/internal/preferences/Activator$1
instanceKlass  @bci org/eclipse/lsp4j/jsonrpc/services/GenericEndpoint lambda$recursiveFindRpcMethods$2 (Ljava/lang/Object;Ljava/util/Set;Ljava/util/Set;Ljava/lang/reflect/Method;)V 36 <appendix> form vmentry <vmtarget> ; # java/lang/invoke/LambdaForm$MH+0x000001ba81172c00
# instanceKlass java/lang/invoke/LambdaForm$MH+0x000001ba81172800
instanceKlass  @bci org/eclipse/lsp4j/jsonrpc/services/GenericEndpoint lambda$recursiveFindRpcMethods$2 (Ljava/lang/Object;Ljava/util/Set;Ljava/util/Set;Ljava/lang/reflect/Method;)V 36 <appendix> argL3 form vmentry <vmtarget> ; # java/lang/invoke/LambdaForm$MH+0x000001ba81172400
# instanceKlass java/lang/invoke/LambdaForm$MH+0x000001ba81172000
# instanceKlass java/lang/invoke/LambdaForm$MH+0x000001ba81171c00
# instanceKlass java/lang/invoke/LambdaForm$MH+0x000001ba81171800
instanceKlass org/eclipse/core/internal/registry/ExtensionRegistry$ListenerInfo
instanceKlass org/eclipse/core/runtime/IContributor
instanceKlass org/eclipse/core/internal/preferences/PreferenceServiceRegistryHelper
instanceKlass  @bci org/eclipse/core/internal/preferences/OSGiPreferencesServiceManager getQualifier (Lorg/osgi/framework/Bundle;)Ljava/lang/String; 6 <appendix> form vmentry <vmtarget> ; # java/lang/invoke/LambdaForm$MH+0x000001ba81171400
instanceKlass  @bci org/eclipse/core/internal/preferences/OSGiPreferencesServiceManager getQualifier (Lorg/osgi/framework/Bundle;)Ljava/lang/String; 6 <appendix> argL3 form vmentry <vmtarget> ; # java/lang/invoke/LambdaForm$MH+0x000001ba81171000
# instanceKlass java/lang/invoke/LambdaForm$MH+0x000001ba81170c00
# instanceKlass java/lang/invoke/LambdaForm$MH+0x000001ba81170800
instanceKlass  @bci org/eclipse/jdt/ls/core/internal/handlers/BundleUtils startBundle (Ljava/lang/String;)V 60 <appendix> argL1 argL1 form vmentry <vmtarget> ; # java/lang/invoke/LambdaForm$MH+0x000001ba81170400
# instanceKlass java/lang/invoke/LambdaForm$MH+0x000001ba81170000
instanceKlass org/eclipse/core/runtime/ListenerList$ListenerListIterator
instanceKlass org/eclipse/core/internal/preferences/OSGiPreferencesServiceManager
instanceKlass org/osgi/service/prefs/PreferencesService
instanceKlass org/eclipse/core/runtime/preferences/AbstractScope
instanceKlass org/eclipse/core/runtime/Assert
instanceKlass org/eclipse/core/runtime/Path
instanceKlass org/eclipse/core/runtime/Path$Constants
instanceKlass org/eclipse/core/runtime/IPath
instanceKlass org/eclipse/core/internal/preferences/ImmutableMap
instanceKlass org/eclipse/core/internal/preferences/EclipsePreferences
instanceKlass org/eclipse/core/runtime/preferences/IScope
instanceKlass org/eclipse/core/runtime/preferences/IEclipsePreferences
instanceKlass org/eclipse/core/internal/preferences/PreferencesService
instanceKlass org/eclipse/core/runtime/preferences/IPreferencesService
instanceKlass org/eclipse/core/internal/preferences/exchange/ILegacyPreferences
instanceKlass org/eclipse/core/internal/preferences/PreferencesOSGiUtils
instanceKlass org/eclipse/core/internal/preferences/Activator
instanceKlass org/eclipse/core/runtime/preferences/IScopeContext
instanceKlass org/eclipse/core/runtime/content/IContentTypeManager$ISelectionPolicy
instanceKlass org/eclipse/core/internal/content/BasicDescription
instanceKlass org/eclipse/core/internal/content/ContentTypeBuilder
instanceKlass org/eclipse/core/internal/content/ContentTypeCatalog
instanceKlass org/apache/felix/scr/impl/inject/ValueUtils
instanceKlass org/eclipse/core/internal/content/ILazySource
instanceKlass org/eclipse/core/internal/adapter/AdapterManagerListener
instanceKlass org/eclipse/core/internal/runtime/IAdapterManagerProvider
instanceKlass org/eclipse/core/runtime/IRegistryEventListener
instanceKlass org/eclipse/core/internal/registry/osgi/RegistryCommandProvider
instanceKlass org/eclipse/osgi/framework/console/CommandProvider
instanceKlass org/eclipse/core/internal/registry/RegistryProviderFactory
instanceKlass org/eclipse/core/internal/registry/osgi/RegistryProviderOSGI
instanceKlass org/eclipse/core/internal/registry/osgi/EclipseBundleListener
instanceKlass org/eclipse/core/internal/registry/OffsetTable
instanceKlass java/util/stream/ReduceOps$8ReducingSink
instanceKlass java/util/stream/Sink$OfLong
instanceKlass java/util/function/LongConsumer
instanceKlass  @bci java/util/stream/LongPipeline sum ()J 2 <appendix> argL0 ; # java/util/stream/LongPipeline$$Lambda+0x000001ba810f87b0
instanceKlass java/util/function/LongBinaryOperator
instanceKlass java/util/stream/LongStream
instanceKlass  @bci org/eclipse/core/internal/registry/osgi/EquinoxRegistryStrategy getContainerTimestamp ()J 59 <appendix> argL0 ; # org/eclipse/core/internal/registry/osgi/EquinoxRegistryStrategy$$Lambda+0x000001ba811610f0
instanceKlass  @cpi org/eclipse/core/internal/registry/osgi/EquinoxRegistryStrategy 203 form vmentry <vmtarget> ; # java/lang/invoke/LambdaForm$DMH+0x000001ba81162000
instanceKlass java/util/function/ToLongFunction
instanceKlass  @bci org/eclipse/core/internal/registry/osgi/EquinoxRegistryStrategy getContainerTimestamp ()J 49 <appendix> argL0 ; # org/eclipse/core/internal/registry/osgi/EquinoxRegistryStrategy$$Lambda+0x000001ba81160ea0
instanceKlass  @bci org/eclipse/core/internal/registry/osgi/EquinoxRegistryStrategy getContainerTimestamp ()J 39 <appendix> argL0 ; # org/eclipse/core/internal/registry/osgi/EquinoxRegistryStrategy$$Lambda+0x000001ba81160c60
instanceKlass org/eclipse/core/internal/registry/HashtableOfStringAndInt
instanceKlass org/eclipse/core/internal/registry/KeyedHashSet
instanceKlass org/eclipse/core/runtime/IConfigurationElement
instanceKlass org/eclipse/core/internal/registry/Handle
instanceKlass org/eclipse/core/internal/registry/RegistryObjectManager
instanceKlass org/eclipse/core/internal/registry/IObjectManager
instanceKlass  @bci org/eclipse/core/internal/registry/RegistryProperties getContextProperty (Ljava/lang/String;)Ljava/lang/String; 18 <appendix> member <vmtarget> ; # org/eclipse/core/internal/registry/RegistryProperties$$Lambda+0x000001ba8115dd90
instanceKlass org/eclipse/core/internal/registry/RegistryTimestamp
instanceKlass org/eclipse/core/internal/registry/TableReader
instanceKlass org/eclipse/core/runtime/ListenerList
instanceKlass org/eclipse/core/internal/registry/ReadWriteMonitor
instanceKlass org/eclipse/core/internal/registry/RegistryObjectFactory
instanceKlass org/eclipse/core/runtime/IExtensionDelta
instanceKlass org/eclipse/core/runtime/IExtensionPoint
instanceKlass org/eclipse/core/runtime/ISafeRunnable
instanceKlass org/eclipse/core/runtime/IExtension
instanceKlass org/eclipse/core/internal/registry/RegistryObject
instanceKlass org/eclipse/core/internal/registry/KeyedElement
instanceKlass org/eclipse/core/internal/registry/ExtensionRegistry
instanceKlass org/eclipse/core/runtime/spi/IDynamicExtensionRegistry
instanceKlass org/eclipse/core/runtime/IExtensionRegistry
instanceKlass org/eclipse/core/runtime/RegistryFactory
instanceKlass org/eclipse/core/internal/registry/ReferenceMap$IEntry
instanceKlass org/eclipse/core/internal/registry/ReferenceMap
instanceKlass org/eclipse/core/internal/registry/osgi/OSGIUtils
instanceKlass org/eclipse/core/internal/registry/osgi/EquinoxUtils
instanceKlass org/eclipse/core/internal/registry/RegistryProperties
instanceKlass org/eclipse/core/runtime/spi/IRegistryProvider
instanceKlass org/eclipse/core/runtime/spi/RegistryStrategy
instanceKlass org/eclipse/core/internal/registry/osgi/Activator
instanceKlass org/eclipse/core/runtime/IRegistryChangeListener
instanceKlass org/eclipse/core/runtime/content/IContentType
instanceKlass org/eclipse/core/runtime/content/IContentTypeSettings
instanceKlass org/eclipse/core/internal/content/IContentTypeInfo
instanceKlass org/eclipse/core/runtime/content/IContentDescription
instanceKlass org/osgi/service/prefs/Preferences
instanceKlass org/apache/felix/scr/impl/inject/internal/ComponentConstructorImpl
instanceKlass org/apache/felix/scr/impl/inject/ReferenceMethods$1
instanceKlass org/apache/felix/scr/impl/inject/ReferenceMethod
instanceKlass org/apache/felix/scr/impl/inject/methods/BindMethods
instanceKlass org/apache/felix/scr/impl/inject/ReferenceMethods
instanceKlass org/apache/felix/scr/impl/inject/methods/BaseMethod$NotApplicable
instanceKlass org/apache/felix/scr/impl/inject/methods/BaseMethod$NotResolved
instanceKlass org/apache/felix/scr/impl/inject/methods/BaseMethod$State
instanceKlass org/apache/felix/scr/impl/inject/BaseParameter
instanceKlass org/apache/felix/scr/impl/inject/methods/BaseMethod
instanceKlass org/eclipse/core/internal/content/ContentTypeMatcher
instanceKlass org/eclipse/core/runtime/content/IContentTypeManager
instanceKlass org/eclipse/core/runtime/content/IContentTypeMatcher
instanceKlass org/apache/felix/scr/impl/helper/ComponentServiceObjectsHelper
instanceKlass org/apache/felix/scr/impl/manager/EdgeInfo
instanceKlass org/apache/felix/scr/impl/manager/ComponentContextImpl$ComponentInstanceImpl
instanceKlass org/osgi/service/component/ComponentInstance
instanceKlass org/apache/felix/scr/impl/manager/ComponentContextImpl
instanceKlass org/apache/felix/scr/impl/manager/RegistrationManager$RegStateWrapper
instanceKlass org/apache/felix/scr/impl/BundleComponentActivator$ListenerInfo
instanceKlass org/apache/felix/scr/impl/manager/ServiceTracker$AbstractTracked
instanceKlass org/apache/felix/scr/impl/manager/ExtendedServiceListener
instanceKlass org/apache/felix/scr/impl/manager/ServiceTracker
instanceKlass org/apache/felix/scr/impl/helper/Coercions
instanceKlass org/apache/felix/scr/impl/manager/DependencyManager$AbstractCustomizer
instanceKlass org/apache/felix/scr/impl/manager/DependencyManager$Customizer
instanceKlass org/apache/felix/scr/impl/manager/ServiceTrackerCustomizer
instanceKlass org/apache/felix/scr/impl/inject/RefPair
instanceKlass org/apache/felix/scr/impl/inject/OpenStatus
instanceKlass org/apache/felix/scr/impl/manager/DependencyManager
instanceKlass org/apache/felix/scr/impl/manager/ReferenceManager
instanceKlass org/osgi/util/promise/Deferred
instanceKlass org/apache/felix/scr/impl/manager/SingleComponentManager$SetImplementationObject
instanceKlass org/apache/felix/scr/impl/inject/ScrComponentContext
instanceKlass org/apache/felix/scr/component/ExtComponentContext
instanceKlass org/apache/felix/scr/impl/manager/RegistrationManager
instanceKlass org/apache/felix/scr/impl/helper/ConfigAdminTracker$1
instanceKlass org/apache/felix/scr/impl/helper/ConfigAdminTracker
instanceKlass org/apache/felix/scr/impl/inject/ComponentConstructor
instanceKlass org/apache/felix/scr/impl/inject/LifecycleMethod
instanceKlass org/apache/felix/scr/impl/inject/internal/ComponentMethodsImpl
instanceKlass org/apache/felix/scr/impl/metadata/TargetedPID
instanceKlass java/util/concurrent/CompletionStage
instanceKlass org/osgi/util/promise/PromiseImpl
instanceKlass org/osgi/util/promise/Promise
instanceKlass org/osgi/util/promise/PromiseFactory
instanceKlass org/osgi/util/promise/Promises
instanceKlass org/apache/felix/scr/impl/inject/ComponentMethods
instanceKlass org/osgi/service/component/ComponentFactory
instanceKlass org/apache/felix/scr/impl/manager/AbstractComponentManager
instanceKlass org/apache/felix/scr/impl/manager/ComponentManager
instanceKlass org/apache/felix/scr/impl/manager/ConfigurableComponentHolder
instanceKlass org/apache/felix/scr/impl/manager/ComponentContainer
instanceKlass org/apache/felix/scr/impl/ComponentRegistryKey
instanceKlass org/apache/felix/scr/impl/metadata/PropertyMetadata
instanceKlass org/apache/felix/scr/impl/metadata/ReferenceMetadata
instanceKlass org/apache/felix/scr/impl/metadata/ServiceMetadata
instanceKlass org/apache/felix/scr/impl/metadata/ComponentMetadata
instanceKlass org/apache/felix/scr/impl/xml/XmlConstants
instanceKlass com/sun/org/apache/xerces/internal/impl/Constants$ArrayEnumeration
instanceKlass com/sun/org/apache/xerces/internal/impl/Constants
instanceKlass com/sun/org/apache/xerces/internal/parsers/AbstractSAXParser$LocatorProxy
instanceKlass org/xml/sax/ext/Locator2
instanceKlass org/xml/sax/Locator
instanceKlass com/sun/org/apache/xerces/internal/util/XMLSymbols
instanceKlass com/sun/org/apache/xerces/internal/util/XMLChar
instanceKlass com/sun/xml/internal/stream/Entity
instanceKlass com/sun/xml/internal/stream/util/BufferAllocator
instanceKlass com/sun/xml/internal/stream/util/ThreadLocalBufferAllocator
instanceKlass com/sun/org/apache/xerces/internal/impl/XMLEntityManager$EncodingInfo
instanceKlass com/sun/org/apache/xerces/internal/utils/XMLLimitAnalyzer
instanceKlass com/sun/org/apache/xerces/internal/xni/parser/XMLInputSource
instanceKlass com/sun/org/apache/xerces/internal/util/ErrorHandlerWrapper
instanceKlass com/sun/org/apache/xerces/internal/xni/parser/XMLErrorHandler
instanceKlass com/sun/org/apache/xerces/internal/impl/ExternalSubsetResolver
instanceKlass com/sun/org/apache/xerces/internal/util/EntityResolverWrapper
instanceKlass org/xml/sax/ext/EntityResolver2
instanceKlass org/xml/sax/InputSource
instanceKlass com/sun/org/apache/xerces/internal/parsers/AbstractSAXParser$AttributesProxy
instanceKlass org/xml/sax/ext/Attributes2
instanceKlass org/xml/sax/Attributes
instanceKlass org/xml/sax/AttributeList
instanceKlass com/sun/org/apache/xerces/internal/util/FeatureState
instanceKlass com/sun/org/apache/xerces/internal/util/PropertyState
instanceKlass com/sun/org/apache/xerces/internal/impl/msg/XMLMessageFormatter
instanceKlass com/sun/org/apache/xerces/internal/util/MessageFormatter
instanceKlass com/sun/org/apache/xerces/internal/impl/XMLVersionDetector
instanceKlass com/sun/org/apache/xerces/internal/impl/validation/ValidationManager
instanceKlass com/sun/org/apache/xerces/internal/impl/dv/dtd/NMTOKENDatatypeValidator
instanceKlass com/sun/org/apache/xerces/internal/impl/dv/dtd/NOTATIONDatatypeValidator
instanceKlass com/sun/org/apache/xerces/internal/impl/dv/dtd/ENTITYDatatypeValidator
instanceKlass com/sun/org/apache/xerces/internal/impl/dv/dtd/ListDatatypeValidator
instanceKlass com/sun/org/apache/xerces/internal/impl/dv/dtd/IDREFDatatypeValidator
instanceKlass com/sun/org/apache/xerces/internal/impl/dv/dtd/IDDatatypeValidator
instanceKlass com/sun/org/apache/xerces/internal/impl/dv/dtd/StringDatatypeValidator
instanceKlass com/sun/org/apache/xerces/internal/impl/dv/DatatypeValidator
instanceKlass com/sun/org/apache/xerces/internal/impl/dv/DTDDVFactory
instanceKlass com/sun/org/apache/xerces/internal/impl/dtd/DTDGrammarBucket
instanceKlass com/sun/org/apache/xerces/internal/impl/dtd/XMLAttributeDecl
instanceKlass com/sun/org/apache/xerces/internal/impl/dtd/XMLSimpleType
instanceKlass com/sun/org/apache/xerces/internal/impl/dtd/XMLElementDecl
instanceKlass com/sun/org/apache/xerces/internal/impl/validation/ValidationState
instanceKlass com/sun/org/apache/xerces/internal/impl/dv/ValidationContext
instanceKlass com/sun/org/apache/xerces/internal/impl/dtd/XMLDTDValidator
instanceKlass com/sun/org/apache/xerces/internal/impl/RevalidationHandler
instanceKlass com/sun/org/apache/xerces/internal/impl/dtd/XMLDTDValidatorFilter
instanceKlass com/sun/org/apache/xerces/internal/xni/parser/XMLDocumentFilter
instanceKlass com/sun/org/apache/xerces/internal/impl/dtd/XMLEntityDecl
instanceKlass com/sun/org/apache/xerces/internal/impl/dtd/XMLDTDProcessor
instanceKlass com/sun/org/apache/xerces/internal/xni/parser/XMLDTDContentModelFilter
instanceKlass com/sun/org/apache/xerces/internal/xni/parser/XMLDTDFilter
instanceKlass com/sun/org/apache/xerces/internal/xni/parser/XMLDTDScanner
instanceKlass com/sun/org/apache/xerces/internal/xni/parser/XMLDTDContentModelSource
instanceKlass com/sun/org/apache/xerces/internal/xni/parser/XMLDTDSource
instanceKlass com/sun/org/apache/xerces/internal/xni/grammars/XMLDTDDescription
instanceKlass com/sun/org/apache/xerces/internal/xni/grammars/XMLGrammarDescription
instanceKlass com/sun/org/apache/xerces/internal/impl/XMLDocumentScannerImpl$TrailingMiscDriver
instanceKlass com/sun/org/apache/xerces/internal/impl/XMLDocumentScannerImpl$PrologDriver
instanceKlass com/sun/org/apache/xerces/internal/impl/XMLDocumentScannerImpl$XMLDeclDriver
instanceKlass com/sun/org/apache/xerces/internal/util/NamespaceSupport
instanceKlass com/sun/org/apache/xerces/internal/xni/NamespaceContext
instanceKlass com/sun/org/apache/xerces/internal/util/XMLAttributesImpl$Attribute
instanceKlass com/sun/org/apache/xerces/internal/util/XMLAttributesImpl
instanceKlass com/sun/org/apache/xerces/internal/xni/XMLAttributes
instanceKlass com/sun/org/apache/xerces/internal/impl/XMLDocumentFragmentScannerImpl$FragmentContentDriver
instanceKlass com/sun/org/apache/xerces/internal/impl/XMLDocumentFragmentScannerImpl$Driver
instanceKlass com/sun/org/apache/xerces/internal/impl/XMLDocumentFragmentScannerImpl$ElementStack2
instanceKlass com/sun/org/apache/xerces/internal/xni/QName
instanceKlass com/sun/org/apache/xerces/internal/impl/XMLDocumentFragmentScannerImpl$ElementStack
instanceKlass com/sun/org/apache/xerces/internal/xni/XMLString
instanceKlass com/sun/org/apache/xerces/internal/impl/XMLScanner
instanceKlass com/sun/xml/internal/stream/XMLBufferListener
instanceKlass com/sun/org/apache/xerces/internal/impl/XMLEntityHandler
instanceKlass com/sun/org/apache/xerces/internal/xni/parser/XMLDocumentScanner
instanceKlass com/sun/org/apache/xerces/internal/xni/parser/XMLDocumentSource
instanceKlass com/sun/org/apache/xerces/internal/impl/XMLErrorReporter
instanceKlass com/sun/org/apache/xerces/internal/impl/XMLEntityScanner
instanceKlass com/sun/org/apache/xerces/internal/xni/XMLLocator
instanceKlass com/sun/xml/internal/stream/XMLEntityStorage
instanceKlass com/sun/org/apache/xerces/internal/util/AugmentationsImpl$AugmentationsItemsContainer
instanceKlass com/sun/org/apache/xerces/internal/util/AugmentationsImpl
instanceKlass com/sun/org/apache/xerces/internal/xni/Augmentations
instanceKlass com/sun/org/apache/xerces/internal/util/XMLResourceIdentifierImpl
instanceKlass com/sun/org/apache/xerces/internal/xni/XMLResourceIdentifier
instanceKlass com/sun/org/apache/xerces/internal/impl/XMLEntityManager
instanceKlass com/sun/org/apache/xerces/internal/xni/parser/XMLEntityResolver
instanceKlass com/sun/org/apache/xerces/internal/xni/parser/XMLComponent
instanceKlass com/sun/org/apache/xerces/internal/util/SymbolTable$Entry
instanceKlass com/sun/org/apache/xerces/internal/util/SymbolTable
instanceKlass jdk/xml/internal/JdkConstants
instanceKlass jdk/xml/internal/JdkXmlUtils
instanceKlass com/sun/org/apache/xerces/internal/util/ParserConfigurationSettings
instanceKlass com/sun/org/apache/xerces/internal/parsers/XML11Configurable
instanceKlass com/sun/org/apache/xerces/internal/xni/parser/XMLPullParserConfiguration
instanceKlass com/sun/org/apache/xerces/internal/xni/parser/XMLParserConfiguration
instanceKlass com/sun/org/apache/xerces/internal/xni/parser/XMLComponentManager
instanceKlass com/sun/org/apache/xerces/internal/parsers/XMLParser
instanceKlass com/sun/org/apache/xerces/internal/xni/XMLDTDContentModelHandler
instanceKlass com/sun/org/apache/xerces/internal/xni/XMLDTDHandler
instanceKlass com/sun/org/apache/xerces/internal/xni/XMLDocumentHandler
instanceKlass org/xml/sax/XMLReader
instanceKlass org/xml/sax/Parser
instanceKlass com/sun/org/apache/xerces/internal/utils/XMLSecurityPropertyManager
instanceKlass com/sun/org/apache/xerces/internal/utils/XMLSecurityManager
instanceKlass javax/xml/parsers/SAXParser
instanceKlass com/sun/org/apache/xerces/internal/xs/PSVIProvider
instanceKlass com/sun/org/apache/xerces/internal/jaxp/JAXPConstants
instanceKlass  @bci javax/xml/parsers/FactoryFinder newInstance (Ljava/lang/Class;Ljava/lang/String;Ljava/lang/ClassLoader;ZZ)Ljava/lang/Object; 104 <appendix> member <vmtarget> ; # javax/xml/parsers/FactoryFinder$$Lambda+0x000001ba810de0d0
instanceKlass  @bci jdk/xml/internal/SecuritySupport getContextClassLoader ()Ljava/lang/ClassLoader; 0 <appendix> argL0 ; # jdk/xml/internal/SecuritySupport$$Lambda+0x000001ba810ddc48
instanceKlass  @bci javax/xml/parsers/FactoryFinder find (Ljava/lang/Class;Ljava/lang/String;)Ljava/lang/Object; 104 <appendix> member <vmtarget> ; # javax/xml/parsers/FactoryFinder$$Lambda+0x000001ba810dda20
instanceKlass javax/xml/parsers/FactoryFinder$1
instanceKlass  @bci jdk/xml/internal/SecuritySupport getFileInputStream (Ljava/io/File;)Ljava/io/FileInputStream; 1 <appendix> member <vmtarget> ; # jdk/xml/internal/SecuritySupport$$Lambda+0x000001ba810dd5c8
instanceKlass  @bci jdk/xml/internal/SecuritySupport doesFileExist (Ljava/io/File;)Z 1 <appendix> member <vmtarget> ; # jdk/xml/internal/SecuritySupport$$Lambda+0x000001ba810dd3a0
instanceKlass  @bci javax/xml/parsers/FactoryFinder find (Ljava/lang/Class;Ljava/lang/String;)Ljava/lang/Object; 6 <appendix> member <vmtarget> ; # javax/xml/parsers/FactoryFinder$$Lambda+0x000001ba810dd178
instanceKlass  @bci jdk/xml/internal/SecuritySupport getSystemProperty (Ljava/lang/String;)Ljava/lang/String; 1 <appendix> member <vmtarget> ; # jdk/xml/internal/SecuritySupport$$Lambda+0x000001ba810dcf50
instanceKlass jdk/xml/internal/SecuritySupport
instanceKlass javax/xml/parsers/FactoryFinder
instanceKlass javax/xml/parsers/SAXParserFactory
instanceKlass org/xml/sax/helpers/DefaultHandler
instanceKlass org/xml/sax/ErrorHandler
instanceKlass org/xml/sax/ContentHandler
instanceKlass org/xml/sax/DTDHandler
instanceKlass org/xml/sax/EntityResolver
instanceKlass org/apache/felix/scr/impl/BundleComponentActivator
instanceKlass org/apache/felix/scr/impl/manager/ComponentActivator
instanceKlass org/apache/felix/scr/impl/manager/ExtendedServiceListenerContext
instanceKlass org/eclipse/core/internal/runtime/IAdapterFactoryExt
instanceKlass org/eclipse/core/internal/runtime/AdapterFactoryBridge$LazyAdapterFactory
instanceKlass org/eclipse/core/internal/runtime/AdapterFactoryBridge
instanceKlass org/eclipse/core/runtime/IAdapterFactory
instanceKlass org/eclipse/core/internal/runtime/TracingOptions$1
instanceKlass org/eclipse/core/internal/runtime/TracingOptions
instanceKlass java/util/AbstractMap$1$1
instanceKlass org/osgi/service/url/URLStreamHandlerService
instanceKlass  @bci org/eclipse/core/runtime/ServiceCaller current ()Ljava/util/Optional; 4 <appendix> argL0 ; # org/eclipse/core/runtime/ServiceCaller$$Lambda+0x000001ba81143000
instanceKlass  @bci org/eclipse/lsp4j/jsonrpc/services/GenericEndpoint lambda$recursiveFindRpcMethods$2 (Ljava/lang/Object;Ljava/util/Set;Ljava/util/Set;Ljava/lang/reflect/Method;)V 36 <appendix> argL2 form vmentry <vmtarget> ; # java/lang/invoke/LambdaForm$MH+0x000001ba81142000
instanceKlass  @bci org/eclipse/core/runtime/ServiceCaller trackCurrent ()Ljava/util/Optional; 19 <appendix> member <vmtarget> ; # org/eclipse/core/runtime/ServiceCaller$$Lambda+0x000001ba81141d68
instanceKlass  @bci org/eclipse/core/runtime/ServiceCaller getCurrent ()Ljava/util/Optional; 12 <appendix> member <vmtarget> ; # org/eclipse/core/runtime/ServiceCaller$$Lambda+0x000001ba81141b20
instanceKlass org/eclipse/core/runtime/ServiceCaller$ReferenceAndService
instanceKlass org/eclipse/core/internal/runtime/AdapterManager
instanceKlass org/eclipse/core/runtime/IAdapterManager
instanceKlass org/eclipse/core/internal/runtime/PlatformURLConverter
instanceKlass org/eclipse/core/internal/runtime/RuntimeLog
instanceKlass org/eclipse/core/runtime/IStatus
instanceKlass org/eclipse/core/internal/runtime/PlatformLogWriter
instanceKlass org/eclipse/osgi/internal/log/ExtendedLogReaderServiceImpl
instanceKlass  @bci org/eclipse/core/runtime/ServiceCaller <init> (Ljava/lang/Class;Ljava/lang/Class;Ljava/lang/String;)V 39 <appendix> argL0 ; # org/eclipse/core/runtime/ServiceCaller$$Lambda+0x000001ba81140000
instanceKlass  @bci org/osgi/framework/FrameworkUtil getBundle (Ljava/lang/Class;)Lorg/osgi/framework/Bundle; 26 <appendix> member <vmtarget> ; # org/osgi/framework/FrameworkUtil$$Lambda+0x000001ba8113d000
instanceKlass  @bci org/osgi/framework/FrameworkUtil getBundle (Ljava/lang/Class;)Lorg/osgi/framework/Bundle; 17 <appendix> argL0 ; # org/osgi/framework/FrameworkUtil$$Lambda+0x000001ba8112fbb8
instanceKlass  @bci org/osgi/framework/FrameworkUtil getBundle (Ljava/lang/Class;)Lorg/osgi/framework/Bundle; 1 <appendix> member <vmtarget> ; # org/osgi/framework/FrameworkUtil$$Lambda+0x000001ba8112f990
instanceKlass  @bci org/eclipse/core/runtime/ServiceCaller <init> (Ljava/lang/Class;Ljava/lang/Class;Ljava/lang/String;)V 31 <appendix> argL0 ; # org/eclipse/core/runtime/ServiceCaller$$Lambda+0x000001ba8113cca8
instanceKlass org/eclipse/core/runtime/ServiceCaller
instanceKlass org/eclipse/core/internal/runtime/Activator
instanceKlass org/apache/felix/scr/impl/config/ScrMetaTypeProviderServiceFactory
instanceKlass org/apache/felix/scr/impl/config/ScrManagedServiceServiceFactory
instanceKlass org/apache/felix/scr/impl/ComponentCommands$2
instanceKlass org/apache/felix/scr/impl/ComponentCommands$1
instanceKlass org/apache/felix/scr/impl/ComponentCommands
instanceKlass org/apache/felix/scr/impl/Activator$ScrExtension
instanceKlass org/apache/felix/scr/impl/runtime/ServiceComponentRuntimeImpl
instanceKlass org/apache/felix/scr/impl/ComponentRegistry$UpdateChangeCountProperty
instanceKlass org/apache/felix/scr/impl/manager/RegionConfigurationSupport
instanceKlass org/apache/felix/scr/impl/manager/ComponentHolder
instanceKlass org/apache/felix/scr/impl/ComponentRegistry
instanceKlass org/apache/felix/scr/impl/ComponentActorExecutor$1
instanceKlass org/apache/felix/scr/impl/logger/ScrLogManager$1
instanceKlass org/apache/felix/scr/impl/logger/LogManager$LogDomain
instanceKlass org/apache/felix/scr/impl/logger/LogManager$Lock
instanceKlass org/apache/felix/scr/impl/logger/LogManager$LoggerFacade
instanceKlass org/apache/felix/scr/impl/logger/BundleLogger
instanceKlass org/apache/felix/scr/impl/logger/ComponentLogger
instanceKlass org/apache/felix/scr/impl/logger/ScrLogger
instanceKlass org/apache/felix/scr/impl/logger/InternalLogger
instanceKlass org/apache/felix/scr/impl/logger/ScrLoggerFactory
instanceKlass org/osgi/service/component/ComponentContext
instanceKlass org/osgi/service/component/ComponentServiceObjects
instanceKlass org/apache/felix/scr/impl/inject/internal/ClassUtils
instanceKlass org/apache/felix/scr/impl/config/ScrConfigurationImpl
instanceKlass org/osgi/service/component/runtime/ServiceComponentRuntime
instanceKlass org/apache/felix/scr/impl/manager/ScrConfiguration
instanceKlass org/apache/felix/scr/impl/logger/LogConfiguration
instanceKlass org/apache/felix/scr/impl/AbstractExtender
instanceKlass org/eclipse/osgi/internal/loader/buddy/PolicyHandler
instanceKlass org/apache/aries/spifly/WeavingData
instanceKlass org/apache/aries/spifly/ConsumerRestriction
instanceKlass org/apache/aries/spifly/MethodRestriction
instanceKlass org/apache/aries/spifly/ArgRestrictions
instanceKlass org/apache/aries/spifly/BundleDescriptor
instanceKlass  @bci org/apache/aries/spifly/BaseActivator addConsumerWeavingData (Lorg/osgi/framework/Bundle;Ljava/lang/String;)V 177 <appendix> member <vmtarget> ; # org/apache/aries/spifly/BaseActivator$$Lambda+0x000001ba81132e38
instanceKlass  @bci org/apache/aries/spifly/BaseActivator addConsumerWeavingData (Lorg/osgi/framework/Bundle;Ljava/lang/String;)V 161 <appendix> member <vmtarget> ; # org/apache/aries/spifly/BaseActivator$$Lambda+0x000001ba81132be0
instanceKlass  @bci org/apache/aries/spifly/BaseActivator addConsumerWeavingData (Lorg/osgi/framework/Bundle;Ljava/lang/String;)V 149 <appendix> argL0 ; # org/apache/aries/spifly/BaseActivator$$Lambda+0x000001ba811329c0
instanceKlass  @bci org/apache/aries/spifly/BaseActivator addConsumerWeavingData (Lorg/osgi/framework/Bundle;Ljava/lang/String;)V 141 <appendix> argL0 ; # org/apache/aries/spifly/BaseActivator$$Lambda+0x000001ba81132780
instanceKlass org/apache/aries/spifly/ConsumerBundleTrackerCustomizer
instanceKlass java/util/Formattable
instanceKlass java/time/LocalTime$1
instanceKlass sun/util/locale/provider/LocaleResources
instanceKlass  @bci sun/util/locale/provider/JRELocaleProviderAdapter getDecimalFormatSymbolsProvider ()Ljava/text/spi/DecimalFormatSymbolsProvider; 8 <appendix> member <vmtarget> ; # sun/util/locale/provider/JRELocaleProviderAdapter$$Lambda+0x800000065
instanceKlass java/text/DecimalFormatSymbols
instanceKlass sun/util/resources/Bundles$CacheKeyReference
instanceKlass  @bci sun/util/cldr/CLDRLocaleProviderAdapter applyAliases (Ljava/util/Locale;)Ljava/util/Locale; 4 <appendix> argL0 ; # sun/util/cldr/CLDRLocaleProviderAdapter$$Lambda+0x80000005e
instanceKlass sun/util/resources/Bundles$CacheKey
instanceKlass sun/util/resources/Bundles
instanceKlass sun/util/resources/LocaleData$LocaleDataStrategy
instanceKlass sun/util/resources/Bundles$Strategy
instanceKlass sun/util/resources/LocaleData$1
instanceKlass sun/util/resources/LocaleData
instanceKlass java/util/Locale$Builder
instanceKlass sun/util/locale/provider/CalendarDataUtility
instanceKlass sun/util/locale/provider/AvailableLanguageTags
instanceKlass  @bci sun/util/locale/provider/JRELocaleProviderAdapter getDateFormatSymbolsProvider ()Ljava/text/spi/DateFormatSymbolsProvider; 8 <appendix> member <vmtarget> ; # sun/util/locale/provider/JRELocaleProviderAdapter$$Lambda+0x800000064
instanceKlass sun/util/resources/cldr/provider/CLDRLocaleDataMetaInfo
instanceKlass jdk/internal/module/ModulePatcher$PatchedModuleReader
instanceKlass  @bci sun/util/cldr/CLDRLocaleProviderAdapter <init> ()V 4 <appendix> argL0 ; # sun/util/cldr/CLDRLocaleProviderAdapter$$Lambda+0x800000060
instanceKlass sun/util/locale/BaseLocale$Key
instanceKlass sun/util/locale/InternalLocaleBuilder$CaseInsensitiveChar
instanceKlass sun/util/locale/InternalLocaleBuilder
instanceKlass sun/util/locale/StringTokenIterator
instanceKlass sun/util/locale/ParseStatus
instanceKlass sun/util/locale/LanguageTag
instanceKlass sun/util/cldr/CLDRBaseLocaleDataMetaInfo
instanceKlass sun/util/locale/provider/LocaleDataMetaInfo
instanceKlass sun/util/locale/provider/ResourceBundleBasedAdapter
instanceKlass sun/util/locale/provider/LocaleProviderAdapter
instanceKlass java/util/spi/LocaleServiceProvider
instanceKlass java/text/DateFormatSymbols
instanceKlass java/time/LocalDate$1
instanceKlass java/time/ZonedDateTime$1
instanceKlass java/util/Calendar
instanceKlass java/util/Formatter$FixedString
instanceKlass java/util/Formatter$DateTime
instanceKlass java/util/Formatter$Flags
instanceKlass java/util/Formatter$FormatSpecifier
instanceKlass java/util/Formatter$FormatString
instanceKlass java/util/Formatter$Conversion
instanceKlass  @bci java/util/regex/Pattern Range (II)Ljava/util/regex/Pattern$CharPredicate; 23 <appendix> member <vmtarget> ; # java/util/regex/Pattern$$Lambda+0x800000029
instanceKlass java/util/Formatter
instanceKlass  @bci java/util/ResourceBundle$ResourceBundleProviderHelper loadPropertyResourceBundle (Ljava/lang/Module;Ljava/lang/Module;Ljava/lang/String;Ljava/util/Locale;)Ljava/util/ResourceBundle; 14 <appendix> member <vmtarget> ; # java/util/ResourceBundle$ResourceBundleProviderHelper$$Lambda+0x000001ba810d9ee8
instanceKlass  @bci java/util/ResourceBundle$ResourceBundleProviderHelper newResourceBundle (Ljava/lang/Class;)Ljava/util/ResourceBundle; 22 <appendix> member <vmtarget> ; # java/util/ResourceBundle$ResourceBundleProviderHelper$$Lambda+0x80000000f
instanceKlass  @bci java/util/ResourceBundle$ResourceBundleProviderHelper loadResourceBundle (Ljava/lang/Module;Ljava/lang/Module;Ljava/lang/String;Ljava/util/Locale;)Ljava/util/ResourceBundle; 13 <appendix> member <vmtarget> ; # java/util/ResourceBundle$ResourceBundleProviderHelper$$Lambda+0x000001ba810d97f8
instanceKlass java/util/ResourceBundle$ResourceBundleProviderHelper
instanceKlass java/util/ResourceBundle$3
instanceKlass  @bci java/util/ResourceBundle getLoader (Ljava/lang/Module;)Ljava/lang/ClassLoader; 6 <appendix> member <vmtarget> ; # java/util/ResourceBundle$$Lambda+0x000001ba810d9398
instanceKlass java/util/ResourceBundle$CacheKeyReference
instanceKlass java/util/ResourceBundle$CacheKey
instanceKlass sun/util/locale/LocaleObjectCache
instanceKlass java/util/ResourceBundle$Control
instanceKlass java/util/logging/Level$RbAccess
instanceKlass  @bci java/util/logging/LogRecord inferCaller ()V 18 <appendix> member <vmtarget> ; # java/util/logging/LogRecord$$Lambda+0x000001ba810d88d8
instanceKlass java/lang/StackStreamFactory$FrameBuffer
instanceKlass java/lang/StackStreamFactory
instanceKlass  @bci java/util/logging/LogRecord$CallerFinder get ()Ljava/util/Optional; 4 <appendix> member <vmtarget> ; # java/util/logging/LogRecord$CallerFinder$$Lambda+0x000001ba810d70d8
instanceKlass  @bci org/eclipse/jdt/internal/compiler/util/SoftClassCache$JdkClasses get (Ljava/nio/file/Path;)[B 5 <bsm> form vmentry <vmtarget> ; # java/lang/invoke/LambdaForm$DMH+0x000001ba81136000
instanceKlass  @bci java/util/logging/LogRecord$CallerFinder <clinit> ()V 0 <appendix> argL0 ; # java/util/logging/LogRecord$CallerFinder$$Lambda+0x000001ba810d6eb8
instanceKlass java/util/logging/LogRecord$CallerFinder
instanceKlass java/time/zone/Ser
instanceKlass java/io/Externalizable
instanceKlass java/time/zone/ZoneRulesProvider$1
instanceKlass java/time/zone/ZoneRulesProvider
instanceKlass sun/util/calendar/ZoneInfoFile$ZoneOffsetTransitionRule
instanceKlass sun/util/calendar/ZoneInfoFile$1
instanceKlass sun/util/calendar/ZoneInfoFile
instanceKlass java/util/TimeZone
instanceKlass java/util/logging/LogManager$CloseOnReset
instanceKlass java/util/logging/StreamHandler$1
instanceKlass java/util/logging/Handler$1
instanceKlass java/util/logging/ErrorManager
instanceKlass jdk/internal/logger/SimpleConsoleLogger$Formatting
instanceKlass  @bci java/util/logging/SimpleFormatter <init> ()V 5 <appendix> argL0 ; # java/util/logging/SimpleFormatter$$Lambda+0x000001ba810d4a78
instanceKlass java/util/logging/Formatter
instanceKlass java/time/Clock
instanceKlass java/time/InstantSource
instanceKlass java/util/logging/LogRecord
instanceKlass org/apache/aries/spifly/ProviderServiceFactory
instanceKlass ch/qos/logback/classic/spi/LogbackServiceProvider
instanceKlass org/slf4j/spi/SLF4JServiceProvider
instanceKlass org/eclipse/osgi/internal/framework/EquinoxBundle$ResolvedModuleClassLoader
instanceKlass org/eclipse/osgi/internal/framework/EquinoxBundle$1
instanceKlass org/apache/aries/spifly/ProviderBundleTrackerCustomizer$ServiceDetails
instanceKlass org/eclipse/osgi/storage/bundlefile/ZipBundleFile$1
instanceKlass  @bci org/eclipse/osgi/storage/bundlefile/ZipBundleFile getPaths ()Ljava/lang/Iterable; 1 <appendix> member <vmtarget> ; # org/eclipse/osgi/storage/bundlefile/ZipBundleFile$$Lambda+0x000001ba8112ea88
instanceKlass  @bci org/apache/aries/spifly/BaseActivator registerProviderBundle (Ljava/lang/String;Lorg/osgi/framework/Bundle;Ljava/util/Map;)V 33 <appendix> member <vmtarget> ; # org/apache/aries/spifly/BaseActivator$$Lambda+0x000001ba81131e90
instanceKlass org/apache/aries/spifly/Pair
instanceKlass  @bci org/apache/aries/spifly/BaseActivator registerProviderBundle (Ljava/lang/String;Lorg/osgi/framework/Bundle;Ljava/util/Map;)V 5 <appendix> argL0 ; # org/apache/aries/spifly/BaseActivator$$Lambda+0x000001ba81131a30
instanceKlass  @bci org/osgi/framework/FrameworkUtil <clinit> ()V 27 <appendix> member <vmtarget> ; # org/osgi/framework/FrameworkUtil$$Lambda+0x000001ba8112e850
instanceKlass org/osgi/framework/connect/FrameworkUtilHelper
instanceKlass  @bci org/osgi/framework/FrameworkUtil <clinit> ()V 8 <appendix> argL0 ; # org/osgi/framework/FrameworkUtil$$Lambda+0x000001ba8112e430
instanceKlass org/osgi/framework/FrameworkUtil
instanceKlass  @bci org/eclipse/core/internal/jobs/JobManager startJob (Lorg/eclipse/core/internal/jobs/Worker;)Lorg/eclipse/core/runtime/jobs/Job; 45 <adapter> ; # java/lang/invoke/LambdaForm$MH+0x000001ba81134c00
# instanceKlass java/lang/invoke/LambdaForm$DMH+0x000001ba81134800
instanceKlass  @bci org/eclipse/core/internal/jobs/JobManager startJob (Lorg/eclipse/core/internal/jobs/Worker;)Lorg/eclipse/core/runtime/jobs/Job; 45 <appendix> form vmentry <vmtarget> ; # java/lang/invoke/LambdaForm$DMH+0x000001ba81134400
instanceKlass  @bci aQute/bnd/header/Attrs mergeWith (LaQute/bnd/header/Attrs;Z)V 4 <appendix> member <vmtarget> ; # aQute/bnd/header/Attrs$$Lambda+0x000001ba811317f8
instanceKlass  @cpi aQute/bnd/header/Attrs 639 form vmentry <vmtarget> ; # java/lang/invoke/LambdaForm$DMH+0x000001ba81134000
instanceKlass  @bci org/apache/aries/spifly/ProviderBundleTrackerCustomizer getFromAutoProviderProperty (Lorg/osgi/framework/Bundle;Ljava/util/Map;)Ljava/util/Map$Entry; 58 <appendix> argL0 ; # org/apache/aries/spifly/ProviderBundleTrackerCustomizer$$Lambda+0x000001ba811315d8
instanceKlass  @bci org/apache/aries/spifly/ProviderBundleTrackerCustomizer getFromAutoProviderProperty (Lorg/osgi/framework/Bundle;Ljava/util/Map;)Ljava/util/Map$Entry; 50 <appendix> member <vmtarget> ; # org/apache/aries/spifly/ProviderBundleTrackerCustomizer$$Lambda+0x000001ba81131390
instanceKlass java/util/AbstractMap$SimpleImmutableEntry
instanceKlass  @bci aQute/bnd/stream/EntryPipeline values ()Ljava/util/stream/Stream; 4 <appendix> argL0 ; # aQute/bnd/stream/EntryPipeline$$Lambda+0x000001ba81131150
instanceKlass  @bci aQute/bnd/stream/EntryPipeline filterKey (Ljava/util/function/Predicate;)LaQute/bnd/stream/MapStream; 14 <appendix> member <vmtarget> ; # aQute/bnd/stream/EntryPipeline$$Lambda+0x000001ba81130ef8
instanceKlass  @bci org/apache/aries/spifly/ProviderBundleTrackerCustomizer getFromAutoProviderProperty (Lorg/osgi/framework/Bundle;Ljava/util/Map;)Ljava/util/Map$Entry; 27 <appendix> member <vmtarget> ; # org/apache/aries/spifly/ProviderBundleTrackerCustomizer$$Lambda+0x000001ba81130ca0
instanceKlass sun/invoke/util/VerifyAccess$1
instanceKlass aQute/bnd/stream/EntryPipeline
instanceKlass  @bci org/apache/aries/spifly/ProviderBundleTrackerCustomizer getFromAutoProviderProperty (Lorg/osgi/framework/Bundle;Ljava/util/Map;)Ljava/util/Map$Entry; 15 <appendix> argL0 ; # org/apache/aries/spifly/ProviderBundleTrackerCustomizer$$Lambda+0x000001ba81130640
instanceKlass  @bci org/apache/aries/spifly/ProviderBundleTrackerCustomizer getFromAutoProviderProperty (Lorg/osgi/framework/Bundle;Ljava/util/Map;)Ljava/util/Map$Entry; 7 <appendix> argL0 ; # org/apache/aries/spifly/ProviderBundleTrackerCustomizer$$Lambda+0x000001ba81130400
instanceKlass aQute/bnd/stream/MapStream
instanceKlass org/apache/aries/spifly/SpiFlyConstants
instanceKlass org/apache/aries/spifly/ConsumerHeaderProcessor
instanceKlass  @bci aQute/bnd/header/OSGiHeader parseHeader (Ljava/lang/String;LaQute/service/reporter/Reporter;LaQute/bnd/header/Parameters;)LaQute/bnd/header/Parameters; 437 <appendix> member <vmtarget> ; # aQute/bnd/header/OSGiHeader$$Lambda+0x000001ba81128800
instanceKlass  @bci aQute/bnd/header/Attrs <clinit> ()V 72 <appendix> argL0 ; # aQute/bnd/header/Attrs$$Lambda+0x000001ba8112bc10
instanceKlass  @bci aQute/bnd/header/Attrs <clinit> ()V 64 <appendix> argL0 ; # aQute/bnd/header/Attrs$$Lambda+0x000001ba8112b9f0
instanceKlass  @bci aQute/bnd/header/Attrs <clinit> ()V 56 <appendix> argL0 ; # aQute/bnd/header/Attrs$$Lambda+0x000001ba8112b7d0
instanceKlass  @bci aQute/bnd/header/Attrs <clinit> ()V 48 <appendix> argL0 ; # aQute/bnd/header/Attrs$$Lambda+0x000001ba8112b5b0
instanceKlass  @bci aQute/bnd/header/Attrs <clinit> ()V 40 <appendix> argL0 ; # aQute/bnd/header/Attrs$$Lambda+0x000001ba8112b390
instanceKlass  @bci aQute/bnd/header/Attrs <clinit> ()V 32 <appendix> argL0 ; # aQute/bnd/header/Attrs$$Lambda+0x000001ba8112b170
instanceKlass  @bci aQute/bnd/header/Attrs <clinit> ()V 24 <appendix> argL0 ; # aQute/bnd/header/Attrs$$Lambda+0x000001ba8112af50
instanceKlass  @bci aQute/bnd/header/Attrs <clinit> ()V 16 <appendix> argL0 ; # aQute/bnd/header/Attrs$$Lambda+0x000001ba8112ad30
instanceKlass aQute/bnd/header/Attrs$DataType
instanceKlass aQute/bnd/header/Attrs
instanceKlass aQute/libg/qtokens/QuotedTokenizer
instanceKlass  @bci java/util/regex/Pattern union (Ljava/util/regex/Pattern$CharPredicate;Ljava/util/regex/Pattern$CharPredicate;Z)Ljava/util/regex/Pattern$CharPredicate; 6 <appendix> member <vmtarget> ; # java/util/regex/Pattern$$Lambda+0x800000031
instanceKlass  @bci java/util/regex/CharPredicates ASCII_WORD ()Ljava/util/regex/Pattern$BmpCharPredicate; 0 <appendix> argL0 ; # java/util/regex/CharPredicates$$Lambda+0x000001ba810d2f48
instanceKlass aQute/bnd/header/OSGiHeader
instanceKlass org/eclipse/osgi/framework/util/CaseInsensitiveDictionaryMap$CaseInsentiveEntry
instanceKlass org/eclipse/osgi/framework/util/CaseInsensitiveDictionaryMap$EntryIterator
instanceKlass org/eclipse/osgi/framework/util/CaseInsensitiveDictionaryMap$KeyIterator
instanceKlass java/util/ResourceBundle$1
instanceKlass jdk/internal/access/JavaUtilResourceBundleAccess
instanceKlass java/util/ResourceBundle
instanceKlass  @bci org/eclipse/osgi/storage/Storage lambda$7 (Ljava/util/List;Ljava/lang/String;)Ljava/util/stream/Stream; 7 <appendix> member <vmtarget> ; # org/eclipse/osgi/storage/Storage$$Lambda+0x000001ba8112c000
instanceKlass org/eclipse/osgi/internal/container/InternalUtils$1
instanceKlass  @bci org/eclipse/osgi/storage/Storage findEntries (Ljava/util/List;Ljava/lang/String;Ljava/lang/String;I)Ljava/util/Enumeration; 101 <appendix> argL0 ; # org/eclipse/osgi/storage/Storage$$Lambda+0x000001ba81127a80
instanceKlass  @bci org/eclipse/osgi/storage/Storage findEntries (Ljava/util/List;Ljava/lang/String;Ljava/lang/String;I)Ljava/util/Enumeration; 91 <appendix> member <vmtarget> ; # org/eclipse/osgi/storage/Storage$$Lambda+0x000001ba81127838
instanceKlass org/eclipse/osgi/storage/ManifestLocalization$BundleResourceBundle
instanceKlass org/eclipse/osgi/storage/ManifestLocalization
instanceKlass org/apache/aries/spifly/ProviderBundleTrackerCustomizer
instanceKlass org/osgi/util/tracker/BundleTracker
instanceKlass  @bci org/apache/aries/spifly/BaseActivator start (Lorg/osgi/framework/BundleContext;Ljava/lang/String;)V 46 <appendix> argL0 ; # org/apache/aries/spifly/BaseActivator$$Lambda+0x000001ba81129668
instanceKlass  @bci org/apache/aries/spifly/BaseActivator start (Lorg/osgi/framework/BundleContext;Ljava/lang/String;)V 20 <appendix> argL0 ; # org/apache/aries/spifly/BaseActivator$$Lambda+0x000001ba81129428
instanceKlass aQute/bnd/header/Parameters
instanceKlass java/util/AbstractList$Itr
instanceKlass  @bci org/eclipse/osgi/internal/weaving/WovenClassImpl notifyWovenClassListeners ()V 1 <appendix> member <vmtarget> ; # org/eclipse/osgi/internal/weaving/WovenClassImpl$$Lambda+0x000001ba81126c90
instanceKlass  @bci org/eclipse/osgi/internal/serviceregistry/ServiceRegistrationImpl$FrameworkHookRegistration getSafeService (Lorg/eclipse/osgi/internal/framework/BundleContextImpl;Lorg/eclipse/osgi/internal/serviceregistry/ServiceConsumer;)Ljava/lang/Object; 17 <appendix> member <vmtarget> ; # org/eclipse/osgi/internal/serviceregistry/ServiceRegistrationImpl$FrameworkHookRegistration$$Lambda+0x000001ba81126a38
instanceKlass org/apache/aries/spifly/Util
instanceKlass org/objectweb/asm/Opcodes
instanceKlass org/objectweb/asm/ClassVisitor
instanceKlass org/apache/aries/spifly/dynamic/ClientWeavingHook
instanceKlass java/util/logging/Logger$SystemLoggerHelper$1
instanceKlass java/util/logging/Logger$SystemLoggerHelper
instanceKlass java/util/logging/LogManager$4
instanceKlass jdk/internal/logger/BootstrapLogger$BootstrapExecutors
instanceKlass jdk/internal/logger/LoggerFinderLoader
instanceKlass  @bci java/lang/System$LoggerFinder accessProvider ()Ljava/lang/System$LoggerFinder; 8 <appendix> argL0 ; # java/lang/System$LoggerFinder$$Lambda+0x000001ba810d15f8
instanceKlass  @bci java/util/logging/Level$KnownLevel findByName (Ljava/lang/String;Ljava/util/function/Function;)Ljava/util/Optional; 29 <appendix> argL0 ; # java/util/logging/Level$KnownLevel$$Lambda+0x800000022
instanceKlass  @bci java/util/logging/Level findLevel (Ljava/lang/String;)Ljava/util/logging/Level; 13 <appendix> argL0 ; # java/util/logging/Level$$Lambda+0x800000010
instanceKlass java/util/logging/LogManager$LoggerContext$1
instanceKlass java/util/logging/LogManager$VisitedLoggers
instanceKlass java/util/logging/LogManager$2
instanceKlass java/util/logging/LogManager$LoggingProviderAccess
instanceKlass java/util/logging/LogManager$LogNode
instanceKlass java/util/logging/LogManager$LoggerContext
instanceKlass java/util/logging/LogManager$1
instanceKlass java/util/logging/LogManager
instanceKlass java/util/logging/Logger$ConfigurationData
instanceKlass java/util/logging/Logger$LoggerBundle
instanceKlass  @bci java/util/logging/Level$KnownLevel add (Ljava/util/logging/Level;)V 49 <appendix> argL0 ; # java/util/logging/Level$KnownLevel$$Lambda+0x800000021
instanceKlass  @bci java/util/logging/Level$KnownLevel add (Ljava/util/logging/Level;)V 19 <appendix> argL0 ; # java/util/logging/Level$KnownLevel$$Lambda+0x800000020
instanceKlass java/util/logging/Level
instanceKlass java/util/logging/Handler
instanceKlass java/util/logging/Logger
instanceKlass org/osgi/util/tracker/BundleTrackerCustomizer
instanceKlass org/eclipse/osgi/internal/loader/ModuleClassLoader$DefineClassResult
instanceKlass org/apache/aries/spifly/BaseActivator
instanceKlass org/eclipse/osgi/internal/weaving/WeavingHookConfigurator$WovenClassContext
instanceKlass org/eclipse/osgi/internal/weaving/WovenClassImpl
instanceKlass org/osgi/framework/hooks/weaving/WovenClass
instanceKlass org/eclipse/osgi/internal/loader/classpath/ClasspathManager$DefineContext
instanceKlass org/eclipse/osgi/internal/loader/BundleLoader$3
instanceKlass org/eclipse/osgi/container/ModuleContainer$ContainerStartLevel$2
instanceKlass java/util/concurrent/CountDownLatch
instanceKlass org/eclipse/osgi/internal/framework/EquinoxContainerAdaptor$1$1
instanceKlass  @bci org/eclipse/osgi/internal/framework/EquinoxEventPublisher notifyEventHooksPrivileged (Lorg/osgi/framework/BundleEvent;Ljava/util/Collection;)V 98 <appendix> member <vmtarget> ; # org/eclipse/osgi/internal/framework/EquinoxEventPublisher$$Lambda+0x000001ba81122970
instanceKlass org/eclipse/osgi/container/ModuleResolutionReport
instanceKlass  @bci java/util/stream/StreamSpliterators$WrappingSpliterator forEachRemaining (Ljava/util/function/Consumer;)V 33 <appendix> member <vmtarget> ; # java/util/stream/StreamSpliterators$WrappingSpliterator$$Lambda+0x000001ba810d06f8
instanceKlass  @cpi org/eclipse/core/internal/jobs/JobListeners 385 form vmentry <vmtarget> ; # java/lang/invoke/LambdaForm$DMH+0x000001ba81124000
instanceKlass  @bci java/util/stream/Collectors toList ()Ljava/util/stream/Collector; 14 <appendix> argL0 ; # java/util/stream/Collectors$$Lambda+0x000001ba810d04b0
instanceKlass  @bci java/util/stream/Collectors toList ()Ljava/util/stream/Collector; 9 <appendix> argL0 ; # java/util/stream/Collectors$$Lambda+0x000001ba810d0280
instanceKlass  @bci java/util/stream/Collectors toList ()Ljava/util/stream/Collector; 4 <appendix> argL0 ; # java/util/stream/Collectors$$Lambda+0x000001ba810d0060
instanceKlass  @bci org/apache/felix/resolver/Candidates$FaultyResourcesReport getUnresolvedRequirements ()Ljava/util/Collection; 38 <appendix> argL0 ; # org/apache/felix/resolver/Candidates$FaultyResourcesReport$$Lambda+0x000001ba81121bc8
instanceKlass  @bci org/apache/felix/resolver/Candidates$FaultyResourcesReport getUnresolvedRequirements ()Ljava/util/Collection; 14 <appendix> argL0 ; # org/apache/felix/resolver/Candidates$FaultyResourcesReport$$Lambda+0x000001ba81121988
instanceKlass java/util/concurrent/ConcurrentLinkedQueue$Node
instanceKlass org/apache/felix/resolver/EnhancedExecutor
instanceKlass org/apache/felix/resolver/PackageSpaces
instanceKlass org/apache/felix/resolver/Backlog
instanceKlass  @bci org/apache/felix/resolver/Candidates prepare ()Lorg/apache/felix/resolver/ResolutionError; 924 <appendix> argL0 ; # org/apache/felix/resolver/Candidates$$Lambda+0x000001ba81119730
instanceKlass org/apache/felix/resolver/util/CandidateSelector
instanceKlass org/apache/felix/resolver/util/OpenHashMap$MapEntry
instanceKlass org/apache/felix/resolver/util/OpenHashMap$MapIterator
instanceKlass org/apache/felix/resolver/util/OpenHashMap$1
instanceKlass org/eclipse/osgi/container/ModuleResolutionReport$EntryImpl
instanceKlass org/eclipse/osgi/report/resolution/ResolutionReport$Entry
instanceKlass  @bci org/eclipse/osgi/internal/framework/FilterImpl$Equal compare_Version (Lorg/osgi/framework/Version;)Z 3 <appendix> argL0 ; # org/eclipse/osgi/internal/framework/FilterImpl$Equal$$Lambda+0x000001ba8111ac58
instanceKlass org/apache/felix/resolver/Candidates$PopulateResult
instanceKlass org/apache/felix/resolver/util/OpenHashMap
instanceKlass org/osgi/service/resolver/HostedCapability
instanceKlass org/apache/felix/resolver/Candidates
instanceKlass org/apache/felix/resolver/Util
instanceKlass org/apache/felix/resolver/ResolveSession
instanceKlass org/eclipse/osgi/container/ModuleResolver$ResolveProcess$DynamicFragments
instanceKlass  @bci org/eclipse/osgi/container/ModuleResolver$ResolveProcess removeSubstituted (Ljava/util/List;)V 2 <appendix> member <vmtarget> ; # org/eclipse/osgi/container/ModuleResolver$ResolveProcess$$Lambda+0x000001ba8111dbf0
instanceKlass  @bci org/eclipse/osgi/container/ModuleResolver removeNonEffectiveCapabilities (Ljava/util/Collection;)V 2 <appendix> member <vmtarget> ; # org/eclipse/osgi/container/ModuleResolver$$Lambda+0x000001ba8111d998
instanceKlass  @bci org/eclipse/osgi/container/ModuleResolver$ResolveProcess filterDisabled (Ljava/util/List;)V 2 <appendix> member <vmtarget> ; # org/eclipse/osgi/container/ModuleResolver$ResolveProcess$$Lambda+0x000001ba8111d740
instanceKlass java/util/Collections$ReverseComparator2
instanceKlass java/util/Collections$ReverseComparator
instanceKlass  @bci org/eclipse/osgi/container/ModuleResolver$ResolveProcess resolveNonPayLoadFragments ()Ljava/util/Map; 84 <appendix> argL0 ; # org/eclipse/osgi/container/ModuleResolver$ResolveProcess$$Lambda+0x000001ba8111d500
instanceKlass org/eclipse/osgi/internal/framework/OSGiFrameworkHooks$CoreResolverHookFactory$CoreResolverHook
instanceKlass org/eclipse/osgi/report/resolution/ResolutionReport$Listener
instanceKlass  @bci org/eclipse/osgi/internal/framework/OSGiFrameworkHooks$CoreResolverHookFactory getHookReferences (Lorg/eclipse/osgi/internal/serviceregistry/ServiceRegistry;Lorg/eclipse/osgi/internal/framework/BundleContextImpl;)[Lorg/eclipse/osgi/internal/serviceregistry/ServiceReferenceImpl; 2 <appendix> member <vmtarget> ; # org/eclipse/osgi/internal/framework/OSGiFrameworkHooks$CoreResolverHookFactory$$Lambda+0x000001ba8111ca18
instanceKlass org/eclipse/osgi/container/ModuleResolutionReport$Builder
instanceKlass org/osgi/service/resolver/ResolveContext
instanceKlass org/eclipse/osgi/container/ModuleDatabase$1
instanceKlass org/eclipse/osgi/container/ModuleContainer$ResolutionLock$Permits
# instanceKlass java/lang/invoke/LambdaForm$MH+0x000001ba81118400
# instanceKlass java/lang/invoke/LambdaForm$MH+0x000001ba81118000
instanceKlass org/eclipse/osgi/framework/eventmgr/EventManager$EventThread$Queued
instanceKlass  @bci org/eclipse/osgi/framework/eventmgr/EventManager getEventThread ()Lorg/eclipse/osgi/framework/eventmgr/EventManager$EventThread; 24 <appendix> member <vmtarget> ; # org/eclipse/osgi/framework/eventmgr/EventManager$$Lambda+0x000001ba811175e0
instanceKlass org/eclipse/osgi/container/ModuleContainer$ContainerWiring$1
instanceKlass org/osgi/dto/DTO
instanceKlass  @bci org/eclipse/osgi/internal/framework/BundleContextImpl notifyFindHooksPriviledged (Lorg/eclipse/osgi/internal/framework/BundleContextImpl;Ljava/util/Collection;)V 73 <appendix> member <vmtarget> ; # org/eclipse/osgi/internal/framework/BundleContextImpl$$Lambda+0x000001ba81115400
instanceKlass org/eclipse/osgi/framework/util/FilePath
instanceKlass sun/nio/ch/FileChannelImpl$Closer
instanceKlass sun/nio/fs/WindowsChannelFactory$Flags
instanceKlass sun/nio/fs/WindowsChannelFactory$1
instanceKlass sun/nio/fs/WindowsChannelFactory
instanceKlass org/eclipse/core/runtime/internal/adaptor/ConsoleManager
instanceKlass org/eclipse/core/runtime/internal/adaptor/DefaultStartupMonitor
instanceKlass org/eclipse/osgi/service/runnable/StartupMonitor
instanceKlass java/lang/Thread$Builder$OfVirtual
instanceKlass java/lang/Thread$Builder$OfPlatform
instanceKlass java/lang/Thread$Builder
instanceKlass org/eclipse/osgi/internal/serviceregistry/ServiceFactoryUse$1
instanceKlass java/util/LinkedList$ListItr
instanceKlass java/util/LinkedList$Node
instanceKlass org/eclipse/osgi/service/resolver/ImportPackageSpecification
instanceKlass org/eclipse/osgi/service/resolver/NativeCodeSpecification
instanceKlass org/eclipse/osgi/service/resolver/NativeCodeDescription
instanceKlass org/eclipse/osgi/service/resolver/ExportPackageDescription
instanceKlass org/eclipse/osgi/internal/resolver/StateImpl
instanceKlass org/eclipse/osgi/service/resolver/GenericSpecification
instanceKlass org/eclipse/osgi/service/resolver/BundleSpecification
instanceKlass org/eclipse/osgi/service/resolver/GenericDescription
instanceKlass org/eclipse/osgi/service/resolver/HostSpecification
instanceKlass org/eclipse/osgi/service/resolver/VersionConstraint
instanceKlass org/eclipse/osgi/service/resolver/BundleDescription
instanceKlass org/eclipse/osgi/service/resolver/BaseDescription
instanceKlass org/eclipse/osgi/internal/resolver/StateObjectFactoryImpl
instanceKlass org/eclipse/osgi/service/resolver/Resolver
instanceKlass org/eclipse/osgi/service/resolver/State
instanceKlass org/eclipse/osgi/service/resolver/StateObjectFactory
instanceKlass org/eclipse/osgi/compatibility/state/PlatformAdminImpl
instanceKlass org/eclipse/osgi/service/resolver/PlatformAdmin
instanceKlass org/eclipse/osgi/compatibility/state/Activator
instanceKlass org/eclipse/osgi/internal/serviceregistry/ServiceConsumer$2
instanceKlass org/eclipse/osgi/internal/serviceregistry/ServiceConsumer$1
instanceKlass org/eclipse/osgi/internal/serviceregistry/ServiceConsumer
instanceKlass org/eclipse/osgi/service/security/TrustEngine
instanceKlass org/eclipse/osgi/internal/signedcontent/SignedContentConstants
instanceKlass org/eclipse/osgi/internal/signedcontent/SignedBundleHook$1
instanceKlass org/eclipse/osgi/internal/framework/XMLParsingServiceFactory
instanceKlass org/eclipse/osgi/storage/BundleLocalizationImpl
instanceKlass org/eclipse/osgi/service/localization/BundleLocalization
instanceKlass org/eclipse/osgi/storage/url/BundleURLConverter
instanceKlass org/eclipse/osgi/service/urlconversion/URLConverter
instanceKlass org/apache/felix/resolver/Logger
instanceKlass org/apache/felix/resolver/ResolutionError
instanceKlass org/apache/felix/resolver/ResolverImpl
instanceKlass org/osgi/service/resolver/Resolver
instanceKlass org/eclipse/osgi/internal/framework/legacy/StartLevelImpl
instanceKlass org/eclipse/osgi/internal/framework/legacy/PackageAdminImpl
instanceKlass org/osgi/service/condition/ConditionImpl
instanceKlass org/osgi/service/condition/Condition
instanceKlass  @bci org/eclipse/equinox/plurl/impl/PlurlImpl add (Ljava/net/ContentHandlerFactory;)V 13 <appendix> argL0 ; # org/eclipse/equinox/plurl/impl/PlurlImpl$$Lambda+0x000001ba8110f900
instanceKlass  @bci org/eclipse/equinox/plurl/impl/PlurlImpl$5 getContent ()Ljava/util/function/Consumer; 155 <appendix> member <vmtarget> ; # org/eclipse/equinox/plurl/impl/PlurlImpl$5$$Lambda+0x000001ba8110f468
instanceKlass  @bci org/eclipse/equinox/plurl/impl/PlurlImpl add (Ljava/net/URLStreamHandlerFactory;)V 13 <appendix> argL0 ; # org/eclipse/equinox/plurl/impl/PlurlImpl$$Lambda+0x000001ba8110f218
instanceKlass org/eclipse/equinox/plurl/impl/PlurlImpl$PlurlFactoryHolder
instanceKlass  @bci org/eclipse/equinox/plurl/impl/PlurlImpl$5 getContent ()Ljava/util/function/Consumer; 141 <appendix> member <vmtarget> ; # org/eclipse/equinox/plurl/impl/PlurlImpl$5$$Lambda+0x000001ba8110eb30
instanceKlass org/eclipse/osgi/internal/url/ContentHandlerFactoryImpl
instanceKlass org/eclipse/osgi/internal/url/URLStreamHandlerFactoryImpl
instanceKlass org/eclipse/equinox/plurl/impl/PlurlImpl$PlurlContentHandlerFactory
instanceKlass org/eclipse/equinox/plurl/impl/PlurlImpl$LegacyFactory
# instanceKlass java/lang/invoke/LambdaForm$MH+0x000001ba81109000
# instanceKlass java/lang/invoke/LambdaForm$MH+0x000001ba81108c00
instanceKlass org/eclipse/equinox/plurl/impl/StackWalkerCallStack
instanceKlass sun/awt/www/content/MultimediaContentHandlers
instanceKlass  @bci org/eclipse/equinox/plurl/impl/PlurlImpl <init> ()V 126 <appendix> member <vmtarget> ; # org/eclipse/equinox/plurl/impl/PlurlImpl$$Lambda+0x000001ba8110d548
instanceKlass org/eclipse/equinox/plurl/impl/URLToHandler
instanceKlass java/net/UrlDeserializedState
instanceKlass java/net/InetAddress
instanceKlass java/net/ContentHandler
instanceKlass org/eclipse/equinox/plurl/PlurlStreamHandler$PlurlSetter
instanceKlass org/eclipse/equinox/plurl/impl/CallStack
instanceKlass org/eclipse/equinox/plurl/impl/PlurlImpl
instanceKlass org/eclipse/osgi/internal/log/ConfigAdminListener
instanceKlass  @bci org/eclipse/osgi/internal/serviceregistry/ServiceRegistry notifyFindHooksPrivileged (Lorg/eclipse/osgi/internal/framework/BundleContextImpl;Ljava/lang/String;Ljava/lang/String;ZLjava/util/Collection;)V 101 <adapter> ; # java/lang/invoke/LambdaForm$MH+0x000001ba81108800
# instanceKlass java/lang/invoke/LambdaForm$DMH+0x000001ba81108400
instanceKlass  @bci org/eclipse/osgi/internal/serviceregistry/ServiceRegistry notifyFindHooksPrivileged (Lorg/eclipse/osgi/internal/framework/BundleContextImpl;Ljava/lang/String;Ljava/lang/String;ZLjava/util/Collection;)V 101 <appendix> form vmentry <vmtarget> ; # java/lang/invoke/LambdaForm$DMH+0x000001ba81108000
instanceKlass  @bci org/eclipse/osgi/internal/serviceregistry/ServiceRegistry notifyFindHooksPrivileged (Lorg/eclipse/osgi/internal/framework/BundleContextImpl;Ljava/lang/String;Ljava/lang/String;ZLjava/util/Collection;)V 101 <appendix> member <vmtarget> ; # org/eclipse/osgi/internal/serviceregistry/ServiceRegistry$$Lambda+0x000001ba81100800
instanceKlass  @cpi org/eclipse/osgi/internal/serviceregistry/ServiceRegistry 1105 form vmentry <vmtarget> ; # java/lang/invoke/LambdaForm$DMH+0x000001ba81100400
instanceKlass org/eclipse/osgi/internal/serviceregistry/ShrinkableCollection
instanceKlass org/eclipse/osgi/internal/framework/FilterImpl$Parser
instanceKlass org/eclipse/osgi/internal/framework/FilterImpl
instanceKlass org/osgi/util/tracker/AbstractTracked
instanceKlass org/osgi/util/tracker/ServiceTracker
instanceKlass org/eclipse/osgi/internal/log/EventAdminAdapter
instanceKlass org/eclipse/osgi/internal/serviceregistry/ServiceRegistry$2
instanceKlass org/eclipse/osgi/framework/eventmgr/CopyOnWriteIdentityMap$Snapshot$SnapshotIterator
instanceKlass org/eclipse/osgi/framework/eventmgr/ListenerQueue
instanceKlass  @bci org/eclipse/osgi/internal/serviceregistry/ServiceRegistry notifyEventListenerHooksPrivileged (Lorg/osgi/framework/ServiceEvent;Ljava/util/Map;)V 77 <appendix> member <vmtarget> ; # org/eclipse/osgi/internal/serviceregistry/ServiceRegistry$$Lambda+0x000001ba81106c28
instanceKlass  @bci org/eclipse/osgi/internal/serviceregistry/ServiceRegistry notifyEventHooksPrivileged (Lorg/osgi/framework/ServiceEvent;Ljava/util/Collection;)V 77 <appendix> member <vmtarget> ; # org/eclipse/osgi/internal/serviceregistry/ServiceRegistry$$Lambda+0x000001ba81106640
instanceKlass org/eclipse/osgi/framework/eventmgr/CopyOnWriteIdentityMap$Snapshot
instanceKlass org/osgi/framework/PrototypeServiceFactory
instanceKlass org/eclipse/osgi/framework/util/CaseInsensitiveDictionaryMap$CaseInsensitiveKey
instanceKlass org/eclipse/osgi/internal/serviceregistry/ServiceReferenceImpl
instanceKlass org/eclipse/osgi/internal/serviceregistry/ServiceUse
instanceKlass  @bci org/eclipse/osgi/internal/serviceregistry/ServiceRegistry notifyListenerHooksPrivileged (Ljava/util/Collection;Z)V 106 <appendix> form vmentry <vmtarget> ; # java/lang/invoke/LambdaForm$DMH+0x000001ba81100000
instanceKlass  @bci org/eclipse/osgi/internal/serviceregistry/ServiceRegistry notifyListenerHooksPrivileged (Ljava/util/Collection;Z)V 106 <appendix> member <vmtarget> ; # org/eclipse/osgi/internal/serviceregistry/ServiceRegistry$$Lambda+0x000001ba810bdcc8
instanceKlass  @cpi org/eclipse/osgi/internal/serviceregistry/ServiceRegistry 1128 form vmentry <vmtarget> ; # java/lang/invoke/LambdaForm$DMH+0x000001ba810bcc00
instanceKlass org/eclipse/osgi/internal/serviceregistry/HookContext
instanceKlass org/osgi/framework/UnfilteredServiceListener
instanceKlass org/eclipse/osgi/internal/serviceregistry/FilteredServiceListener
instanceKlass org/osgi/framework/hooks/service/ListenerHook$ListenerInfo
instanceKlass org/eclipse/osgi/framework/eventmgr/CopyOnWriteIdentityMap$Entry
instanceKlass org/eclipse/osgi/framework/eventmgr/CopyOnWriteIdentityMap
instanceKlass org/eclipse/osgi/internal/log/OrderedExecutor
instanceKlass org/eclipse/osgi/internal/framework/BundleContextImpl$2
instanceKlass org/osgi/service/startlevel/StartLevel
instanceKlass org/osgi/service/packageadmin/PackageAdmin
instanceKlass org/eclipse/equinox/plurl/PlurlContentHandlerFactory
instanceKlass java/net/ContentHandlerFactory
instanceKlass org/eclipse/equinox/plurl/PlurlStreamHandlerFactory
instanceKlass org/eclipse/equinox/plurl/PlurlFactory
instanceKlass org/eclipse/equinox/plurl/Plurl
instanceKlass org/eclipse/osgi/internal/framework/SystemBundleActivator
instanceKlass org/eclipse/osgi/internal/loader/classpath/TitleVersionVendor
instanceKlass org/eclipse/osgi/internal/loader/classpath/ManifestPackageAttributes
instanceKlass org/eclipse/osgi/internal/loader/classpath/ClasspathEntry$PDEData
instanceKlass org/eclipse/osgi/internal/loader/classpath/ClasspathEntry
instanceKlass org/eclipse/osgi/internal/loader/classpath/FragmentClasspath
instanceKlass org/eclipse/osgi/internal/loader/classpath/ClasspathManager
instanceKlass org/eclipse/osgi/internal/loader/ModuleClassLoader$ClassNameLock$1
instanceKlass org/eclipse/osgi/internal/loader/ModuleClassLoader$ClassNameLock
instanceKlass org/eclipse/osgi/internal/container/KeyBasedLockStore
instanceKlass org/eclipse/osgi/internal/loader/BundleLoaderSources
instanceKlass org/eclipse/osgi/internal/loader/BundleLoader$1
instanceKlass org/eclipse/osgi/internal/loader/sources/PackageSource
instanceKlass java/util/concurrent/ForkJoinPool$2
instanceKlass jdk/internal/access/JavaUtilConcurrentFJPAccess
instanceKlass java/util/concurrent/ForkJoinPool$DefaultForkJoinWorkerThreadFactory
instanceKlass java/util/concurrent/ForkJoinPool$WorkQueue
instanceKlass java/util/concurrent/ForkJoinPool$ForkJoinWorkerThreadFactory
instanceKlass java/lang/ApplicationShutdownHooks$1
instanceKlass java/lang/ApplicationShutdownHooks
instanceKlass org/eclipse/osgi/internal/framework/StorageSaver$StorageSaverTask
instanceKlass org/eclipse/osgi/internal/framework/StorageSaver
instanceKlass java/util/concurrent/Executors$RunnableAdapter
instanceKlass java/util/concurrent/FutureTask$WaitNode
instanceKlass java/util/concurrent/FutureTask
instanceKlass jdk/internal/vm/ThreadContainers
instanceKlass jdk/internal/vm/StackableScope
instanceKlass java/util/concurrent/RunnableScheduledFuture
instanceKlass java/util/concurrent/ScheduledFuture
instanceKlass java/util/concurrent/Delayed
instanceKlass java/util/concurrent/RunnableFuture
instanceKlass java/util/concurrent/Future
instanceKlass java/util/concurrent/ThreadPoolExecutor$AbortPolicy
instanceKlass java/util/concurrent/AbstractExecutorService
instanceKlass java/util/concurrent/ScheduledExecutorService
instanceKlass java/util/concurrent/ExecutorService
instanceKlass java/util/concurrent/Executors
instanceKlass java/util/HashMap$HashMapSpliterator
instanceKlass  @bci java/lang/SecurityManager nonExportedPkgs (Ljava/lang/module/ModuleDescriptor;)Ljava/util/Set; 92 <appendix> member <vmtarget> ; # java/lang/SecurityManager$$Lambda+0x000001ba810c6c98
instanceKlass  @bci java/lang/SecurityManager nonExportedPkgs (Ljava/lang/module/ModuleDescriptor;)Ljava/util/Set; 76 <appendix> argL0 ; # java/lang/SecurityManager$$Lambda+0x000001ba810c6a58
instanceKlass  @bci java/lang/SecurityManager nonExportedPkgs (Ljava/lang/module/ModuleDescriptor;)Ljava/util/Set; 66 <appendix> argL0 ; # java/lang/SecurityManager$$Lambda+0x000001ba810c6808
instanceKlass  @bci java/lang/SecurityManager nonExportedPkgs (Ljava/lang/module/ModuleDescriptor;)Ljava/util/Set; 47 <appendix> member <vmtarget> ; # java/lang/SecurityManager$$Lambda+0x000001ba810c65d0
instanceKlass  @bci java/lang/SecurityManager nonExportedPkgs (Ljava/lang/module/ModuleDescriptor;)Ljava/util/Set; 31 <appendix> argL0 ; # java/lang/SecurityManager$$Lambda+0x000001ba810c6390
instanceKlass  @bci java/lang/SecurityManager nonExportedPkgs (Ljava/lang/module/ModuleDescriptor;)Ljava/util/Set; 21 <appendix> argL0 ; # java/lang/SecurityManager$$Lambda+0x000001ba810c6140
instanceKlass  @cpi com/google/inject/internal/KotlinSupport$KotlinUnsupported 71 form vmentry <vmtarget> ; # java/lang/invoke/LambdaForm$DMH+0x000001ba810bc800
instanceKlass  @bci java/lang/SecurityManager addNonExportedPackages (Ljava/lang/ModuleLayer;)V 59 <appendix> argL0 ; # java/lang/SecurityManager$$Lambda+0x000001ba810c5f10
instanceKlass  @cpi org/eclipse/core/internal/net/Policy 113 form vmentry <vmtarget> ; # java/lang/invoke/LambdaForm$DMH+0x000001ba810bc400
instanceKlass  @bci java/lang/SecurityManager addNonExportedPackages (Ljava/lang/ModuleLayer;)V 49 <appendix> argL0 ; # java/lang/SecurityManager$$Lambda+0x000001ba810c5cd0
instanceKlass  @bci java/lang/SecurityManager addNonExportedPackages (Ljava/lang/ModuleLayer;)V 39 <appendix> argL0 ; # java/lang/SecurityManager$$Lambda+0x000001ba810c5a90
instanceKlass  @bci java/lang/SecurityManager addNonExportedPackages (Ljava/lang/ModuleLayer;)V 29 <appendix> member <vmtarget> ; # java/lang/SecurityManager$$Lambda+0x000001ba810c5838
instanceKlass  @cpi java/lang/SecurityManager 518 form vmentry <vmtarget> ; # java/lang/invoke/LambdaForm$DMH+0x000001ba810bc000
instanceKlass  @bci java/lang/SecurityManager addNonExportedPackages (Ljava/lang/ModuleLayer;)V 17 <appendix> argL0 ; # java/lang/SecurityManager$$Lambda+0x000001ba810c55f8
instanceKlass org/eclipse/osgi/internal/framework/ContextFinder$1
instanceKlass org/osgi/framework/ServiceObjects
instanceKlass org/eclipse/osgi/internal/framework/BundleContextImpl
instanceKlass org/osgi/framework/hooks/weaving/WovenClassListener
instanceKlass org/osgi/framework/hooks/weaving/WeavingHook
instanceKlass org/osgi/framework/hooks/service/FindHook
instanceKlass org/osgi/framework/hooks/service/EventListenerHook
instanceKlass org/osgi/framework/hooks/service/EventHook
instanceKlass org/osgi/framework/hooks/bundle/FindHook
instanceKlass org/osgi/framework/hooks/bundle/EventHook
instanceKlass org/osgi/framework/hooks/bundle/CollisionHook
instanceKlass org/eclipse/osgi/internal/serviceregistry/ServiceRegistry$FrameworkHookHolder
instanceKlass org/osgi/framework/hooks/service/ListenerHook
instanceKlass org/eclipse/osgi/internal/serviceregistry/ServiceRegistrationImpl
instanceKlass org/osgi/framework/ServiceRegistration
instanceKlass org/eclipse/osgi/internal/serviceregistry/ServiceRegistry
instanceKlass org/eclipse/osgi/framework/eventmgr/EventManager
instanceKlass org/eclipse/osgi/internal/framework/EquinoxEventPublisher
# instanceKlass java/lang/invoke/LambdaForm$MH+0x000001ba810b5c00
# instanceKlass java/lang/invoke/LambdaForm$MH+0x000001ba810b5800
# instanceKlass java/lang/invoke/LambdaForm$MH+0x000001ba810b5400
instanceKlass org/eclipse/osgi/storage/bundlefile/BundleEntry
instanceKlass org/eclipse/osgi/container/ModuleDatabase$2
instanceKlass java/util/ArrayList$SubList$1
# instanceKlass java/lang/invoke/LambdaForm$MH+0x000001ba810b5000
# instanceKlass java/lang/invoke/LambdaForm$MH+0x000001ba810b4c00
# instanceKlass java/lang/invoke/LambdaForm$MH+0x000001ba810b4800
instanceKlass  @bci org/eclipse/jdt/internal/core/JrtPackageFragmentRoot$JrtModuleKey hashCode ()I 1 <appendix> argL1 form vmentry <vmtarget> ; # java/lang/invoke/LambdaForm$MH+0x000001ba810b4400
instanceKlass  @cpi org/eclipse/core/internal/jobs/JobManager 1509 form vmentry <vmtarget> ; # java/lang/invoke/LambdaForm$DMH+0x000001ba810b4000
instanceKlass java/lang/reflect/AnnotatedType
instanceKlass java/lang/reflect/TypeVariable
instanceKlass org/eclipse/osgi/container/ModuleWiring$LoaderInitializer
instanceKlass org/eclipse/osgi/container/ModuleWiring
instanceKlass org/eclipse/osgi/container/ModuleWire
instanceKlass org/osgi/framework/wiring/BundleWire
instanceKlass java/util/Collections$UnmodifiableMap$UnmodifiableEntrySet$UnmodifiableEntry
instanceKlass java/util/Collections$UnmodifiableMap$UnmodifiableEntrySet$1
instanceKlass org/eclipse/osgi/internal/container/Capabilities$NamespaceSet
instanceKlass org/eclipse/osgi/container/ModuleRequirement
instanceKlass org/osgi/framework/wiring/BundleRequirement
instanceKlass org/eclipse/osgi/container/ModuleRevision$2
instanceKlass org/eclipse/osgi/internal/container/NamespaceList$Builder$8
instanceKlass org/eclipse/osgi/container/ModuleCapability
instanceKlass org/osgi/framework/wiring/BundleCapability
instanceKlass org/osgi/resource/Capability
instanceKlass org/eclipse/osgi/internal/container/NamespaceList$3
instanceKlass org/eclipse/osgi/internal/container/NamespaceList$2
instanceKlass org/eclipse/osgi/internal/container/NamespaceList$1
instanceKlass org/eclipse/osgi/internal/container/NamespaceList
instanceKlass org/eclipse/osgi/container/ModuleRevision$1
instanceKlass org/osgi/framework/wiring/BundleWiring
instanceKlass org/osgi/resource/Wiring
instanceKlass org/eclipse/osgi/container/ModuleRevision
instanceKlass org/eclipse/osgi/container/ModuleRevisions
instanceKlass org/osgi/framework/wiring/BundleRevisions
instanceKlass org/lombokweb/asm/Opcodes
instanceKlass org/lombokweb/asm/Handler
instanceKlass lombok/patcher/MethodLogistics
instanceKlass org/lombokweb/asm/Label
instanceKlass org/lombokweb/asm/Type
instanceKlass org/lombokweb/asm/Frame
instanceKlass org/lombokweb/asm/Context
instanceKlass org/lombokweb/asm/Attribute
instanceKlass lombok/patcher/scripts/ExitFromMethodEarlyScript$1
instanceKlass org/lombokweb/asm/ByteVector
instanceKlass org/lombokweb/asm/Symbol
instanceKlass org/lombokweb/asm/SymbolTable
instanceKlass org/lombokweb/asm/FieldVisitor
instanceKlass org/lombokweb/asm/MethodVisitor
instanceKlass org/lombokweb/asm/AnnotationVisitor
instanceKlass org/lombokweb/asm/ModuleVisitor
instanceKlass org/lombokweb/asm/RecordComponentVisitor
instanceKlass org/lombokweb/asm/ClassReader
instanceKlass org/eclipse/osgi/internal/framework/EquinoxBundle
instanceKlass org/eclipse/osgi/internal/container/NamespaceList$Builder$2
instanceKlass org/eclipse/osgi/container/ModuleRevisionBuilder$GenericInfo$1
instanceKlass org/eclipse/osgi/container/ModuleRevisionBuilder$GenericInfo
instanceKlass org/eclipse/osgi/container/ModuleRevisionBuilder
instanceKlass org/osgi/resource/Wire
instanceKlass org/eclipse/osgi/container/ModuleDatabase$Persistence
instanceKlass org/eclipse/osgi/container/ModuleContainer$ContainerStartLevel
instanceKlass org/eclipse/osgi/container/ModuleContainer$ContainerWiring
instanceKlass org/eclipse/osgi/container/ModuleResolver
instanceKlass org/eclipse/osgi/container/ModuleContainer$ResolutionLock
instanceKlass org/eclipse/osgi/internal/container/LockSet
instanceKlass org/osgi/framework/startlevel/FrameworkStartLevel
instanceKlass org/osgi/framework/wiring/FrameworkWiring
instanceKlass org/osgi/resource/Requirement
instanceKlass org/eclipse/osgi/report/resolution/ResolutionReport
instanceKlass org/eclipse/osgi/container/ModuleContainer
instanceKlass org/eclipse/osgi/internal/container/Capabilities
instanceKlass org/eclipse/osgi/container/Module
instanceKlass org/osgi/framework/startlevel/BundleStartLevel
instanceKlass org/eclipse/osgi/container/ModuleDatabase
instanceKlass java/util/concurrent/LinkedBlockingQueue$Node
instanceKlass java/util/concurrent/RejectedExecutionHandler
instanceKlass org/eclipse/osgi/internal/framework/EquinoxContainerAdaptor$1
instanceKlass java/util/concurrent/LinkedTransferQueue$DualNode
instanceKlass java/util/concurrent/TransferQueue
instanceKlass java/util/concurrent/atomic/AtomicReference
instanceKlass org/eclipse/osgi/internal/container/AtomicLazyInitializer
instanceKlass org/eclipse/osgi/internal/framework/OSGiFrameworkHooks$BundleCollisionHook
instanceKlass org/osgi/framework/ServiceReference
instanceKlass org/osgi/framework/hooks/resolver/ResolverHook
instanceKlass org/eclipse/osgi/internal/framework/OSGiFrameworkHooks$CoreResolverHookFactory
instanceKlass org/osgi/framework/hooks/resolver/ResolverHookFactory
instanceKlass org/eclipse/osgi/container/ModuleCollisionHook
instanceKlass org/eclipse/osgi/internal/framework/OSGiFrameworkHooks
instanceKlass org/eclipse/osgi/container/ModuleContainerAdaptor$1
instanceKlass java/util/concurrent/Callable
instanceKlass org/eclipse/osgi/container/ModuleLoader
instanceKlass java/util/concurrent/BlockingQueue
instanceKlass java/util/concurrent/Executor
instanceKlass org/eclipse/osgi/internal/permadmin/SecurityRow
instanceKlass org/eclipse/osgi/internal/permadmin/PermissionAdminTable
instanceKlass org/osgi/service/permissionadmin/PermissionInfo
instanceKlass org/osgi/service/condpermadmin/ConditionalPermissionInfo
instanceKlass org/osgi/service/condpermadmin/ConditionalPermissionUpdate
instanceKlass org/eclipse/osgi/internal/permadmin/SecurityAdmin
instanceKlass org/osgi/service/condpermadmin/ConditionalPermissionAdmin
instanceKlass org/osgi/service/permissionadmin/PermissionAdmin
instanceKlass org/eclipse/osgi/storage/PermissionData
instanceKlass  @bci org/eclipse/osgi/storage/Storage connectPersistentBundles (Ljava/util/List;)V 2 <appendix> member <vmtarget> ; # org/eclipse/osgi/storage/Storage$$Lambda+0x000001ba810a0c30
instanceKlass  @cpi org/eclipse/lsp4j/jsonrpc/services/EndpointProxy 279 form vmentry <vmtarget> ; # java/lang/invoke/LambdaForm$DMH+0x000001ba810a4000
instanceKlass org/eclipse/osgi/storage/BundleInfo$Generation
instanceKlass org/eclipse/osgi/storage/BundleInfo
instanceKlass org/eclipse/osgi/framework/util/ObjectPool
instanceKlass jdk/internal/util/ByteArray
instanceKlass org/eclipse/osgi/storagemanager/StorageManager$Entry
instanceKlass org/eclipse/osgi/framework/internal/reliablefile/ReliableFile$CacheInfo
instanceKlass java/util/ComparableTimSort
instanceKlass java/lang/Shutdown$Lock
instanceKlass java/lang/Shutdown
instanceKlass java/io/DeleteOnExitHook$1
instanceKlass java/io/DeleteOnExitHook
instanceKlass  @bci org/eclipse/osgi/framework/internal/reliablefile/ReliableFile createTempFile (Ljava/lang/String;Ljava/lang/String;Ljava/io/File;)Ljava/io/File; 61 <appendix> argL0 ; # org/eclipse/osgi/framework/internal/reliablefile/ReliableFile$$Lambda+0x000001ba81099270
instanceKlass org/eclipse/osgi/framework/internal/reliablefile/ReliableFile
instanceKlass sun/nio/ch/FileKey
instanceKlass sun/nio/ch/FileLockTable
instanceKlass sun/nio/ch/NativeThread
instanceKlass java/nio/channels/FileLock
instanceKlass sun/nio/ch/NativeThreadSet
instanceKlass sun/nio/ch/IOUtil
instanceKlass sun/nio/ch/NativeDispatcher
instanceKlass java/nio/file/attribute/FileAttribute
instanceKlass java/nio/channels/spi/AbstractInterruptibleChannel
instanceKlass java/nio/channels/InterruptibleChannel
instanceKlass java/nio/channels/ScatteringByteChannel
instanceKlass java/nio/channels/GatheringByteChannel
instanceKlass java/nio/channels/SeekableByteChannel
instanceKlass java/nio/channels/ByteChannel
instanceKlass java/nio/channels/WritableByteChannel
instanceKlass java/nio/channels/ReadableByteChannel
instanceKlass java/nio/channels/Channel
instanceKlass org/eclipse/osgi/internal/location/Locker_JavaNio
instanceKlass org/eclipse/osgi/storagemanager/StorageManager
instanceKlass org/eclipse/osgi/storage/FrameworkExtensionInstaller
instanceKlass org/eclipse/osgi/storage/bundlefile/MRUBundleFileList
instanceKlass org/eclipse/osgi/framework/eventmgr/EventDispatcher
instanceKlass org/osgi/framework/Filter
instanceKlass org/eclipse/osgi/storage/bundlefile/BundleFile
instanceKlass org/eclipse/osgi/storage/ContentProvider
instanceKlass org/eclipse/osgi/container/ModuleContainerAdaptor
instanceKlass org/eclipse/osgi/storage/Storage
instanceKlass  @bci org/eclipse/osgi/internal/cds/CDSHookConfigurator addHooks (Lorg/eclipse/osgi/internal/hookregistry/HookRegistry;)V 77 <appendix> argL0 ; # org/eclipse/osgi/internal/cds/CDSHookConfigurator$$Lambda+0x000001ba8109def8
instanceKlass org/eclipse/osgi/signedcontent/SignedContent
# instanceKlass java/lang/invoke/LambdaForm$DMH+0x000001ba81098400
instanceKlass java/lang/invoke/MethodHandle$1
instanceKlass org/eclipse/osgi/internal/hookregistry/StorageHookFactory$StorageHook
instanceKlass org/eclipse/osgi/internal/hookregistry/StorageHookFactory
instanceKlass org/osgi/framework/BundleActivator
instanceKlass org/eclipse/osgi/internal/cds/CDSHookConfigurator
instanceKlass org/eclipse/osgi/internal/signedcontent/SignedBundleHook
instanceKlass org/eclipse/osgi/signedcontent/SignedContentFactory
instanceKlass org/eclipse/osgi/internal/hookregistry/ActivatorHookFactory
instanceKlass org/osgi/framework/wiring/BundleRevision
instanceKlass org/osgi/resource/Resource
instanceKlass org/eclipse/osgi/internal/connect/ConnectHookConfigurator
instanceKlass org/eclipse/osgi/internal/hookregistry/HookConfigurator
instanceKlass java/net/URLClassLoader$3$1
instanceKlass java/net/URLClassLoader$3
instanceKlass org/eclipse/osgi/internal/framework/EquinoxContainer$ConnectModules
instanceKlass  @bci org/eclipse/osgi/internal/log/ExtendedLogServiceImpl applyLogLevels (Lorg/eclipse/osgi/internal/log/ExtendedLogServiceFactory$EquinoxLoggerContext;)V 20 <appendix> member <vmtarget> ; # org/eclipse/osgi/internal/log/ExtendedLogServiceImpl$$Lambda+0x000001ba81097518
instanceKlass  @bci org/eclipse/osgi/internal/log/ExtendedLogServiceImpl applyLogLevels (Lorg/eclipse/osgi/internal/log/ExtendedLogServiceFactory$EquinoxLoggerContext;)V 5 <appendix> member <vmtarget> ; # org/eclipse/osgi/internal/log/ExtendedLogServiceImpl$$Lambda+0x000001ba810972e0
instanceKlass  @cpi org/eclipse/lsp4j/jsonrpc/services/ServiceEndpoints 267 form vmentry <vmtarget> ; # java/lang/invoke/LambdaForm$DMH+0x000001ba81098000
instanceKlass org/eclipse/osgi/internal/log/ExtendedLogServiceFactory$EquinoxLoggerContext
instanceKlass org/eclipse/osgi/internal/log/EquinoxLogFactory$1
instanceKlass org/eclipse/osgi/framework/log/FrameworkLog
instanceKlass org/eclipse/osgi/internal/log/EquinoxLogFactory
instanceKlass org/osgi/service/log/FormatterLogger
instanceKlass org/eclipse/osgi/internal/log/LoggerImpl
instanceKlass org/eclipse/osgi/internal/log/ExtendedLogServiceImpl
instanceKlass org/eclipse/osgi/internal/log/ExtendedLogServiceFactory$EquinoxLoggerAdmin
instanceKlass org/osgi/service/log/admin/LoggerContext
instanceKlass org/eclipse/osgi/internal/log/LoggerContextTargetMap
instanceKlass org/eclipse/osgi/internal/log/LogServiceManager$MockSystemBundle
instanceKlass org/osgi/service/log/admin/LoggerAdmin
instanceKlass org/eclipse/osgi/internal/log/ExtendedLogServiceFactory
instanceKlass org/eclipse/osgi/framework/util/ArrayMap
instanceKlass java/util/concurrent/locks/ReentrantReadWriteLock$WriteLock
instanceKlass java/util/concurrent/locks/ReentrantReadWriteLock$ReadLock
instanceKlass java/util/concurrent/locks/ReentrantReadWriteLock
instanceKlass java/util/concurrent/locks/ReadWriteLock
instanceKlass org/eclipse/osgi/internal/log/ExtendedLogReaderServiceFactory$1
instanceKlass org/osgi/service/log/LogEntry
instanceKlass org/eclipse/osgi/internal/log/ExtendedLogReaderServiceFactory
instanceKlass org/osgi/framework/ServiceFactory
instanceKlass org/eclipse/equinox/log/ExtendedLogReaderService
instanceKlass org/osgi/service/log/LogReaderService
instanceKlass org/eclipse/equinox/log/ExtendedLogService
instanceKlass org/eclipse/equinox/log/Logger
instanceKlass org/osgi/service/log/Logger
instanceKlass org/osgi/service/log/LogService
instanceKlass org/osgi/service/log/LoggerFactory
instanceKlass org/eclipse/osgi/internal/log/LogServiceManager
instanceKlass org/osgi/framework/AllServiceListener
instanceKlass org/osgi/framework/ServiceListener
instanceKlass org/eclipse/osgi/internal/log/EquinoxLogWriter
instanceKlass org/eclipse/equinox/log/LogFilter
instanceKlass org/eclipse/equinox/log/SynchronousLogListener
instanceKlass org/osgi/service/log/LogListener
instanceKlass org/eclipse/osgi/internal/log/EquinoxLogServices
instanceKlass org/eclipse/osgi/util/ManifestElement
instanceKlass org/eclipse/osgi/internal/debug/Debug
instanceKlass org/eclipse/osgi/service/debug/DebugOptionsListener
instanceKlass org/eclipse/osgi/service/debug/DebugTrace
instanceKlass org/eclipse/osgi/internal/debug/FrameworkDebugOptions
instanceKlass org/osgi/util/tracker/ServiceTrackerCustomizer
instanceKlass java/nio/file/FileVisitor
instanceKlass org/eclipse/osgi/storage/StorageUtil
instanceKlass org/eclipse/osgi/internal/location/BasicLocation
instanceKlass org/eclipse/osgi/internal/location/EquinoxLocations
instanceKlass java/util/concurrent/atomic/AtomicBoolean
instanceKlass java/util/UUID
instanceKlass java/util/Random
instanceKlass java/util/random/RandomGenerator
instanceKlass org/eclipse/osgi/internal/container/InternalUtils
instanceKlass org/osgi/framework/Version
instanceKlass org/eclipse/osgi/internal/location/Locker
instanceKlass org/eclipse/osgi/internal/location/LocationHelper
instanceKlass org/eclipse/osgi/internal/framework/EquinoxConfiguration$ConfigValues
instanceKlass org/eclipse/osgi/internal/util/Tokenizer
instanceKlass java/nio/charset/CoderResult
instanceKlass sun/util/logging/PlatformLogger
instanceKlass sun/util/logging/PlatformLogger$ConfigurableBridge$LoggerConfiguration
instanceKlass jdk/internal/logger/BootstrapLogger$RedirectedLoggers
instanceKlass jdk/internal/logger/LazyLoggers$LazyLoggerAccessor
instanceKlass jdk/internal/logger/LazyLoggers$LoggerAccessor
instanceKlass jdk/internal/logger/AbstractLoggerWrapper
instanceKlass java/util/ServiceLoader$ProviderImpl
instanceKlass java/util/ServiceLoader$Provider
instanceKlass java/util/ServiceLoader$1
instanceKlass sun/util/logging/internal/LoggingProviderImpl$LogManagerAccess
instanceKlass java/util/concurrent/CopyOnWriteArrayList$COWIterator
instanceKlass jdk/internal/logger/BootstrapLogger$DetectBackend$1
instanceKlass jdk/internal/logger/BootstrapLogger$DetectBackend
instanceKlass jdk/internal/logger/BootstrapLogger
instanceKlass sun/util/logging/PlatformLogger$ConfigurableBridge
instanceKlass sun/util/logging/PlatformLogger$Bridge
instanceKlass jdk/internal/logger/DefaultLoggerFinder$1
instanceKlass java/lang/System$LoggerFinder
instanceKlass jdk/internal/logger/LazyLoggers$LazyLoggerFactories
instanceKlass jdk/internal/logger/LazyLoggers$1
instanceKlass jdk/internal/logger/LazyLoggers
instanceKlass jdk/internal/event/EventHelper$ThreadTrackHolder
instanceKlass java/net/URLClassLoader$2
instanceKlass org/eclipse/osgi/internal/framework/AliasMapper
instanceKlass org/eclipse/osgi/framework/util/KeyedElement
instanceKlass org/eclipse/osgi/internal/hookregistry/ClassLoaderHook
instanceKlass org/eclipse/osgi/internal/hookregistry/HookRegistry
instanceKlass org/eclipse/osgi/service/datalocation/Location
instanceKlass org/eclipse/osgi/service/debug/DebugOptions
instanceKlass org/eclipse/osgi/internal/framework/EquinoxConfiguration
instanceKlass org/eclipse/osgi/service/environment/EnvironmentInfo
# instanceKlass org/eclipse/osgi/internal/framework/EquinoxContainer$$InjectedInvoker+0x000001ba8108c400
instanceKlass java/lang/invoke/MethodHandleImpl$BindCaller$InjectedInvokerHolder
instanceKlass java/lang/invoke/MethodHandleImpl$BindCaller
# instanceKlass java/lang/invoke/LambdaForm$MH+0x000001ba8108c000
# instanceKlass java/lang/invoke/LambdaForm$MH+0x000001ba8108ac00
instanceKlass java/lang/annotation/Target
instanceKlass java/lang/reflect/Proxy$ProxyBuilder$1
instanceKlass jdk/internal/org/objectweb/asm/Edge
instanceKlass  @bci java/lang/reflect/ProxyGenerator addProxyMethod (Ljava/lang/reflect/Method;Ljava/lang/Class;)V 23 <appendix> argL0 ; # java/lang/reflect/ProxyGenerator$$Lambda+0x000001ba810331d0
instanceKlass  @bci java/lang/reflect/ProxyGenerator addProxyMethod (Ljava/lang/reflect/ProxyGenerator$ProxyMethod;)V 10 <appendix> argL0 ; # java/lang/reflect/ProxyGenerator$$Lambda+0x000001ba81032f90
instanceKlass java/lang/reflect/ProxyGenerator$ProxyMethod
instanceKlass  @bci java/lang/reflect/Proxy getLoader (Ljava/lang/Module;)Ljava/lang/ClassLoader; 6 <appendix> member <vmtarget> ; # java/lang/reflect/Proxy$$Lambda+0x000001ba81032838
instanceKlass  @bci java/lang/module/ModuleDescriptor$Builder packages (Ljava/util/Set;)Ljava/lang/module/ModuleDescriptor$Builder; 17 <appendix> argL0 ; # java/lang/module/ModuleDescriptor$Builder$$Lambda+0x800000002
instanceKlass java/lang/module/ModuleDescriptor$Builder
instanceKlass  @bci java/lang/reflect/Proxy$ProxyBuilder getDynamicModule (Ljava/lang/ClassLoader;)Ljava/lang/Module; 4 <appendix> argL0 ; # java/lang/reflect/Proxy$ProxyBuilder$$Lambda+0x000001ba810323f8
instanceKlass java/lang/PublicMethods
instanceKlass java/lang/reflect/Proxy$ProxyBuilder
instanceKlass  @bci java/lang/reflect/Proxy getProxyConstructor (Ljava/lang/Class;Ljava/lang/ClassLoader;[Ljava/lang/Class;)Ljava/lang/reflect/Constructor; 35 <appendix> argL0 ; # java/lang/reflect/Proxy$$Lambda+0x000001ba81031b60
instanceKlass java/lang/reflect/Proxy
instanceKlass sun/reflect/annotation/AnnotationInvocationHandler
instanceKlass java/lang/reflect/InvocationHandler
instanceKlass sun/reflect/annotation/AnnotationParser$1
instanceKlass sun/reflect/annotation/ExceptionProxy
instanceKlass java/lang/annotation/Inherited
instanceKlass java/lang/annotation/Retention
instanceKlass sun/reflect/annotation/AnnotationType$1
instanceKlass sun/reflect/annotation/AnnotationType
instanceKlass java/lang/reflect/GenericArrayType
instanceKlass sun/reflect/generics/visitor/Reifier
instanceKlass sun/reflect/generics/visitor/TypeTreeVisitor
instanceKlass sun/reflect/generics/factory/CoreReflectionFactory
instanceKlass sun/reflect/generics/factory/GenericsFactory
instanceKlass sun/reflect/generics/scope/AbstractScope
instanceKlass sun/reflect/generics/scope/Scope
instanceKlass sun/reflect/generics/tree/ClassTypeSignature
instanceKlass sun/reflect/generics/tree/SimpleClassTypeSignature
instanceKlass sun/reflect/generics/tree/FieldTypeSignature
instanceKlass sun/reflect/generics/tree/BaseType
instanceKlass sun/reflect/generics/tree/TypeSignature
instanceKlass sun/reflect/generics/tree/ReturnType
instanceKlass sun/reflect/generics/tree/TypeArgument
instanceKlass sun/reflect/generics/tree/TypeTree
instanceKlass sun/reflect/generics/tree/Tree
instanceKlass sun/reflect/generics/parser/SignatureParser
instanceKlass org/eclipse/osgi/framework/util/SecureAction$1
instanceKlass org/eclipse/osgi/framework/util/SecureAction
instanceKlass org/eclipse/osgi/internal/framework/EquinoxContainer
instanceKlass org/eclipse/osgi/launch/Equinox
# instanceKlass java/lang/invoke/LambdaForm$MH+0x000001ba8108a800
# instanceKlass java/lang/invoke/LambdaForm$MH+0x000001ba8108a400
# instanceKlass java/lang/invoke/LambdaForm$MH+0x000001ba8108a000
instanceKlass org/osgi/framework/BundleContext
instanceKlass org/osgi/framework/BundleReference
instanceKlass org/eclipse/core/runtime/adaptor/EclipseStarter$InitialBundle
instanceKlass java/util/EventObject
instanceKlass org/eclipse/core/runtime/adaptor/EclipseStarter$StartupEventListener
instanceKlass org/osgi/framework/FrameworkListener
instanceKlass org/osgi/framework/SynchronousBundleListener
instanceKlass java/util/concurrent/Semaphore
instanceKlass org/osgi/framework/launch/Framework
instanceKlass org/osgi/framework/Bundle
instanceKlass org/osgi/framework/BundleListener
instanceKlass java/util/EventListener
instanceKlass org/eclipse/equinox/plurl/PlurlStreamHandler
instanceKlass org/eclipse/core/runtime/adaptor/EclipseStarter
instanceKlass  @bci java/io/FilePermissionCollection add (Ljava/security/Permission;)V 68 <appendix> argL0 ; # java/io/FilePermissionCollection$$Lambda+0x000001ba8102bb68
instanceKlass sun/security/util/FilePermCompat
instanceKlass java/io/FilePermission$1
instanceKlass jdk/internal/access/JavaIOFilePermissionAccess
instanceKlass sun/security/util/MemoryCache$QueueCacheEntry
instanceKlass java/net/URLClassLoader$1
instanceKlass  @bci org/eclipse/equinox/launcher/Main basicRun ([Ljava/lang/String;)V 162 <appendix> argL0 ; # org/eclipse/equinox/launcher/Main$$Lambda+0x000001ba81084b88
instanceKlass java/nio/file/FileStore
instanceKlass sun/nio/fs/WindowsSecurity
instanceKlass sun/nio/fs/AbstractAclFileAttributeView
instanceKlass java/nio/file/attribute/AclFileAttributeView
instanceKlass java/nio/file/attribute/FileOwnerAttributeView
instanceKlass sun/nio/fs/WindowsLinkSupport
instanceKlass sun/nio/fs/WindowsFileSystemProvider$1
instanceKlass org/eclipse/equinox/launcher/JNIBridge
instanceKlass  @bci java/util/stream/MatchOps makeRef (Ljava/util/function/Predicate;Ljava/util/stream/MatchOps$MatchKind;)Ljava/util/stream/TerminalOp; 20 <appendix> member <vmtarget> ; # java/util/stream/MatchOps$$Lambda+0x000001ba81029010
instanceKlass java/util/stream/MatchOps$BooleanTerminalSink
instanceKlass java/util/stream/MatchOps$MatchOp
instanceKlass java/util/stream/MatchOps
instanceKlass  @bci org/eclipse/equinox/launcher/Main extractFromJAR (Ljava/lang/String;Ljava/lang/String;)Ljava/lang/String; 146 <appendix> member <vmtarget> ; # org/eclipse/equinox/launcher/Main$$Lambda+0x000001ba810846e0
instanceKlass java/util/AbstractList$RandomAccessSpliterator
instanceKlass  @bci org/eclipse/equinox/launcher/Main getLibraryFromFragment (Ljava/lang/String;Ljava/lang/String;)Ljava/lang/String; 96 <appendix> argL0 ; # org/eclipse/equinox/launcher/Main$$Lambda+0x000001ba81084490
instanceKlass  @bci org/eclipse/equinox/launcher/Main getLibraryFromFragment (Ljava/lang/String;Ljava/lang/String;)Ljava/lang/String; 86 <appendix> argL0 ; # org/eclipse/equinox/launcher/Main$$Lambda+0x000001ba81084250
instanceKlass  @bci java/util/zip/ZipFile stream ()Ljava/util/stream/Stream; 25 <appendix> member <vmtarget> ; # java/util/zip/ZipFile$$Lambda+0x000001ba810282a8
instanceKlass java/util/Spliterators$AbstractSpliterator
instanceKlass  @bci java/util/stream/StreamSpliterators$WrappingSpliterator initPartialTraversalState ()V 37 <appendix> member <vmtarget> ; # java/util/stream/StreamSpliterators$WrappingSpliterator$$Lambda+0x000001ba81028080
instanceKlass java/util/function/BooleanSupplier
instanceKlass java/util/stream/Sink$ChainedInt
instanceKlass java/util/stream/Sink$OfInt
instanceKlass java/util/function/IntConsumer
instanceKlass  @bci java/util/stream/StreamSpliterators$WrappingSpliterator initPartialTraversalState ()V 24 <appendix> member <vmtarget> ; # java/util/stream/StreamSpliterators$WrappingSpliterator$$Lambda+0x000001ba81026cb0
instanceKlass java/util/stream/StreamSpliterators
instanceKlass  @bci org/eclipse/equinox/launcher/Main getLibraryPath (Ljava/lang/String;Ljava/util/List;)Ljava/lang/String; 190 <appendix> argL0 ; # org/eclipse/equinox/launcher/Main$$Lambda+0x000001ba81084000
instanceKlass  @bci org/eclipse/equinox/launcher/Main getLibraryPath (Ljava/lang/String;Ljava/util/List;)Ljava/lang/String; 180 <appendix> member <vmtarget> ; # org/eclipse/equinox/launcher/Main$$Lambda+0x000001ba8101bcc0
instanceKlass java/util/stream/Stream$Builder
instanceKlass java/util/stream/Streams$AbstractStreamBuilderImpl
instanceKlass java/util/stream/Streams$2
instanceKlass java/util/stream/Streams
instanceKlass java/util/stream/StreamSpliterators$AbstractWrappingSpliterator
instanceKlass  @bci java/util/stream/AbstractPipeline spliterator ()Ljava/util/Spliterator; 103 <appendix> member <vmtarget> ; # java/util/stream/AbstractPipeline$$Lambda+0x000001ba81026120
instanceKlass java/util/stream/Streams$ConcatSpliterator
instanceKlass  @bci org/eclipse/equinox/launcher/Main getLibraryPath (Ljava/lang/String;Ljava/util/List;)Ljava/lang/String; 143 <appendix> argL0 ; # org/eclipse/equinox/launcher/Main$$Lambda+0x000001ba8101ba80
instanceKlass  @bci org/eclipse/equinox/launcher/Main getLibraryPath (Ljava/lang/String;Ljava/util/List;)Ljava/lang/String; 133 <appendix> member <vmtarget> ; # org/eclipse/equinox/launcher/Main$$Lambda+0x000001ba8101b858
instanceKlass  @cpi org/eclipse/equinox/launcher/Main 2078 form vmentry <vmtarget> ; # java/lang/invoke/LambdaForm$DMH+0x000001ba81082c00
instanceKlass  @bci org/eclipse/equinox/launcher/Main getLibraryPath (Ljava/lang/String;Ljava/util/List;)Ljava/lang/String; 117 <appendix> member <vmtarget> ; # org/eclipse/equinox/launcher/Main$$Lambda+0x000001ba8101b610
instanceKlass java/util/function/IntUnaryOperator
instanceKlass java/util/stream/Streams$RangeIntSpliterator
instanceKlass java/util/stream/IntStream
instanceKlass  @bci org/eclipse/core/internal/preferences/EclipsePreferences absolutePath ()Ljava/lang/String; 66 <appendix> form vmentry <vmtarget> ; # java/lang/invoke/LambdaForm$MH+0x000001ba81082800
# instanceKlass java/lang/invoke/LambdaForm$MH+0x000001ba81082400
instanceKlass  @bci org/eclipse/core/internal/preferences/EclipsePreferences absolutePath ()Ljava/lang/String; 66 <appendix> argL3 form vmentry <vmtarget> ; # java/lang/invoke/LambdaForm$MH+0x000001ba81082000
# instanceKlass java/lang/invoke/LambdaForm$MH+0x000001ba81081c00
# instanceKlass java/lang/invoke/LambdaForm$MH+0x000001ba81081800
# instanceKlass java/lang/invoke/LambdaForm$MH+0x000001ba81081400
# instanceKlass java/lang/invoke/LambdaForm$MH+0x000001ba81081000
instanceKlass  @bci org/eclipse/core/internal/preferences/EclipsePreferences absolutePath ()Ljava/lang/String; 66 <appendix> argL1 form vmentry <vmtarget> ; # java/lang/invoke/LambdaForm$MH+0x000001ba81080c00
# instanceKlass java/lang/invoke/LambdaForm$MH+0x000001ba81080800
# instanceKlass java/lang/invoke/LambdaForm$MH+0x000001ba81080400
# instanceKlass java/lang/invoke/LambdaForm$MH+0x000001ba81080000
instanceKlass java/io/RandomAccessFile$1
instanceKlass  @bci org/eclipse/jdt/internal/core/nd/java/model/BinaryModuleFactory createDescriptor (Lorg/eclipse/jdt/internal/core/PackageFragmentRoot;Lorg/eclipse/jdt/internal/core/ModularClassFile;)Lorg/eclipse/jdt/internal/core/nd/java/model/BinaryModuleDescriptor; 44 <appendix> form vmentry <vmtarget> ; # java/lang/invoke/LambdaForm$MH+0x000001ba8101fc00
instanceKlass java/lang/invoke/LambdaFormEditor$1
# instanceKlass java/lang/invoke/LambdaForm$MH+0x000001ba8101f800
instanceKlass  @bci org/eclipse/jdt/internal/core/nd/java/model/BinaryModuleFactory createDescriptor (Lorg/eclipse/jdt/internal/core/PackageFragmentRoot;Lorg/eclipse/jdt/internal/core/ModularClassFile;)Lorg/eclipse/jdt/internal/core/nd/java/model/BinaryModuleDescriptor; 44 <appendix> argL3 form vmentry <vmtarget> ; # java/lang/invoke/LambdaForm$MH+0x000001ba8101f400
# instanceKlass java/lang/invoke/LambdaForm$MH+0x000001ba8101f000
# instanceKlass java/lang/invoke/LambdaForm$MH+0x000001ba8101ec00
# instanceKlass java/lang/invoke/LambdaForm$MH+0x000001ba8101e800
# instanceKlass java/lang/invoke/LambdaForm$MH+0x000001ba8101e400
instanceKlass  @bci org/eclipse/jdt/internal/core/nd/java/model/BinaryModuleFactory createDescriptor (Lorg/eclipse/jdt/internal/core/PackageFragmentRoot;Lorg/eclipse/jdt/internal/core/ModularClassFile;)Lorg/eclipse/jdt/internal/core/nd/java/model/BinaryModuleDescriptor; 44 <appendix> argL1 form vmentry <vmtarget> ; # java/lang/invoke/LambdaForm$MH+0x000001ba8101e000
# instanceKlass java/lang/invoke/LambdaForm$MH+0x000001ba8101dc00
# instanceKlass java/lang/invoke/LambdaForm$MH+0x000001ba8101d800
# instanceKlass java/lang/invoke/LambdaForm$MH+0x000001ba8101d400
instanceKlass  @bci org/eclipse/equinox/launcher/Main searchFor (Ljava/lang/String;Ljava/lang/String;)Ljava/lang/String; 95 <appendix> member <vmtarget> ; # org/eclipse/equinox/launcher/Main$$Lambda+0x000001ba8101b3c8
instanceKlass  @bci org/eclipse/equinox/launcher/Main findMax (Ljava/lang/String;Ljava/util/List;)Ljava/util/Optional; 34 <appendix> argL0 ; # org/eclipse/equinox/launcher/Main$$Lambda+0x000001ba8101b188
instanceKlass java/util/stream/ReduceOps$2ReducingSink
instanceKlass  @bci java/util/function/BinaryOperator maxBy (Ljava/util/Comparator;)Ljava/util/function/BinaryOperator; 6 <appendix> member <vmtarget> ; # java/util/function/BinaryOperator$$Lambda+0x000001ba810233c8
instanceKlass  @bci java/util/Comparator comparing (Ljava/util/function/Function;Ljava/util/Comparator;)Ljava/util/Comparator; 12 <appendix> member <vmtarget> ; # java/util/Comparator$$Lambda+0x000001ba81023128
instanceKlass  @cpi java/util/Comparator 256 form vmentry <vmtarget> ; # java/lang/invoke/LambdaForm$DMH+0x000001ba8101d000
instanceKlass  @bci java/util/Comparator comparing (Ljava/util/function/Function;)Ljava/util/Comparator; 6 <appendix> member <vmtarget> ; # java/util/Comparator$$Lambda+0x000001ba81022e88
instanceKlass  @bci org/eclipse/equinox/launcher/Main$Identifier <clinit> ()V 34 <appendix> argL0 ; # org/eclipse/equinox/launcher/Main$Identifier$$Lambda+0x000001ba8101af48
instanceKlass  @bci org/eclipse/equinox/launcher/Main$Identifier <clinit> ()V 18 <appendix> argL0 ; # org/eclipse/equinox/launcher/Main$Identifier$$Lambda+0x000001ba8101ad28
instanceKlass  @bci java/util/Comparator thenComparing (Ljava/util/Comparator;)Ljava/util/Comparator; 7 <appendix> member <vmtarget> ; # java/util/Comparator$$Lambda+0x000001ba81022be8
instanceKlass  @cpi java/util/Comparator 251 form vmentry <vmtarget> ; # java/lang/invoke/LambdaForm$DMH+0x000001ba8101cc00
instanceKlass  @bci org/eclipse/equinox/launcher/Main$Identifier <clinit> ()V 8 <appendix> argL0 ; # org/eclipse/equinox/launcher/Main$Identifier$$Lambda+0x000001ba8101ab08
instanceKlass  @bci java/util/Comparator comparingInt (Ljava/util/function/ToIntFunction;)Ljava/util/Comparator; 6 <appendix> member <vmtarget> ; # java/util/Comparator$$Lambda+0x000001ba81022948
instanceKlass  @bci java/lang/invoke/BootstrapMethodInvoker invoke (Ljava/lang/Class;Ljava/lang/invoke/MethodHandle;Ljava/lang/String;Ljava/lang/Object;Ljava/lang/Object;Ljava/lang/Class;)Ljava/lang/Object; 462 <adapter> ; # java/lang/invoke/LambdaForm$MH+0x000001ba8101c800
instanceKlass  @cpi java/util/Comparator 259 form vmentry <vmtarget> ; # java/lang/invoke/LambdaForm$DMH+0x000001ba8101c400
instanceKlass  @bci org/eclipse/equinox/launcher/Main$Identifier <clinit> ()V 0 <appendix> argL0 ; # org/eclipse/equinox/launcher/Main$Identifier$$Lambda+0x000001ba8101a8e8
instanceKlass java/util/function/ToIntFunction
instanceKlass  @bci org/eclipse/equinox/launcher/Main findMax (Ljava/lang/String;Ljava/util/List;)Ljava/util/Optional; 18 <appendix> argL0 ; # org/eclipse/equinox/launcher/Main$$Lambda+0x000001ba8101a6a8
instanceKlass  @cpi org/eclipse/jdt/internal/launching/environments/EnvironmentsManager 653 form vmentry <vmtarget> ; # java/lang/invoke/LambdaForm$DMH+0x000001ba8101c000
instanceKlass  @bci org/eclipse/equinox/launcher/Main findMax (Ljava/lang/String;Ljava/util/List;)Ljava/util/Optional; 8 <appendix> member <vmtarget> ; # org/eclipse/equinox/launcher/Main$$Lambda+0x000001ba8101a250
instanceKlass java/util/ArrayList$ArrayListSpliterator
instanceKlass  @bci org/eclipse/jdt/internal/launching/environments/ExecutionEnvironment getProfileProperties ()Ljava/util/Properties; 62 <appendix> form vmentry <vmtarget> ; # java/lang/invoke/LambdaForm$MH+0x000001ba81019c00
instanceKlass java/util/stream/AbstractSpinedBuffer
instanceKlass java/util/stream/Node$Builder
instanceKlass java/util/stream/Node$OfDouble
instanceKlass java/util/stream/Node$OfLong
instanceKlass java/util/stream/Node$OfInt
instanceKlass java/util/stream/Node$OfPrimitive
instanceKlass java/util/stream/Nodes$EmptyNode
instanceKlass java/util/stream/Node
instanceKlass java/util/stream/Nodes
instanceKlass  @bci java/util/stream/ReferencePipeline toArray ()[Ljava/lang/Object; 1 <appendix> argL0 ; # java/util/stream/ReferencePipeline$$Lambda+0x000001ba81021ac8
instanceKlass java/util/ImmutableCollections$Access$1
instanceKlass jdk/internal/access/JavaUtilCollectionAccess
instanceKlass java/util/ImmutableCollections$Access
instanceKlass  @bci org/eclipse/equinox/launcher/Main getArrayFromList (Ljava/lang/String;)Ljava/util/List; 32 <appendix> argL0 ; # org/eclipse/equinox/launcher/Main$$Lambda+0x000001ba8101a000
instanceKlass  @bci org/eclipse/equinox/launcher/Main getArrayFromList (Ljava/lang/String;)Ljava/util/List; 22 <appendix> argL0 ; # org/eclipse/equinox/launcher/Main$$Lambda+0x000001ba81015d00
instanceKlass java/util/regex/Pattern$1MatcherIterator
instanceKlass sun/net/www/MimeEntry
instanceKlass java/util/Hashtable$Enumerator
instanceKlass java/util/Collections$SynchronizedCollection
instanceKlass java/util/Properties$EntrySet
instanceKlass sun/net/www/MimeTable$DefaultInstanceHolder$1
instanceKlass sun/net/www/MimeTable$DefaultInstanceHolder
instanceKlass sun/net/www/MimeTable$2
instanceKlass sun/net/www/MimeTable$1
instanceKlass sun/net/www/MimeTable
instanceKlass java/net/URLConnection$1
instanceKlass java/net/FileNameMap
instanceKlass  @bci org/eclipse/equinox/launcher/Main getInstallLocation ()Ljava/net/URL; 287 <appendix> form vmentry <vmtarget> ; # java/lang/invoke/LambdaForm$MH+0x000001ba81019800
# instanceKlass java/lang/invoke/LambdaForm$MH+0x000001ba81019400
instanceKlass  @bci org/eclipse/equinox/launcher/Main getInstallLocation ()Ljava/net/URL; 287 <appendix> argL3 form vmentry <vmtarget> ; # java/lang/invoke/LambdaForm$MH+0x000001ba81019000
# instanceKlass java/lang/invoke/LambdaForm$MH+0x000001ba81018c00
# instanceKlass java/lang/invoke/LambdaForm$MH+0x000001ba81018800
# instanceKlass java/lang/invoke/LambdaForm$MH+0x000001ba81018400
# instanceKlass java/lang/invoke/LambdaForm$MH+0x000001ba81018000
instanceKlass  @bci org/eclipse/equinox/launcher/Main getInstallLocation ()Ljava/net/URL; 287 <appendix> argL1 form vmentry <vmtarget> ; # java/lang/invoke/LambdaForm$MH+0x000001ba81017c00
instanceKlass  @bci org/eclipse/jdt/internal/core/nd/java/model/BinaryModuleFactory createDescriptor (Lorg/eclipse/jdt/internal/core/PackageFragmentRoot;Lorg/eclipse/jdt/internal/core/ModularClassFile;)Lorg/eclipse/jdt/internal/core/nd/java/model/BinaryModuleDescriptor; 44 <appendix> argL1 argL0 form vmentry <vmtarget> ; # java/lang/invoke/LambdaForm$MH+0x000001ba81017800
# instanceKlass java/lang/invoke/LambdaForm$MH+0x000001ba81017400
instanceKlass  @bci org/eclipse/core/internal/resources/LocalMetaArea getSafeTableLocationFor (Ljava/lang/String;)Lorg/eclipse/core/runtime/IPath; 44 <appendix> argL1 argL1 form vmentry <vmtarget> ; # java/lang/invoke/LambdaForm$MH+0x000001ba81017000
# instanceKlass java/lang/invoke/LambdaForm$MH+0x000001ba81016c00
# instanceKlass java/lang/invoke/LambdaForm$MH+0x000001ba81016800
instanceKlass java/lang/Long$LongCache
# instanceKlass java/lang/invoke/LambdaForm$MH+0x000001ba81016400
instanceKlass java/util/Collections$3
instanceKlass jdk/internal/loader/URLClassPath$1
instanceKlass java/lang/CompoundEnumeration
instanceKlass jdk/internal/loader/BuiltinClassLoader$1
instanceKlass java/util/Collections$EmptyEnumeration
instanceKlass java/util/ServiceLoader$3
instanceKlass java/util/ServiceLoader$2
instanceKlass java/util/ServiceLoader$LazyClassPathLookupIterator
instanceKlass java/util/Spliterators$1Adapter
instanceKlass java/util/Spliterators$ArraySpliterator
instanceKlass java/util/ServiceLoader$ModuleServicesLookupIterator
instanceKlass java/util/ServiceLoader
instanceKlass java/net/spi/URLStreamHandlerProvider
instanceKlass java/net/URL$1
instanceKlass java/net/URL$2
instanceKlass java/net/URL$ThreadTrackHolder
instanceKlass  @bci org/eclipse/equinox/launcher/Main basicRun ([Ljava/lang/String;)V 29 <appendix> argL0 ; # org/eclipse/equinox/launcher/Main$$Lambda+0x000001ba81015ae0
instanceKlass java/util/function/IntFunction
instanceKlass  @bci org/eclipse/equinox/launcher/Main processCommandLine (Ljava/util/List;)Ljava/util/List; 832 <appendix> argL0 ; # org/eclipse/equinox/launcher/Main$$Lambda+0x000001ba810158b0
instanceKlass  @cpi org/eclipse/core/internal/events/NotificationManager$NotifyJob 101 form vmentry <vmtarget> ; # java/lang/invoke/LambdaForm$DMH+0x000001ba81016000
instanceKlass  @bci java/util/ArrayDeque copyElements (Ljava/util/Collection;)V 2 <appendix> member <vmtarget> ; # java/util/ArrayDeque$$Lambda+0x000001ba8107f178
instanceKlass java/lang/Thread$ThreadNumbering
instanceKlass java/nio/file/attribute/PosixFilePermissions
instanceKlass java/security/Policy
instanceKlass jdk/internal/misc/PreviewFeatures
instanceKlass jdk/internal/misc/MainMethodFinder
instanceKlass org/eclipse/equinox/launcher/Main
instanceKlass sun/security/util/ManifestEntryVerifier$SunProviderHolder
instanceKlass java/util/Base64$Encoder
instanceKlass java/util/Base64$Decoder
instanceKlass java/util/Base64
instanceKlass javax/crypto/SecretKey
instanceKlass sun/security/util/Length
instanceKlass sun/security/util/KeyUtil
instanceKlass java/security/interfaces/XECKey
instanceKlass java/security/interfaces/ECKey
instanceKlass sun/security/util/JarConstraintsParameters
instanceKlass sun/security/util/ConstraintsParameters
instanceKlass java/security/CodeSigner
instanceKlass java/security/Timestamp
instanceKlass sun/security/timestamp/TimestampToken
instanceKlass java/security/cert/CertPath
# instanceKlass java/lang/invoke/LambdaForm$MH+0x000001ba81014c00
instanceKlass java/math/MutableBigInteger
instanceKlass sun/security/rsa/RSAPadding
instanceKlass sun/security/rsa/RSACore
instanceKlass java/security/interfaces/RSAPrivateCrtKey
instanceKlass sun/security/pkcs/PKCS8Key
instanceKlass sun/security/util/InternalPrivateKey
instanceKlass java/security/interfaces/RSAPrivateKey
instanceKlass java/security/PrivateKey
instanceKlass javax/security/auth/Destroyable
instanceKlass jdk/internal/icu/util/CodePointTrie$Data
instanceKlass jdk/internal/icu/util/CodePointMap
instanceKlass jdk/internal/icu/util/VersionInfo
instanceKlass  @bci jdk/internal/module/SystemModuleFinders$SystemModuleReader open (Ljava/lang/String;)Ljava/util/Optional; 6 <appendix> member <vmtarget> ; # jdk/internal/module/SystemModuleFinders$SystemModuleReader$$Lambda+0x000001ba81077188
instanceKlass jdk/internal/jimage/decompressor/ZipDecompressor
instanceKlass jdk/internal/jimage/decompressor/ResourceDecompressor
instanceKlass jdk/internal/jimage/decompressor/ResourceDecompressorFactory
instanceKlass jdk/internal/jimage/decompressor/ResourceDecompressorRepository
instanceKlass jdk/internal/jimage/decompressor/CompressedResourceHeader
instanceKlass  @bci jdk/internal/jimage/BasicImageReader getResourceBuffer (Ljdk/internal/jimage/ImageLocation;)Ljava/nio/ByteBuffer; 168 <appendix> member <vmtarget> ; # jdk/internal/jimage/BasicImageReader$$Lambda+0x000001ba810760c8
instanceKlass jdk/internal/jimage/decompressor/ResourceDecompressor$StringsProvider
instanceKlass java/util/TimSort
instanceKlass java/util/Arrays$LegacyMergeSort
instanceKlass java/util/AbstractMap$SimpleEntry
instanceKlass jdk/internal/jimage/ImageBufferCache$2
instanceKlass jdk/internal/jimage/ImageBufferCache
instanceKlass jdk/internal/module/Checks
instanceKlass jdk/internal/icu/impl/ICUBinary$1
instanceKlass jdk/internal/icu/impl/ICUBinary
instanceKlass jdk/internal/icu/impl/NormalizerImpl$IsAcceptable
instanceKlass jdk/internal/icu/impl/ICUBinary$Authenticate
instanceKlass jdk/internal/icu/impl/NormalizerImpl
instanceKlass jdk/internal/icu/impl/Norm2AllModes$Norm2AllModesSingleton
instanceKlass jdk/internal/icu/impl/Norm2AllModes$NFKCSingleton
instanceKlass jdk/internal/icu/impl/Norm2AllModes
instanceKlass jdk/internal/icu/text/Normalizer2
instanceKlass jdk/internal/icu/text/NormalizerBase$ModeImpl
instanceKlass jdk/internal/icu/text/NormalizerBase$NFKDModeImpl
instanceKlass jdk/internal/icu/text/NormalizerBase$1
instanceKlass jdk/internal/icu/text/NormalizerBase$Mode
instanceKlass jdk/internal/icu/text/NormalizerBase
instanceKlass java/text/Normalizer
instanceKlass sun/security/x509/AVAKeyword
instanceKlass java/util/StringJoiner
instanceKlass java/security/Signature$1
instanceKlass jdk/internal/access/JavaSecuritySignatureAccess
instanceKlass java/security/SignatureSpi
instanceKlass sun/security/util/SignatureUtil
instanceKlass java/lang/invoke/VarHandle$AccessDescriptor
instanceKlass sun/security/provider/ByteArrayAccess$BE
instanceKlass sun/security/provider/ByteArrayAccess
instanceKlass sun/security/util/MessageDigestSpi2
instanceKlass sun/security/util/SecurityProperties
instanceKlass sun/security/util/CryptoAlgorithmConstraints$CryptoHolder
instanceKlass java/security/MessageDigestSpi
instanceKlass sun/security/pkcs/SigningCertificateInfo$ESSCertId
instanceKlass sun/security/pkcs/SigningCertificateInfo
instanceKlass sun/security/pkcs/PKCS9Attribute
instanceKlass sun/security/pkcs/PKCS9Attributes
instanceKlass java/time/Instant
instanceKlass java/time/zone/ZoneOffsetTransition
instanceKlass java/time/LocalTime
instanceKlass java/time/temporal/ValueRange
instanceKlass java/time/Duration
instanceKlass java/time/temporal/TemporalAmount
instanceKlass java/time/temporal/TemporalUnit
instanceKlass java/time/temporal/TemporalField
instanceKlass java/time/LocalDate
instanceKlass java/time/chrono/ChronoLocalDate
instanceKlass java/time/ZonedDateTime
instanceKlass java/time/chrono/ChronoZonedDateTime
instanceKlass java/time/LocalDateTime
instanceKlass java/time/chrono/ChronoLocalDateTime
instanceKlass java/time/temporal/Temporal
instanceKlass java/time/zone/ZoneOffsetTransitionRule
instanceKlass java/time/zone/ZoneRules
instanceKlass java/time/temporal/TemporalAdjuster
instanceKlass java/time/temporal/TemporalAccessor
instanceKlass java/time/ZoneId
instanceKlass  @bci java/util/regex/CharPredicates ASCII_DIGIT ()Ljava/util/regex/Pattern$BmpCharPredicate; 0 <appendix> argL0 ; # java/util/regex/CharPredicates$$Lambda+0x800000024
instanceKlass  @bci java/util/regex/CharPredicates ASCII_SPACE ()Ljava/util/regex/Pattern$BmpCharPredicate; 0 <appendix> argL0 ; # java/util/regex/CharPredicates$$Lambda+0x800000025
instanceKlass java/util/regex/CharPredicates
instanceKlass sun/security/util/DisabledAlgorithmConstraints$Constraints$Holder
instanceKlass sun/security/util/DisabledAlgorithmConstraints$Constraint
instanceKlass java/util/StringTokenizer
instanceKlass java/security/spec/ECFieldF2m
instanceKlass java/security/spec/ECParameterSpec
instanceKlass java/security/spec/ECPoint
instanceKlass java/security/spec/EllipticCurve
instanceKlass java/security/spec/ECFieldFp
instanceKlass java/security/spec/ECField
instanceKlass sun/security/util/CurveDB
instanceKlass sun/security/util/DisabledAlgorithmConstraints$Constraints
instanceKlass java/util/TreeMap$PrivateEntryIterator
instanceKlass java/util/NavigableSet
instanceKlass java/util/SortedSet
instanceKlass sun/security/util/AbstractAlgorithmConstraints$1
instanceKlass sun/security/util/AlgorithmDecomposer
instanceKlass sun/security/util/DisabledAlgorithmConstraints$JarHolder
instanceKlass  @bci java/util/regex/Pattern DOT ()Ljava/util/regex/Pattern$CharPredicate; 0 <appendix> argL0 ; # java/util/regex/Pattern$$Lambda+0x000001ba81068558
instanceKlass java/util/regex/ASCII
instanceKlass sun/security/util/AbstractAlgorithmConstraints
instanceKlass java/security/AlgorithmConstraints
instanceKlass sun/security/pkcs/SignerInfo
instanceKlass java/security/cert/PolicyQualifierInfo
instanceKlass sun/security/x509/CertificatePolicyId
instanceKlass sun/security/x509/PolicyInformation
instanceKlass sun/security/x509/DistributionPoint
instanceKlass sun/security/x509/DNSName
instanceKlass sun/security/x509/URIName
instanceKlass sun/security/x509/GeneralName
instanceKlass sun/security/x509/AccessDescription
instanceKlass sun/security/x509/GeneralNames
instanceKlass java/lang/invoke/VarForm
instanceKlass java/lang/invoke/VarHandleGuards
instanceKlass java/lang/invoke/VarHandles
instanceKlass java/lang/System$Logger
instanceKlass jdk/internal/event/EventHelper
instanceKlass sun/security/jca/JCAUtil
instanceKlass sun/security/util/MemoryCache$CacheEntry
instanceKlass sun/security/x509/KeyIdentifier
instanceKlass java/util/TreeMap$Entry
# instanceKlass java/lang/invoke/LambdaForm$MH+0x000001ba81014800
instanceKlass sun/security/x509/OIDMap$OIDInfo
instanceKlass sun/security/x509/PKIXExtensions
instanceKlass sun/security/x509/OIDMap
instanceKlass sun/security/x509/Extension
instanceKlass java/security/cert/Extension
instanceKlass java/util/Collections$SynchronizedMap
instanceKlass java/util/NavigableMap
instanceKlass java/util/SortedMap
instanceKlass sun/security/x509/CertificateExtensions
instanceKlass sun/security/rsa/RSAUtil
instanceKlass java/security/interfaces/RSAPublicKey
instanceKlass java/security/interfaces/RSAKey
instanceKlass java/security/spec/PSSParameterSpec
instanceKlass java/security/spec/AlgorithmParameterSpec
instanceKlass java/security/spec/RSAPrivateKeySpec
instanceKlass java/security/spec/RSAPublicKeySpec
instanceKlass java/security/KeyFactorySpi
instanceKlass sun/security/rsa/SunRsaSignEntries
instanceKlass sun/security/jca/ProviderList$ServiceList$1
instanceKlass java/security/KeyFactory
instanceKlass  @bci java/security/spec/EncodedKeySpec <clinit> ()V 0 <appendix> argL0 ; # java/security/spec/EncodedKeySpec$$Lambda+0x000001ba8105eb50
instanceKlass  @cpi org/eclipse/jdt/internal/core/search/processing/JobManager 551 form vmentry <vmtarget> ; # java/lang/invoke/LambdaForm$DMH+0x000001ba81014400
instanceKlass jdk/internal/access/JavaSecuritySpecAccess
instanceKlass java/security/spec/EncodedKeySpec
instanceKlass java/security/spec/KeySpec
instanceKlass sun/security/util/BitArray
instanceKlass sun/security/x509/X509Key
instanceKlass java/security/PublicKey
instanceKlass java/security/Key
instanceKlass sun/security/x509/CertificateX509Key
instanceKlass java/util/Date
instanceKlass sun/util/calendar/CalendarUtils
instanceKlass sun/util/calendar/CalendarDate
instanceKlass sun/util/calendar/CalendarSystem$GregorianHolder
instanceKlass sun/util/calendar/CalendarSystem
instanceKlass sun/security/x509/CertificateValidity
instanceKlass sun/security/x509/AVA
instanceKlass sun/security/x509/RDN
instanceKlass javax/security/auth/x500/X500Principal
instanceKlass  @bci sun/security/x509/X500Name <clinit> ()V 153 <appendix> argL0 ; # sun/security/x509/X500Name$$Lambda+0x000001ba8105c648
instanceKlass sun/security/x509/X500Name
instanceKlass sun/security/x509/GeneralNameInterface
instanceKlass sun/security/x509/CertificateAlgorithmId
instanceKlass sun/security/x509/SerialNumber
instanceKlass sun/security/x509/CertificateSerialNumber
instanceKlass sun/security/x509/CertificateVersion
instanceKlass sun/security/x509/X509CertInfo
instanceKlass sun/security/util/Cache$EqualByteArray
instanceKlass java/security/cert/X509Extension
instanceKlass java/lang/Byte$ByteCache
instanceKlass  @bci sun/security/util/DerInputStream seeOptionalContextSpecific (I)Z 2 <appendix> member <vmtarget> ; # sun/security/util/DerInputStream$$Lambda+0x000001ba81059f78
instanceKlass  @cpi sun/security/util/DerInputStream 295 form vmentry <vmtarget> ; # java/lang/invoke/LambdaForm$DMH+0x000001ba81014000
instanceKlass sun/security/jca/GetInstance$Instance
instanceKlass sun/security/util/Cache
instanceKlass jdk/internal/event/Event
instanceKlass sun/security/jca/GetInstance
instanceKlass java/security/cert/CertificateFactorySpi
instanceKlass java/security/cert/CertificateFactory
instanceKlass sun/security/x509/AlgorithmId
instanceKlass sun/security/util/ByteArrayTagOrder
instanceKlass sun/security/util/ByteArrayLexOrder
instanceKlass sun/security/util/DerValue
instanceKlass sun/security/util/ObjectIdentifier
instanceKlass sun/security/pkcs/ContentInfo
instanceKlass sun/security/util/DerEncoder
instanceKlass sun/security/util/DerInputStream
instanceKlass sun/security/pkcs/PKCS7
instanceKlass java/util/Collections$EmptyIterator
instanceKlass java/util/LinkedHashMap$LinkedHashIterator
instanceKlass sun/security/util/SecurityProviderConstants
instanceKlass java/security/Provider$UString
instanceKlass java/security/Provider$Service
instanceKlass sun/security/provider/NativePRNG$NonBlocking
instanceKlass sun/security/provider/NativePRNG$Blocking
instanceKlass sun/security/provider/NativePRNG
instanceKlass sun/security/provider/SunEntries$1
instanceKlass sun/security/provider/SunEntries
instanceKlass sun/security/util/SecurityConstants
instanceKlass java/security/Security$1
instanceKlass jdk/internal/access/JavaSecurityPropertiesAccess
instanceKlass java/util/concurrent/ConcurrentHashMap$MapEntry
instanceKlass java/io/FileInputStream$1
instanceKlass java/util/Properties$LineReader
instanceKlass  @bci java/security/Security <clinit> ()V 9 <appendix> argL0 ; # java/security/Security$$Lambda+0x80000000b
instanceKlass java/security/Security
instanceKlass sun/security/jca/ProviderList$2
instanceKlass jdk/internal/math/FloatingDecimal$ASCIIToBinaryBuffer
instanceKlass jdk/internal/math/FloatingDecimal$PreparedASCIIToBinaryBuffer
instanceKlass jdk/internal/math/FloatingDecimal$ASCIIToBinaryConverter
instanceKlass jdk/internal/math/FloatingDecimal$BinaryToASCIIBuffer
instanceKlass jdk/internal/math/FloatingDecimal$ExceptionalBinaryToASCIIBuffer
instanceKlass jdk/internal/math/FloatingDecimal$BinaryToASCIIConverter
instanceKlass jdk/internal/math/FloatingDecimal
instanceKlass javax/security/auth/login/Configuration$Parameters
instanceKlass java/security/Policy$Parameters
instanceKlass java/security/cert/CertStoreParameters
instanceKlass java/security/SecureRandomParameters
instanceKlass java/security/Provider$EngineDescription
instanceKlass java/security/Provider$ServiceKey
instanceKlass sun/security/jca/ProviderConfig
instanceKlass sun/security/jca/ProviderList
instanceKlass sun/security/jca/Providers
instanceKlass  @bci sun/security/util/ManifestDigester <init> ([B)V 350 <appendix> argL0 ; # sun/security/util/ManifestDigester$$Lambda+0x000001ba8104d980
instanceKlass sun/security/util/ManifestDigester$Section
instanceKlass sun/security/util/ManifestDigester$Entry
instanceKlass sun/security/util/ManifestDigester$Position
instanceKlass sun/security/util/ManifestDigester
instanceKlass sun/security/util/ManifestEntryVerifier
instanceKlass jdk/internal/misc/ThreadTracker
instanceKlass java/util/jar/JarFile$ThreadTrackHolder
instanceKlass java/util/jar/JarVerifier
instanceKlass sun/nio/cs/ArrayDecoder
instanceKlass java/nio/charset/CharsetDecoder
instanceKlass sun/launcher/LauncherHelper
instanceKlass lombok/patcher/scripts/ScriptBuilder$SetSymbolDuringMethodCallBuilder
instanceKlass lombok/patcher/scripts/ScriptBuilder$ReplaceMethodCallBuilder
instanceKlass lombok/eclipse/agent/EclipsePatcher$4
instanceKlass lombok/eclipse/agent/EclipsePatcher$3
instanceKlass lombok/patcher/scripts/ScriptBuilder$WrapMethodCallBuilder
instanceKlass lombok/patcher/ScriptManager$WitnessAction
instanceKlass lombok/patcher/scripts/ScriptBuilder$WrapReturnValueBuilder
instanceKlass lombok/patcher/ClassRootFinder
instanceKlass lombok/patcher/scripts/ScriptBuilder$AddFieldBuilder
instanceKlass java/util/Collections$1
instanceKlass lombok/patcher/PatchScript$MethodPatcherFactory
instanceKlass org/lombokweb/asm/ClassVisitor
instanceKlass lombok/patcher/Hook
instanceKlass  @bci java/util/regex/Pattern negate (Ljava/util/regex/Pattern$CharPredicate;)Ljava/util/regex/Pattern$CharPredicate; 1 <appendix> member <vmtarget> ; # java/util/regex/Pattern$$Lambda+0x800000030
instanceKlass java/util/regex/Pattern$BitClass
instanceKlass lombok/patcher/MethodTarget
instanceKlass lombok/patcher/scripts/ScriptBuilder$ExitEarlyBuilder
instanceKlass lombok/patcher/scripts/ScriptBuilder
instanceKlass lombok/eclipse/agent/EclipseLoaderPatcher
instanceKlass lombok/eclipse/agent/EclipsePatcher$2
instanceKlass lombok/eclipse/agent/EclipsePatcher$1
# instanceKlass java/lang/invoke/LambdaForm$MH+0x000001ba8100d800
# instanceKlass java/lang/invoke/LambdaForm$MH+0x000001ba8100d400
# instanceKlass java/lang/invoke/LambdaForm$MH+0x000001ba8100d000
# instanceKlass java/lang/invoke/LambdaForm$MH+0x000001ba8100cc00
# instanceKlass java/lang/invoke/LambdaForm$BMH+0x000001ba8100c800
# instanceKlass java/lang/invoke/LambdaForm$DMH+0x000001ba8100c400
# instanceKlass java/lang/invoke/LambdaForm$DMH+0x000001ba8100c000
instanceKlass java/lang/instrument/ClassDefinition
instanceKlass lombok/patcher/ScriptManager$OurClassFileTransformer
instanceKlass lombok/patcher/Filter$1
instanceKlass lombok/patcher/TransplantMapper$1
instanceKlass java/lang/instrument/ClassFileTransformer
instanceKlass lombok/patcher/ScriptManager
instanceKlass lombok/patcher/TransplantMapper
instanceKlass lombok/patcher/Filter
instanceKlass lombok/patcher/PatchScript
instanceKlass lombok/patcher/TargetMatcher
instanceKlass lombok/eclipse/agent/EclipsePatcher
instanceKlass lombok/core/AgentLauncher$AgentLaunchable
# instanceKlass java/lang/invoke/LambdaForm$MH+0x000001ba81008c00
# instanceKlass java/lang/invoke/LambdaForm$MH+0x000001ba81008800
# instanceKlass java/lang/invoke/LambdaForm$MH+0x000001ba81008400
# instanceKlass java/lang/invoke/LambdaForm$MH+0x000001ba81008000
# instanceKlass java/lang/invoke/LambdaForm$DMH+0x000001ba81007c00
# instanceKlass java/lang/invoke/LambdaForm$DMH+0x000001ba81007800
# instanceKlass java/lang/invoke/LambdaForm$DMH+0x000001ba81007400
instanceKlass java/lang/ClassValue$Version
instanceKlass java/lang/ClassValue$Identity
instanceKlass java/lang/ClassValue
instanceKlass java/lang/invoke/MethodHandleImpl$ArrayAccessor
instanceKlass java/lang/invoke/MethodHandleImpl$LoopClauses
instanceKlass java/lang/invoke/MethodHandleImpl$CasesHolder
# instanceKlass java/lang/invoke/LambdaForm$MH+0x000001ba81007000
instanceKlass  @cpi com/google/inject/spi/BindingSourceRestriction$PermitMapConstruction 106 form vmentry <vmtarget> ; # java/lang/invoke/LambdaForm$DMH+0x000001ba81006c00
# instanceKlass java/lang/invoke/LambdaForm$MH+0x000001ba81006800
# instanceKlass java/lang/invoke/LambdaForm$MH+0x000001ba81006400
# instanceKlass java/lang/invoke/LambdaForm$MH+0x000001ba81006000
# instanceKlass java/lang/invoke/LambdaForm$BMH+0x000001ba81005c00
# instanceKlass java/lang/invoke/LambdaForm$DMH+0x000001ba81005800
# instanceKlass java/lang/invoke/LambdaForm$MH+0x000001ba81005400
# instanceKlass java/lang/invoke/LambdaForm$DMH+0x000001ba81005000
instanceKlass java/lang/invoke/ClassSpecializer$Factory$1Var
instanceKlass java/lang/invoke/MethodHandles$1
# instanceKlass java/lang/invoke/LambdaForm$DMH+0x000001ba81004c00
instanceKlass sun/invoke/util/ValueConversions$1
instanceKlass sun/invoke/util/ValueConversions$WrapperCache
# instanceKlass java/lang/invoke/LambdaForm$DMH+0x000001ba81004800
instanceKlass jdk/internal/foreign/MemorySessionImpl
instanceKlass java/lang/foreign/MemorySegment$Scope
instanceKlass lombok/core/AgentLauncher$AgentInfo
instanceKlass lombok/core/AgentLauncher
instanceKlass java/util/IdentityHashMap$IdentityHashMapIterator
instanceKlass lombok/launch/ClassFileMetaData
instanceKlass sun/net/www/MessageHeader
instanceKlass sun/net/www/protocol/jar/JarFileFactory
instanceKlass sun/net/www/protocol/jar/URLJarFile$URLJarFileCloseController
instanceKlass java/net/URLConnection
instanceKlass java/util/zip/ZipFile$ZipEntryIterator
instanceKlass java/util/WeakHashMap$HashIterator
instanceKlass java/net/URLDecoder
instanceKlass java/util/regex/IntHashSet
instanceKlass java/util/regex/Matcher
instanceKlass java/util/regex/MatchResult
instanceKlass java/util/regex/Pattern$TreeInfo
instanceKlass  @bci java/util/regex/Pattern Single (I)Ljava/util/regex/Pattern$BmpCharPredicate; 1 <appendix> member <vmtarget> ; # java/util/regex/Pattern$$Lambda+0x800000028
instanceKlass java/util/regex/Pattern$BmpCharPredicate
instanceKlass java/util/regex/Pattern$CharPredicate
instanceKlass java/util/regex/Pattern$Node
instanceKlass java/util/regex/Pattern
instanceKlass jdk/internal/jimage/ImageLocation
instanceKlass jdk/internal/jimage/decompressor/Decompressor
instanceKlass jdk/internal/jimage/ImageStringsReader
instanceKlass jdk/internal/jimage/ImageStrings
instanceKlass jdk/internal/jimage/ImageHeader
instanceKlass jdk/internal/jimage/NativeImageBuffer$1
instanceKlass jdk/internal/jimage/NativeImageBuffer
instanceKlass jdk/internal/jimage/BasicImageReader$1
instanceKlass jdk/internal/jimage/BasicImageReader
instanceKlass jdk/internal/jimage/ImageReader
instanceKlass jdk/internal/jimage/ImageReaderFactory$1
instanceKlass java/net/URI$Parser
instanceKlass java/nio/file/FileSystems$DefaultFileSystemHolder$1
instanceKlass java/nio/file/FileSystems$DefaultFileSystemHolder
instanceKlass java/nio/file/FileSystems
instanceKlass java/nio/file/Paths
instanceKlass jdk/internal/jimage/ImageReaderFactory
instanceKlass jdk/internal/module/SystemModuleFinders$SystemImage
instanceKlass jdk/internal/module/SystemModuleFinders$SystemModuleReader
instanceKlass java/lang/module/ModuleReader
instanceKlass jdk/internal/loader/BuiltinClassLoader$5
instanceKlass jdk/internal/loader/BuiltinClassLoader$2
instanceKlass jdk/internal/module/Resources
instanceKlass java/util/Arrays$ArrayItr
instanceKlass lombok/launch/PackageShader
instanceKlass java/io/Reader
instanceKlass java/lang/Readable
instanceKlass lombok/launch/Main
instanceKlass  @bci jdk/internal/reflect/DirectMethodHandleAccessor invokeImpl (Ljava/lang/Object;[Ljava/lang/Object;Ljava/lang/Class;)Ljava/lang/Object; 136 <adapter> ; # java/lang/invoke/LambdaForm$MH+0x000001ba81002c00
# instanceKlass java/lang/invoke/LambdaForm$MH+0x000001ba81002800
# instanceKlass java/lang/invoke/LambdaForm$MH+0x000001ba81002400
# instanceKlass java/lang/invoke/LambdaForm$MH+0x000001ba81002000
instanceKlass  @bci org/eclipse/jdt/ls/core/internal/handlers/BaseInitHandler initialize (Lorg/eclipse/lsp4j/InitializeParams;)Lorg/eclipse/lsp4j/InitializeResult; 9 <appendix> form vmentry <vmtarget> ; # java/lang/invoke/LambdaForm$MH+0x000001ba81001c00
# instanceKlass java/lang/invoke/LambdaForm$MH+0x000001ba81001800
instanceKlass sun/instrument/InstrumentationImpl$1
instanceKlass lombok/launch/Agent
instanceKlass java/security/SecureClassLoader$DebugHolder
instanceKlass java/security/Permission
instanceKlass java/security/Guard
instanceKlass java/security/PermissionCollection
instanceKlass java/security/SecureClassLoader$1
instanceKlass java/util/zip/Checksum$1
instanceKlass java/util/zip/CRC32
instanceKlass java/util/zip/Checksum
instanceKlass sun/nio/ByteBuffered
instanceKlass java/lang/Package$VersionInfo
instanceKlass java/lang/NamedPackage
instanceKlass java/util/jar/Attributes$Name
instanceKlass java/util/jar/Attributes
instanceKlass jdk/internal/loader/Resource
instanceKlass sun/security/action/GetIntegerAction
instanceKlass sun/security/util/Debug
instanceKlass sun/security/util/SignatureFileVerifier
instanceKlass java/util/zip/ZipFile$InflaterCleanupAction
instanceKlass java/util/zip/Inflater$InflaterZStreamRef
instanceKlass java/util/zip/Inflater
instanceKlass java/util/zip/ZipEntry
instanceKlass java/util/zip/ZipFile$2
instanceKlass java/nio/Bits$1
instanceKlass jdk/internal/misc/VM$BufferPool
instanceKlass java/nio/Bits
instanceKlass sun/nio/ch/DirectBuffer
instanceKlass jdk/internal/perf/PerfCounter$CoreCounters
instanceKlass jdk/internal/perf/Perf
instanceKlass jdk/internal/perf/Perf$GetPerfAction
instanceKlass jdk/internal/perf/PerfCounter
instanceKlass sun/util/locale/LocaleUtils
instanceKlass sun/util/locale/BaseLocale
instanceKlass java/util/Locale
instanceKlass java/nio/file/attribute/FileTime
instanceKlass java/lang/StringCoding
instanceKlass java/util/zip/ZipUtils
instanceKlass java/util/zip/ZipFile$Source$End
instanceKlass java/io/RandomAccessFile$2
instanceKlass jdk/internal/access/JavaIORandomAccessFileAccess
instanceKlass java/io/RandomAccessFile
instanceKlass java/io/DataInput
instanceKlass java/io/DataOutput
instanceKlass sun/nio/fs/WindowsNativeDispatcher$CompletionStatus
instanceKlass sun/nio/fs/WindowsNativeDispatcher$AclInformation
instanceKlass sun/nio/fs/WindowsNativeDispatcher$Account
instanceKlass sun/nio/fs/WindowsNativeDispatcher$DiskFreeSpace
instanceKlass sun/nio/fs/WindowsNativeDispatcher$VolumeInformation
instanceKlass sun/nio/fs/WindowsNativeDispatcher$FirstStream
instanceKlass sun/nio/fs/WindowsNativeDispatcher$FirstFile
instanceKlass java/util/Enumeration
instanceKlass java/util/concurrent/ConcurrentHashMap$Traverser
instanceKlass sun/nio/fs/WindowsNativeDispatcher
instanceKlass sun/nio/fs/NativeBuffer$Deallocator
instanceKlass sun/nio/fs/NativeBuffer
instanceKlass java/lang/ThreadLocal$ThreadLocalMap
instanceKlass java/lang/ThreadLocal
instanceKlass sun/nio/fs/NativeBuffers
instanceKlass sun/nio/fs/WindowsFileAttributes
instanceKlass java/nio/file/attribute/DosFileAttributes
instanceKlass sun/nio/fs/AbstractBasicFileAttributeView
instanceKlass sun/nio/fs/DynamicFileAttributeView
instanceKlass sun/nio/fs/WindowsFileAttributeViews
instanceKlass sun/nio/fs/Util
instanceKlass java/nio/file/attribute/BasicFileAttributeView
instanceKlass java/nio/file/attribute/FileAttributeView
instanceKlass java/nio/file/attribute/AttributeView
instanceKlass java/nio/file/Files
instanceKlass java/nio/file/CopyOption
instanceKlass java/nio/file/attribute/BasicFileAttributes
instanceKlass sun/nio/fs/WindowsPath
instanceKlass java/util/zip/ZipFile$Source$Key
instanceKlass java/util/concurrent/ForkJoinPool$ManagedBlocker
instanceKlass sun/nio/fs/WindowsPathParser$Result
instanceKlass java/util/concurrent/locks/AbstractQueuedSynchronizer$Node
instanceKlass sun/nio/fs/WindowsPathParser
instanceKlass java/nio/file/FileSystem
instanceKlass java/nio/file/OpenOption
instanceKlass java/nio/file/spi/FileSystemProvider
instanceKlass sun/nio/fs/DefaultFileSystemProvider
instanceKlass java/util/zip/ZipFile$Source
instanceKlass java/lang/ref/Cleaner$Cleanable
instanceKlass jdk/internal/ref/CleanerImpl
instanceKlass java/lang/ref/Cleaner$1
instanceKlass java/lang/ref/Cleaner
instanceKlass jdk/internal/ref/CleanerFactory$1
instanceKlass java/util/concurrent/ThreadFactory
instanceKlass jdk/internal/ref/CleanerFactory
instanceKlass java/util/zip/ZipCoder
instanceKlass java/util/zip/ZipFile$CleanableResource
instanceKlass java/lang/Runtime$Version
instanceKlass java/util/jar/JavaUtilJarAccessImpl
instanceKlass jdk/internal/access/JavaUtilJarAccess
instanceKlass jdk/internal/loader/FileURLMapper
instanceKlass jdk/internal/loader/URLClassPath$JarLoader$1
instanceKlass java/util/zip/ZipFile$1
instanceKlass jdk/internal/access/JavaUtilZipFileAccess
instanceKlass java/util/zip/ZipFile
instanceKlass java/util/zip/ZipConstants
instanceKlass jdk/internal/loader/URLClassPath$Loader
instanceKlass jdk/internal/loader/URLClassPath$3
instanceKlass java/security/PrivilegedExceptionAction
instanceKlass sun/net/util/URLUtil
instanceKlass sun/instrument/TransformerManager$TransformerInfo
instanceKlass sun/instrument/TransformerManager
instanceKlass jdk/internal/loader/NativeLibraries$3
instanceKlass jdk/internal/loader/NativeLibrary
instanceKlass java/util/ArrayDeque$DeqIterator
instanceKlass jdk/internal/loader/NativeLibraries$NativeLibraryContext$1
instanceKlass jdk/internal/loader/NativeLibraries$NativeLibraryContext
instanceKlass jdk/internal/loader/NativeLibraries$2
instanceKlass jdk/internal/loader/NativeLibraries$1
instanceKlass jdk/internal/loader/NativeLibraries$LibraryPaths
instanceKlass  @bci sun/instrument/InstrumentationImpl <clinit> ()V 16 <appendix> argL0 ; # sun/instrument/InstrumentationImpl$$Lambda+0x000001ba81042df0
instanceKlass sun/instrument/InstrumentationImpl
instanceKlass java/lang/instrument/Instrumentation
instanceKlass java/lang/invoke/StringConcatFactory
instanceKlass jdk/internal/module/ModuleBootstrap$SafeModuleFinder
instanceKlass  @bci java/lang/WeakPairMap computeIfAbsent (Ljava/lang/Object;Ljava/lang/Object;Ljava/util/function/BiFunction;)Ljava/lang/Object; 18 <appendix> member <vmtarget> ; # java/lang/WeakPairMap$$Lambda+0x000001ba81042678
instanceKlass  @bci java/lang/Module implAddExportsOrOpens (Ljava/lang/String;Ljava/lang/Module;ZZ)V 145 <appendix> argL0 ; # java/lang/Module$$Lambda+0x000001ba81041d20
instanceKlass  @bci jdk/internal/module/ModuleBootstrap decode (Ljava/lang/String;Ljava/lang/String;Z)Ljava/util/Map; 193 <appendix> argL0 ; # jdk/internal/module/ModuleBootstrap$$Lambda+0x000001ba81041ae0
instanceKlass java/lang/ModuleLayer$Controller
instanceKlass java/util/concurrent/CopyOnWriteArrayList
instanceKlass jdk/internal/module/ServicesCatalog$ServiceProvider
instanceKlass jdk/internal/loader/AbstractClassLoaderValue$Memoizer
instanceKlass jdk/internal/module/ModuleLoaderMap$Modules
instanceKlass jdk/internal/module/ModuleLoaderMap$Mapper
instanceKlass jdk/internal/module/ModuleLoaderMap
instanceKlass java/lang/module/ResolvedModule
instanceKlass java/util/Collections$UnmodifiableCollection$1
instanceKlass java/util/SequencedMap
instanceKlass java/util/SequencedSet
instanceKlass java/lang/ModuleLayer
instanceKlass java/util/ImmutableCollections$ListItr
instanceKlass java/util/ListIterator
instanceKlass java/lang/module/ModuleFinder$1
instanceKlass java/nio/file/Path
instanceKlass java/nio/file/Watchable
instanceKlass java/lang/module/Resolver
instanceKlass java/lang/module/Configuration
instanceKlass java/util/stream/ForEachOps$ForEachOp
instanceKlass java/util/stream/ForEachOps
instanceKlass  @bci jdk/internal/module/ModuleBootstrap boot2 ()Ljava/lang/ModuleLayer; 791 <appendix> member <vmtarget> ; # jdk/internal/module/ModuleBootstrap$$Lambda+0x000001ba810410b0
instanceKlass  @cpi org/eclipse/lsp4j/jsonrpc/services/ServiceEndpoints 262 form vmentry <vmtarget> ; # java/lang/invoke/LambdaForm$DMH+0x000001ba81000c00
instanceKlass  @bci jdk/internal/module/ModuleBootstrap boot2 ()Ljava/lang/ModuleLayer; 779 <appendix> member <vmtarget> ; # jdk/internal/module/ModuleBootstrap$$Lambda+0x000001ba81040e58
instanceKlass  @bci jdk/internal/module/ModuleBootstrap boot2 ()Ljava/lang/ModuleLayer; 767 <appendix> argL0 ; # jdk/internal/module/ModuleBootstrap$$Lambda+0x000001ba81040c18
instanceKlass  @bci jdk/internal/module/ModuleBootstrap boot2 ()Ljava/lang/ModuleLayer; 757 <appendix> argL0 ; # jdk/internal/module/ModuleBootstrap$$Lambda+0x000001ba810409d8
instanceKlass  @bci java/util/stream/FindOps$FindSink$OfRef <clinit> ()V 43 <appendix> argL0 ; # java/util/stream/FindOps$FindSink$OfRef$$Lambda+0x800000047
instanceKlass  @bci java/util/stream/FindOps$FindSink$OfRef <clinit> ()V 38 <appendix> argL0 ; # java/util/stream/FindOps$FindSink$OfRef$$Lambda+0x800000049
instanceKlass  @bci java/util/stream/FindOps$FindSink$OfRef <clinit> ()V 16 <appendix> argL0 ; # java/util/stream/FindOps$FindSink$OfRef$$Lambda+0x800000048
instanceKlass  @bci java/util/stream/FindOps$FindSink$OfRef <clinit> ()V 11 <appendix> argL0 ; # java/util/stream/FindOps$FindSink$OfRef$$Lambda+0x80000004a
instanceKlass java/util/stream/FindOps$FindOp
instanceKlass java/util/stream/FindOps$FindSink
instanceKlass java/util/stream/FindOps
instanceKlass  @bci jdk/internal/module/DefaultRoots exportsAPI (Ljava/lang/module/ModuleDescriptor;)Z 9 <appendix> argL0 ; # jdk/internal/module/DefaultRoots$$Lambda+0x800000050
instanceKlass java/util/stream/Sink$ChainedReference
instanceKlass java/util/stream/ReduceOps$AccumulatingSink
instanceKlass java/util/stream/TerminalSink
instanceKlass java/util/stream/Sink
instanceKlass java/util/function/Consumer
instanceKlass java/util/stream/ReduceOps$Box
instanceKlass java/util/stream/ReduceOps$ReduceOp
instanceKlass java/util/stream/TerminalOp
instanceKlass java/util/stream/ReduceOps
instanceKlass  @bci java/util/stream/Collectors castingIdentity ()Ljava/util/function/Function; 0 <appendix> argL0 ; # java/util/stream/Collectors$$Lambda+0x800000041
instanceKlass  @bci java/util/stream/Collectors toSet ()Ljava/util/stream/Collector; 14 <appendix> argL0 ; # java/util/stream/Collectors$$Lambda+0x80000003f
instanceKlass java/util/function/BinaryOperator
instanceKlass  @bci java/util/stream/Collectors toSet ()Ljava/util/stream/Collector; 9 <appendix> argL0 ; # java/util/stream/Collectors$$Lambda+0x800000038
instanceKlass java/util/function/BiConsumer
instanceKlass  @bci java/util/stream/Collectors toSet ()Ljava/util/stream/Collector; 4 <appendix> argL0 ; # java/util/stream/Collectors$$Lambda+0x800000044
instanceKlass java/util/stream/Collector
instanceKlass java/util/Collections$UnmodifiableCollection
instanceKlass java/util/stream/Collectors
instanceKlass  @bci jdk/internal/module/DefaultRoots compute (Ljava/lang/module/ModuleFinder;Ljava/lang/module/ModuleFinder;)Ljava/util/Set; 42 <appendix> argL0 ; # jdk/internal/module/DefaultRoots$$Lambda+0x80000004d
instanceKlass  @bci jdk/internal/module/DefaultRoots compute (Ljava/lang/module/ModuleFinder;Ljava/lang/module/ModuleFinder;)Ljava/util/Set; 32 <appendix> member <vmtarget> ; # jdk/internal/module/DefaultRoots$$Lambda+0x800000051
instanceKlass  @bci jdk/internal/module/DefaultRoots compute (Ljava/lang/module/ModuleFinder;Ljava/lang/module/ModuleFinder;)Ljava/util/Set; 21 <appendix> argL0 ; # jdk/internal/module/DefaultRoots$$Lambda+0x80000004e
instanceKlass  @bci org/eclipse/jdt/internal/compiler/util/SoftClassCache$JdkClasses get (Ljava/nio/file/Path;)[B 5 <appendix> form vmentry <vmtarget> ; # java/lang/invoke/LambdaForm$MH+0x000001ba81000800
instanceKlass  @bci jdk/internal/module/DefaultRoots compute (Ljava/lang/module/ModuleFinder;Ljava/lang/module/ModuleFinder;)Ljava/util/Set; 11 <appendix> argL0 ; # jdk/internal/module/DefaultRoots$$Lambda+0x80000004f
instanceKlass java/lang/invoke/LambdaProxyClassArchive
instanceKlass java/lang/invoke/InfoFromMemberName
instanceKlass java/lang/invoke/MethodHandleInfo
instanceKlass jdk/internal/org/objectweb/asm/ConstantDynamic
instanceKlass jdk/internal/org/objectweb/asm/Handle
instanceKlass sun/security/action/GetBooleanAction
instanceKlass java/lang/invoke/AbstractValidatingLambdaMetafactory
instanceKlass java/lang/invoke/BootstrapMethodInvoker
instanceKlass java/util/function/Predicate
instanceKlass java/lang/WeakPairMap$Pair$Lookup
instanceKlass java/lang/WeakPairMap$Pair
instanceKlass java/lang/WeakPairMap
instanceKlass java/lang/Module$ReflectionData
instanceKlass java/lang/invoke/LambdaMetafactory
# instanceKlass java/lang/invoke/LambdaForm$MH+0x000001ba81000400
instanceKlass java/lang/invoke/MethodHandles$Lookup$ClassDefiner
instanceKlass java/lang/invoke/MethodHandles$Lookup$ClassFile
instanceKlass jdk/internal/org/objectweb/asm/Handler
instanceKlass jdk/internal/org/objectweb/asm/Attribute
instanceKlass jdk/internal/org/objectweb/asm/FieldVisitor
instanceKlass java/util/ArrayList$Itr
instanceKlass sun/invoke/empty/Empty
instanceKlass sun/invoke/util/VerifyType
instanceKlass java/lang/invoke/InvokerBytecodeGenerator$ClassData
instanceKlass jdk/internal/org/objectweb/asm/AnnotationVisitor
instanceKlass jdk/internal/org/objectweb/asm/Frame
instanceKlass jdk/internal/org/objectweb/asm/Label
instanceKlass jdk/internal/org/objectweb/asm/Type
instanceKlass jdk/internal/org/objectweb/asm/MethodVisitor
instanceKlass sun/invoke/util/BytecodeDescriptor
instanceKlass jdk/internal/org/objectweb/asm/ByteVector
instanceKlass jdk/internal/org/objectweb/asm/Symbol
instanceKlass jdk/internal/org/objectweb/asm/SymbolTable
instanceKlass jdk/internal/org/objectweb/asm/ClassVisitor
instanceKlass java/lang/invoke/LambdaFormBuffer
instanceKlass java/lang/invoke/LambdaFormEditor$TransformKey
instanceKlass java/lang/invoke/LambdaFormEditor
instanceKlass java/lang/invoke/Invokers$Holder
instanceKlass java/lang/invoke/DelegatingMethodHandle$Holder
instanceKlass java/lang/invoke/DirectMethodHandle$2
instanceKlass java/lang/invoke/ClassSpecializer$Factory
instanceKlass java/lang/invoke/ClassSpecializer$SpeciesData
instanceKlass java/lang/invoke/ClassSpecializer$1
instanceKlass java/lang/invoke/ClassSpecializer
instanceKlass java/lang/invoke/InvokerBytecodeGenerator$1
instanceKlass java/lang/invoke/InvokerBytecodeGenerator
instanceKlass java/lang/invoke/LambdaForm$Holder
instanceKlass java/lang/invoke/LambdaForm$Name
instanceKlass java/lang/reflect/Array
instanceKlass java/lang/invoke/Invokers
instanceKlass sun/invoke/util/ValueConversions
instanceKlass java/lang/invoke/DirectMethodHandle$Holder
instanceKlass java/lang/Void
instanceKlass sun/invoke/util/Wrapper$Format
instanceKlass java/lang/invoke/MethodHandleImpl$1
instanceKlass jdk/internal/access/JavaLangInvokeAccess
instanceKlass java/lang/invoke/LambdaForm$NamedFunction
instanceKlass java/lang/invoke/MethodHandleImpl
instanceKlass jdk/internal/reflect/MethodHandleAccessorFactory$LazyStaticHolder
instanceKlass java/lang/invoke/MethodTypeForm
instanceKlass jdk/internal/util/StrongReferenceKey
instanceKlass jdk/internal/util/ReferenceKey
instanceKlass jdk/internal/util/ReferencedKeyMap
instanceKlass java/lang/invoke/MethodType$1
instanceKlass sun/reflect/annotation/AnnotationParser
instanceKlass java/lang/Class$3
instanceKlass java/lang/PublicMethods$Key
instanceKlass java/lang/PublicMethods$MethodList
instanceKlass java/util/EnumMap$1
instanceKlass java/util/stream/StreamOpFlag$MaskBuilder
instanceKlass java/util/stream/Stream
instanceKlass java/util/stream/BaseStream
instanceKlass java/util/stream/PipelineHelper
instanceKlass java/util/stream/StreamSupport
instanceKlass java/util/Spliterators$IteratorSpliterator
instanceKlass java/util/Spliterator$OfDouble
instanceKlass java/util/Spliterator$OfLong
instanceKlass java/util/Spliterator$OfInt
instanceKlass java/util/Spliterator$OfPrimitive
instanceKlass java/util/Spliterator
instanceKlass java/util/Spliterators$EmptySpliterator
instanceKlass java/util/Spliterators
instanceKlass jdk/internal/module/DefaultRoots
instanceKlass jdk/internal/loader/BuiltinClassLoader$LoadedModule
instanceKlass jdk/internal/loader/AbstractClassLoaderValue
instanceKlass jdk/internal/module/ServicesCatalog
instanceKlass java/util/Deque
instanceKlass java/util/Queue
instanceKlass sun/net/util/IPAddressUtil$MASKS
instanceKlass sun/net/util/IPAddressUtil
instanceKlass java/net/URLStreamHandler
instanceKlass sun/net/www/ParseUtil
instanceKlass java/net/URL$3
instanceKlass jdk/internal/access/JavaNetURLAccess
instanceKlass java/net/URL$DefaultFactory
instanceKlass java/net/URLStreamHandlerFactory
instanceKlass jdk/internal/loader/URLClassPath
instanceKlass java/security/Principal
instanceKlass java/security/ProtectionDomain$Key
instanceKlass java/security/ProtectionDomain$JavaSecurityAccessImpl
instanceKlass jdk/internal/access/JavaSecurityAccess
instanceKlass java/lang/ClassLoader$ParallelLoaders
instanceKlass java/security/cert/Certificate
instanceKlass jdk/internal/loader/ArchivedClassLoaders
instanceKlass java/util/concurrent/ConcurrentHashMap$CollectionView
instanceKlass jdk/internal/loader/ClassLoaderHelper
instanceKlass jdk/internal/loader/NativeLibraries
instanceKlass java/lang/Module$EnableNativeAccess
instanceKlass jdk/internal/loader/BootLoader
instanceKlass java/util/Optional
instanceKlass jdk/internal/module/SystemModuleFinders$SystemModuleFinder
instanceKlass java/lang/module/ModuleFinder
instanceKlass jdk/internal/module/SystemModuleFinders$3
instanceKlass jdk/internal/module/ModuleHashes$HashSupplier
instanceKlass jdk/internal/module/SystemModuleFinders$2
instanceKlass java/util/function/Supplier
instanceKlass java/lang/module/ModuleReference
instanceKlass jdk/internal/module/ModuleResolution
instanceKlass java/util/Collections$UnmodifiableMap
instanceKlass jdk/internal/module/ModuleHashes$Builder
instanceKlass jdk/internal/module/ModuleHashes
instanceKlass jdk/internal/module/ModuleTarget
instanceKlass java/util/ImmutableCollections$Set12$1
instanceKlass java/lang/reflect/AccessFlag$18
instanceKlass java/lang/reflect/AccessFlag$17
instanceKlass java/lang/reflect/AccessFlag$16
instanceKlass java/lang/reflect/AccessFlag$15
instanceKlass java/lang/reflect/AccessFlag$14
instanceKlass java/lang/reflect/AccessFlag$13
instanceKlass java/lang/reflect/AccessFlag$12
instanceKlass java/lang/reflect/AccessFlag$11
instanceKlass java/lang/reflect/AccessFlag$10
instanceKlass java/lang/reflect/AccessFlag$9
instanceKlass java/lang/reflect/AccessFlag$8
instanceKlass java/lang/reflect/AccessFlag$7
instanceKlass java/lang/reflect/AccessFlag$6
instanceKlass java/lang/reflect/AccessFlag$5
instanceKlass java/lang/reflect/AccessFlag$4
instanceKlass java/lang/reflect/AccessFlag$3
instanceKlass java/lang/reflect/AccessFlag$2
instanceKlass java/lang/reflect/AccessFlag$1
instanceKlass java/lang/module/ModuleDescriptor$Version
instanceKlass java/lang/module/ModuleDescriptor$Provides
instanceKlass java/lang/module/ModuleDescriptor$Opens
instanceKlass java/util/ImmutableCollections$SetN$SetNIterator
instanceKlass java/lang/module/ModuleDescriptor$Exports
instanceKlass java/lang/module/ModuleDescriptor$Requires
instanceKlass jdk/internal/module/Builder
instanceKlass jdk/internal/module/SystemModules$all
instanceKlass jdk/internal/module/SystemModules
instanceKlass jdk/internal/module/SystemModulesMap
instanceKlass java/net/URI$1
instanceKlass jdk/internal/access/JavaNetUriAccess
instanceKlass java/net/URI
instanceKlass jdk/internal/module/SystemModuleFinders
instanceKlass jdk/internal/module/ArchivedModuleGraph
instanceKlass jdk/internal/module/ArchivedBootLayer
instanceKlass jdk/internal/module/ModuleBootstrap$Counters
instanceKlass jdk/internal/module/ModulePatcher
instanceKlass java/io/FileSystem
instanceKlass java/io/DefaultFileSystem
instanceKlass java/io/File
instanceKlass java/lang/module/ModuleDescriptor$1
instanceKlass jdk/internal/access/JavaLangModuleAccess
instanceKlass sun/invoke/util/VerifyAccess
instanceKlass java/util/KeyValueHolder
instanceKlass java/util/ImmutableCollections$MapN$MapNIterator
instanceKlass java/lang/StrictMath
instanceKlass java/lang/invoke/MethodHandles$Lookup
instanceKlass java/lang/invoke/MemberName$Factory
instanceKlass java/lang/invoke/MethodHandles
instanceKlass java/lang/module/ModuleDescriptor
instanceKlass jdk/internal/module/ModuleBootstrap
instanceKlass java/lang/Character$CharacterCache
instanceKlass java/util/HexFormat
instanceKlass jdk/internal/util/ClassFileDumper
instanceKlass sun/security/action/GetPropertyAction
instanceKlass java/lang/invoke/MethodHandleStatics
instanceKlass jdk/internal/misc/Blocker
instanceKlass java/util/concurrent/locks/AbstractQueuedSynchronizer$ConditionObject
instanceKlass java/util/concurrent/locks/Condition
instanceKlass java/util/Collections
instanceKlass java/lang/Thread$ThreadIdentifiers
instanceKlass sun/io/Win32ErrorMode
instanceKlass jdk/internal/misc/OSEnvironment
instanceKlass java/lang/Integer$IntegerCache
instanceKlass jdk/internal/misc/Signal$NativeHandler
instanceKlass java/util/Hashtable$Entry
instanceKlass jdk/internal/misc/Signal
instanceKlass java/lang/Terminator$1
instanceKlass jdk/internal/misc/Signal$Handler
instanceKlass java/lang/Terminator
instanceKlass java/nio/ByteOrder
instanceKlass java/nio/Buffer$2
instanceKlass jdk/internal/access/JavaNioAccess
instanceKlass java/nio/Buffer$1
instanceKlass jdk/internal/misc/ScopedMemoryAccess
instanceKlass java/nio/charset/CodingErrorAction
instanceKlass sun/nio/cs/SingleByte
instanceKlass java/lang/StringUTF16
instanceKlass sun/nio/cs/MS1252$Holder
instanceKlass sun/nio/cs/ArrayEncoder
instanceKlass java/nio/charset/CharsetEncoder
instanceKlass java/io/Writer
instanceKlass java/io/PrintStream$1
instanceKlass jdk/internal/access/JavaIOPrintStreamAccess
instanceKlass jdk/internal/misc/InternalLock
instanceKlass java/io/OutputStream
instanceKlass java/io/Flushable
instanceKlass java/io/FileDescriptor$1
instanceKlass jdk/internal/access/JavaIOFileDescriptorAccess
instanceKlass java/io/FileDescriptor
instanceKlass jdk/internal/util/StaticProperty
instanceKlass jdk/internal/reflect/MethodHandleAccessorFactory
instanceKlass java/lang/reflect/Modifier
instanceKlass java/lang/Class$1
instanceKlass java/lang/Class$Atomic
instanceKlass java/lang/Class$ReflectionData
instanceKlass java/nio/charset/StandardCharsets
instanceKlass sun/nio/cs/HistoricallyNamedCharset
instanceKlass java/nio/charset/spi/CharsetProvider
instanceKlass java/nio/charset/Charset
instanceKlass java/util/HashMap$HashIterator
instanceKlass java/util/concurrent/locks/LockSupport
instanceKlass java/util/concurrent/ConcurrentHashMap$Node
instanceKlass java/util/concurrent/ConcurrentHashMap$CounterCell
instanceKlass java/util/concurrent/locks/ReentrantLock
instanceKlass java/util/concurrent/locks/Lock
instanceKlass java/lang/CharacterData
instanceKlass java/util/Arrays
instanceKlass jdk/internal/util/Preconditions$3
instanceKlass jdk/internal/util/Preconditions$2
instanceKlass jdk/internal/util/Preconditions$4
instanceKlass java/util/function/BiFunction
instanceKlass jdk/internal/util/Preconditions$1
instanceKlass java/util/function/Function
instanceKlass jdk/internal/util/Preconditions
instanceKlass java/lang/Runtime
instanceKlass java/lang/VersionProps
instanceKlass java/lang/StringConcatHelper
instanceKlass java/util/HashMap$Node
instanceKlass java/util/Map$Entry
instanceKlass jdk/internal/util/ArraysSupport
instanceKlass jdk/internal/util/SystemProps$Raw
instanceKlass jdk/internal/util/SystemProps
instanceKlass java/lang/System$2
instanceKlass jdk/internal/access/JavaLangAccess
instanceKlass java/lang/ref/NativeReferenceQueue$Lock
instanceKlass java/lang/ref/ReferenceQueue
instanceKlass java/lang/ref/Reference$1
instanceKlass jdk/internal/access/JavaLangRefAccess
instanceKlass jdk/internal/reflect/ReflectionFactory
instanceKlass java/lang/Math
instanceKlass java/lang/StringLatin1
instanceKlass jdk/internal/reflect/Reflection
instanceKlass jdk/internal/reflect/ReflectionFactory$GetReflectionFactoryAction
instanceKlass java/security/PrivilegedAction
instanceKlass jdk/internal/access/SharedSecrets
instanceKlass java/lang/reflect/ReflectAccess
instanceKlass jdk/internal/access/JavaLangReflectAccess
instanceKlass java/util/ImmutableCollections
instanceKlass java/util/Objects
instanceKlass java/util/Set
instanceKlass jdk/internal/misc/CDS
instanceKlass java/lang/Module$ArchivedData
instanceKlass jdk/internal/misc/VM
instanceKlass java/lang/String$CaseInsensitiveComparator
instanceKlass java/util/Comparator
instanceKlass java/io/ObjectStreamField
instanceKlass jdk/internal/vm/FillerObject
instanceKlass jdk/internal/vm/vector/VectorSupport$VectorPayload
instanceKlass jdk/internal/vm/vector/VectorSupport
instanceKlass java/lang/reflect/RecordComponent
instanceKlass java/util/Iterator
instanceKlass java/lang/Number
instanceKlass java/lang/Character
instanceKlass java/lang/Boolean
instanceKlass java/util/concurrent/locks/AbstractOwnableSynchronizer
instanceKlass java/lang/LiveStackFrame
instanceKlass java/lang/StackFrameInfo
instanceKlass java/lang/StackWalker$StackFrame
instanceKlass java/lang/StackStreamFactory$AbstractStackWalker
instanceKlass java/lang/StackWalker
instanceKlass java/nio/Buffer
instanceKlass java/lang/StackTraceElement
instanceKlass java/util/RandomAccess
instanceKlass java/util/List
instanceKlass java/util/SequencedCollection
instanceKlass java/util/AbstractCollection
instanceKlass java/util/Collection
instanceKlass java/lang/Iterable
instanceKlass java/util/concurrent/ConcurrentMap
instanceKlass java/util/AbstractMap
instanceKlass java/security/CodeSource
instanceKlass jdk/internal/loader/ClassLoaders
instanceKlass java/util/jar/Manifest
instanceKlass java/lang/Enum
instanceKlass java/net/URL
instanceKlass java/io/InputStream
instanceKlass java/io/Closeable
instanceKlass java/lang/AutoCloseable
instanceKlass jdk/internal/module/Modules
instanceKlass jdk/internal/misc/Unsafe
instanceKlass jdk/internal/misc/UnsafeConstants
instanceKlass java/lang/AbstractStringBuilder
instanceKlass java/lang/Appendable
instanceKlass java/lang/AssertionStatusDirectives
instanceKlass jdk/internal/foreign/abi/ABIDescriptor
instanceKlass jdk/internal/foreign/abi/NativeEntryPoint
instanceKlass java/lang/invoke/CallSite
instanceKlass java/lang/invoke/MethodType
instanceKlass java/lang/invoke/TypeDescriptor$OfMethod
instanceKlass java/lang/invoke/LambdaForm
instanceKlass java/lang/invoke/MethodHandleNatives
instanceKlass java/lang/invoke/ResolvedMethodName
instanceKlass java/lang/invoke/MemberName
instanceKlass java/lang/invoke/VarHandle
instanceKlass java/lang/invoke/MethodHandle
instanceKlass jdk/internal/reflect/CallerSensitive
instanceKlass java/lang/annotation/Annotation
instanceKlass jdk/internal/reflect/FieldAccessor
instanceKlass jdk/internal/reflect/ConstantPool
instanceKlass jdk/internal/reflect/ConstructorAccessor
instanceKlass jdk/internal/reflect/MethodAccessor
instanceKlass jdk/internal/reflect/MagicAccessorImpl
instanceKlass jdk/internal/vm/StackChunk
instanceKlass jdk/internal/vm/Continuation
instanceKlass jdk/internal/vm/ContinuationScope
instanceKlass java/lang/reflect/Parameter
instanceKlass java/lang/reflect/Member
instanceKlass java/lang/reflect/AccessibleObject
instanceKlass java/lang/Module
instanceKlass java/util/Map
instanceKlass java/util/Dictionary
instanceKlass java/lang/ThreadGroup
instanceKlass java/lang/Thread$UncaughtExceptionHandler
instanceKlass java/lang/Thread$Constants
instanceKlass java/lang/Thread$FieldHolder
instanceKlass java/lang/Thread
instanceKlass java/lang/Runnable
instanceKlass java/lang/ref/Reference
instanceKlass java/lang/Record
instanceKlass java/security/AccessController
instanceKlass java/security/AccessControlContext
instanceKlass java/security/ProtectionDomain
instanceKlass java/lang/SecurityManager
instanceKlass java/lang/Throwable
instanceKlass java/lang/System
instanceKlass java/lang/ClassLoader
instanceKlass java/lang/Cloneable
instanceKlass java/lang/Class
instanceKlass java/lang/invoke/TypeDescriptor$OfField
instanceKlass java/lang/invoke/TypeDescriptor
instanceKlass java/lang/reflect/Type
instanceKlass java/lang/reflect/GenericDeclaration
instanceKlass java/lang/reflect/AnnotatedElement
instanceKlass java/lang/String
instanceKlass java/lang/constant/ConstantDesc
instanceKlass java/lang/constant/Constable
instanceKlass java/lang/CharSequence
instanceKlass java/lang/Comparable
instanceKlass java/io/Serializable
ciInstanceKlass java/lang/Object 1 1 124 7 1 10 12 1 1 10 7 12 1 1 1 10 7 12 1 1 1 10 12 1 1 8 1 10 12 1 1 10 7 12 1 1 1 10 12 1 10 12 1 1 10 7 12 1 1 1 10 12 1 10 12 1 7 1 10 7 12 1 1 1 10 12 1 1 10 12 1 100 1 8 1 10 12 1 3 8 1 7 1 5 0 1 1 1 1 1 1 1 1 1 1 1 1 1 1 1 1 7 1 1 1 1 1 1 1 1 1 1 7 1 1 1 1 1 1 1 1 1 1 3 1 1
ciMethod java/lang/Object equals (Ljava/lang/Object;)Z 1024 0 12520 0 -1
ciMethod java/lang/Object hashCode ()I 256 0 128 0 -1
ciMethod java/lang/Object clone ()Ljava/lang/Object; 256 0 128 0 -1
ciInstanceKlass java/io/Serializable 1 0 7 100 1 100 1 1 1
ciInstanceKlass java/lang/System 1 1 834 10 7 12 1 1 1 9 7 12 1 1 1 10 12 1 10 12 1 1 10 12 1 1 10 12 1 9 12 1 1 10 7 12 1 1 1 11 100 12 1 1 1 10 100 12 1 1 1 10 12 1 1 10 12 1 1 100 1 8 1 10 12 1 10 7 12 1 1 1 10 7 12 1 1 1 18 12 1 1 10 7 12 1 1 1 7 1 10 12 1 1 10 7 12 1 1 1 10 12 1 10 7 12 1 1 1 9 100 12 1 1 1 10 7 12 1 1 1 11 7 12 1 1 1 10 12 1 1 10 7 12 1 1 1 7 1 10 10 12 1 1 8 1 10 12 1 8 1 10 12 1 9 12 1 1 8 1 10 7 12 1 1 1 10 12 1 1 100 1 8 1 10 9 12 1 1 8 1 10 12 1 1 10 100 12 1 1 1 8 1 10 12 1 7 1 10 12 1 8 1 10 12 1 10 12 1 1 100 1 10 12 10 12 1 9 12 1 1 9 12 1 1 10 7 12 1 1 1 10 7 12 1 1 1 10 12 1 1 10 12 1 10 12 1 10 7 12 1 1 1 10 12 1 100 1 100 1 8 1 10 12 1 10 12 1 1 7 1 10 12 1 100 1 8 1 10 10 12 1 100 1 8 1 10 8 1 10 7 12 1 1 8 1 10 12 100 1 8 1 10 10 12 1 1 10 7 12 1 1 1 100 1 18 12 1 100 1 9 100 12 1 1 1 10 12 1 100 1 10 12 1 1 10 12 1 1 10 7 12 1 1 1 10 12 1 1 10 12 1 10 12 1 10 12 1 1 10 12 1 7 1 10 12 1 9 7 12 1 1 1 10 7 12 1 1 1 10 12 1 10 12 1 10 7 12 1 1 1 7 1 8 1 10 9 12 1 9 12 1 10 12 1 10 7 12 1 1 10 12 1 10 12 1 1 8 1 10 12 1 1 8 1 11 12 1 10 12 11 12 1 1 11 7 12 1 1 1 11 7 12 1 1 11 12 1 1 7 1 11 12 1 10 12 1 8 1 10 12 1 1 8 1 8 1 8 1 8 1 11 12 1 10 12 1 10 12 1 10 12 1 8 1 10 12 1 1 8 1 9 12 1 8 1 10 7 12 1 1 8 1 7 1 9 7 12 1 1 1 10 12 1 7 1 9 12 10 9 12 7 1 10 12 9 12 1 1 8 1 10 12 1 1 8 1 10 7 12 1 1 10 12 1 10 12 1 1 11 7 12 1 1 10 12 10 7 12 1 1 1 9 12 1 1 7 1 8 1 10 12 1 1 10 7 12 1 1 1 7 1 10 12 1 1 10 12 1 8 1 8 1 10 8 1 8 1 8 1 8 1 10 10 7 12 1 1 10 12 1 10 12 1 1 10 12 1 1 10 12 1 10 100 12 1 1 1 10 7 1 8 1 10 10 10 12 1 1 10 12 1 1 8 1 10 12 1 8 1 8 1 10 12 1 10 7 12 1 1 1 10 12 1 1 7 1 10 10 12 1 10 12 1 9 12 1 1 3 1 3 1 1 1 1 1 1 1 1 1 1 1 1 100 1 1 100 1 1 1 1 1 1 1 1 1 1 1 100 1 7 1 1 1 1 1 1 1 1 1 1 1 1 1 1 1 1 1 1 1 1 1 1 1 1 1 1 1 1 1 1 1 1 1 1 1 1 1 1 1 1 1 1 1 1 1 1 1 1 1 1 1 1 1 1 1 1 1 1 100 1 1 1 1 1 1 1 1 1 1 1 1 1 1 1 1 1 1 1 1 1 1 1 1 1 1 1 1 1 1 1 1 1 100 1 1 16 15 10 12 1 1 16 15 10 12 16 1 15 10 100 12 1 1 1 1 1 1 1 1 1 100 1 100 1 1
staticfield java/lang/System in Ljava/io/InputStream; java/io/ByteArrayInputStream
staticfield java/lang/System out Ljava/io/PrintStream; java/io/PrintStream
staticfield java/lang/System err Ljava/io/PrintStream; java/io/PrintStream
instanceKlass com/sun/jna/SecurityManagerExposer
instanceKlass org/eclipse/osgi/internal/permadmin/EquinoxSecurityManager
instanceKlass org/eclipse/osgi/internal/loader/BundleLoader$ClassContext
instanceKlass org/eclipse/osgi/internal/framework/ContextFinder$Finder
ciInstanceKlass java/lang/SecurityManager 1 1 576 10 7 12 1 1 1 9 7 12 1 1 1 10 7 12 1 1 1 100 1 8 1 10 12 1 10 12 1 1 10 7 12 1 1 1 10 7 1 10 100 1 10 9 100 12 1 1 1 10 7 12 1 1 1 10 12 1 1 10 7 12 1 1 100 1 8 1 10 9 12 1 1 9 12 1 8 1 9 12 1 7 1 10 8 1 10 12 1 1 10 12 1 10 12 1 1 100 1 10 10 12 1 1 100 1 8 1 10 12 1 8 1 8 1 8 1 8 1 8 1 8 1 10 12 1 8 1 8 1 8 1 8 1 8 1 10 7 12 1 1 1 10 12 1 1 8 1 100 1 8 1 10 8 1 8 1 8 1 8 1 8 1 10 100 12 1 1 8 1 100 1 8 1 8 1 10 8 1 10 12 1 100 1 8 1 10 10 12 1 1 10 12 1 10 12 1 10 12 1 10 7 12 1 1 1 10 12 1 10 7 12 1 1 11 7 12 1 1 1 18 12 1 1 11 7 12 1 1 1 18 12 1 1 11 12 1 1 18 18 11 12 1 18 12 1 11 12 1 1 9 12 1 1 9 12 1 9 12 1 9 12 1 7 1 10 7 12 1 1 10 12 1 10 12 1 18 12 1 18 10 7 12 1 1 1 18 12 1 10 12 1 18 18 8 1 10 12 1 9 12 1 1 11 7 12 1 1 1 8 1 100 1 10 12 1 10 12 1 1 10 12 1 1 9 12 1 1 10 12 1 10 12 1 1 8 1 100 1 10 9 12 1 8 1 10 12 1 8 1 100 1 10 10 7 12 1 1 10 7 1 9 7 12 1 1 1 11 12 1 1 10 12 1 11 12 1 10 12 1 7 1 10 10 12 1 1 10 12 1 1 1 1 1 1 1 1 1 1 1 7 1 1 1 1 1 1 1 1 1 1 1 1 1 1 1 1 1 1 1 1 1 1 1 1 1 1 1 1 1 1 1 1 1 1 1 1 1 1 1 1 1 1 1 1 1 1 1 1 1 1 1 1 1 1 1 1 3 1 1 1 1 1 1 1 1 1 1 100 1 1 1 1 1 1 1 1 1 1 1 1 1 1 1 1 1 1 1 1 1 1 1 1 1 1 1 1 1 1 1 1 1 1 1 1 1 1 16 15 10 7 12 1 1 1 16 1 16 15 10 12 16 1 15 10 12 16 15 11 7 1 16 1 16 1 15 10 12 16 15 10 12 16 15 10 12 1 16 1 15 11 12 1 15 10 12 16 15 10 16 1 15 10 7 12 1 1 1 1 1 1 100 1 100 1 1
staticfield java/lang/SecurityManager packageAccessLock Ljava/lang/Object; java/lang/Object
staticfield java/lang/SecurityManager packageDefinitionLock Ljava/lang/Object; java/lang/Object
staticfield java/lang/SecurityManager nonExportedPkgs Ljava/util/Map; java/util/concurrent/ConcurrentHashMap
ciInstanceKlass java/security/AccessController 1 1 295 10 7 12 1 1 1 10 7 12 1 1 1 10 7 12 1 1 1 10 12 1 1 10 12 1 1 10 7 12 1 1 1 10 12 1 1 10 12 1 10 12 1 1 10 12 1 100 1 8 1 10 12 1 10 12 1 10 12 1 1 10 12 1 7 1 7 1 10 12 1 1 10 12 1 10 12 1 10 12 1 1 10 7 12 1 1 1 10 12 1 1 9 100 12 1 1 1 10 7 12 1 1 1 10 12 1 10 12 1 9 100 12 1 1 1 10 12 1 10 12 1 1 9 12 1 1 10 100 1 10 11 7 12 1 1 1 10 7 12 1 1 11 7 1 7 1 10 12 1 10 12 1 10 12 1 8 1 10 12 1 1 8 1 10 100 12 1 1 1 8 1 7 1 10 10 12 1 1 10 12 1 10 7 12 1 1 1 10 12 1 8 1 10 7 12 1 1 8 1 8 1 10 12 1 8 1 10 12 1 10 12 1 1 10 12 1 1 1 1 1 1 1 1 1 1 1 1 1 1 1 1 1 1 1 1 1 1 1 1 1 1 1 1 100 1 1 1 1 1 1 1 1 1 1 1 1 1 1 1 1 1 1 1 1 1 1 1 1 1 1 1 1 1 1 1 1 1 1 100 1 7 1 1 1 1 1 1 1 1 1 3 1 1 1
staticfield java/security/AccessController $assertionsDisabled Z 1
instanceKlass org/eclipse/osgi/internal/loader/ModuleClassLoader$GenerationProtectionDomain
ciInstanceKlass java/security/ProtectionDomain 1 1 348 10 7 12 1 1 1 9 7 12 1 1 1 7 1 10 9 12 1 1 9 12 1 1 9 12 1 1 10 7 12 1 1 7 1 9 12 1 9 12 1 1 7 1 9 12 1 1 9 12 1 10 100 12 1 1 10 100 12 1 1 1 10 12 1 1 10 12 1 9 12 1 9 100 12 1 1 10 12 1 1 10 100 1 10 12 1 1 8 1 7 1 8 1 10 12 1 10 11 10 7 12 1 1 1 10 12 1 1 8 1 11 8 1 10 12 1 8 1 8 1 10 12 1 1 10 12 1 10 12 1 1 10 12 1 8 1 10 12 1 8 1 8 1 10 7 12 1 1 1 9 100 12 1 1 1 10 12 1 1 9 100 12 1 1 1 10 7 12 1 1 1 100 1 18 12 1 1 10 7 12 1 1 1 10 7 1 10 12 1 10 12 1 1 11 100 12 1 1 11 12 1 100 1 11 7 12 1 1 1 10 12 1 10 11 12 1 1 11 12 1 1 10 12 1 10 7 12 1 1 10 100 12 1 1 11 12 1 10 12 10 12 1 8 1 8 1 10 7 12 1 1 1 7 1 10 10 7 12 1 1 1 1 1 1 1 1 1 1 7 1 1 7 1 1 1 1 1 1 1 1 1 1 1 1 1 1 1 1 1 1 1 1 1 1 1 1 1 1 1 1 1 1 1 1 1 1 1 1 1 1 1 1 1 1 1 1 7 1 1 1 1 1 1 100 1 1 16 15 10 12 16 15 10 100 12 1 1 1 1 1 1 1 100 1 100 1 1
staticfield java/security/ProtectionDomain filePermCompatInPD Z 0
ciInstanceKlass java/security/CodeSource 1 1 398 10 7 12 1 1 1 9 7 12 1 1 1 9 12 1 1 9 12 1 1 9 12 1 1 10 7 12 1 1 1 9 12 1 1 10 7 12 1 1 10 7 10 7 12 1 1 1 10 100 12 1 1 1 10 12 1 1 7 1 10 10 7 12 1 1 1 10 7 12 1 1 1 10 12 1 1 7 1 10 12 1 1 10 12 1 1 10 12 1 1 10 12 1 10 10 10 12 1 1 10 7 12 1 1 1 10 12 1 10 12 1 10 12 1 8 1 10 12 1 10 12 1 10 12 1 1 10 12 1 8 1 10 12 1 1 10 7 1 10 10 12 1 1 8 1 10 12 1 10 12 1 10 12 1 8 1 8 1 9 12 1 1 100 1 8 1 10 12 1 10 12 1 1 8 1 10 12 1 8 1 8 1 8 1 10 100 12 1 1 10 12 1 1 10 12 1 10 12 1 1 10 12 1 1 10 12 1 1 100 1 100 1 10 12 1 10 12 10 12 1 1 10 100 12 1 1 10 12 1 7 1 10 12 10 100 12 1 1 1 10 8 1 10 12 1 10 12 1 10 12 1 1 100 1 10 12 1 1 100 1 7 1 8 1 8 1 10 10 12 1 1 10 100 12 1 1 1 7 1 10 12 10 12 1 1 11 7 12 1 1 10 10 12 1 11 10 12 1 8 1 100 1 10 12 1 10 12 1 1 10 12 1 11 12 1 1 7 1 1 1 1 5 0 1 1 1 1 1 1 1 1 1 1 1 1 1 1 1 1 1 1 1 1 1 1 1 1 1 1 1 1 1 1 1 1 1 1 1 1 1 1 1 1 1 1 1 1 1 1 1 1 1 1 1 1 1 1 1 1 1 1 1 1 1 1 1 1 1 1 100 1 1 1 1 1 1 1
ciInstanceKlass java/lang/Boolean 1 1 152 10 7 12 1 1 1 9 7 12 1 1 1 10 12 1 1 10 12 1 8 1 10 7 12 1 1 9 12 1 1 9 12 1 10 12 1 1 10 12 1 1 10 12 1 1 10 7 12 1 1 1 100 1 100 1 10 12 1 1 9 100 12 1 1 9 12 10 100 12 1 1 1 10 12 1 1 8 1 10 7 12 1 1 1 9 12 1 1 7 1 7 1 7 1 1 1 1 1 1 5 0 1 1 1 1 1 1 1 1 1 1 3 1 1 1 1 1 1 1 1 1 1 1 1 1 1 1 1 1 1 7 1 1 1 1 1 1 1 1 1 1 100 1 1 1 1 1 1 1 1 1
staticfield java/lang/Boolean TRUE Ljava/lang/Boolean; java/lang/Boolean
staticfield java/lang/Boolean FALSE Ljava/lang/Boolean; java/lang/Boolean
staticfield java/lang/Boolean TYPE Ljava/lang/Class; java/lang/Class
ciInstanceKlass java/lang/Comparable 1 0 12 100 1 100 1 1 1 1 1 1 1 1
ciInstanceKlass java/lang/constant/Constable 1 0 11 100 1 100 1 1 1 1 1 1 1
ciInstanceKlass java/util/Map 1 1 263 11 7 12 1 1 1 11 12 1 1 10 7 12 1 1 11 12 1 1 11 7 12 1 1 1 11 7 12 1 1 1 11 12 1 1 7 1 11 12 1 11 12 1 100 1 100 1 10 12 1 1 11 7 12 1 1 1 11 100 12 1 1 1 11 12 1 11 12 1 10 12 1 1 11 12 1 11 7 12 1 9 7 12 1 1 1 7 1 10 12 7 1 7 1 10 12 1 7 1 10 7 1 11 12 1 11 12 1 1 11 12 1 1 7 1 11 12 1 1 1 1 1 1 1 1 1 1 1 1 1 1 1 1 1 1 1 1 1 1 1 1 1 1 1 1 1 1 1 1 1 1 1 1 1 1 1 1 1 1 1 1 1 1 1 1 1 1 1 1 1 1 1 1 1 1 1 1 1 1 1 1 1 1 1 1 1 1 1 1 1 1 1 1 1 1 1 1 1 1 1 1 1 1 1 1 1 1 1 1 1 1 1 1 1 1 1 1 1 1 1 1 1 1 1 1 1 1 1 1 1 1 1 1 1 1 1 1 1 1 1 1 1 1 100 1 1 1 1 1 1 1 1 1 1 1 1 1 1 1 1 1 1
ciInstanceKlass java/lang/Class 1 1 1687 10 7 12 1 1 1 9 7 12 1 1 1 9 12 1 1 10 12 1 1 8 1 10 12 1 8 1 8 1 10 12 1 1 10 7 12 1 1 1 10 12 1 7 1 10 10 12 1 10 12 1 1 10 12 1 1 10 12 1 1 10 7 12 1 1 10 12 1 10 12 1 10 12 1 8 1 10 12 1 8 1 10 12 1 8 1 8 1 10 12 1 1 10 7 12 1 1 1 18 12 1 1 11 7 12 1 1 1 8 1 8 1 8 1 10 7 12 1 1 1 11 12 1 1 8 1 10 12 1 10 11 100 12 1 1 1 11 7 12 1 1 1 11 8 1 18 8 1 10 12 1 10 7 12 1 1 10 12 1 1 10 7 12 1 1 1 10 12 1 1 10 12 1 1 10 7 12 1 1 1 10 12 9 100 12 1 1 1 10 7 12 1 1 1 10 12 1 10 7 12 1 1 1 10 12 1 1 18 12 1 1 10 7 12 1 1 1 10 7 12 1 10 12 1 1 10 7 1 7 1 10 12 1 1 9 12 1 1 7 1 8 1 10 12 1 10 12 1 1 10 12 1 1 10 7 12 1 1 1 7 1 10 12 1 7 1 7 1 10 10 12 1 1 10 12 1 1 100 1 10 7 12 1 1 1 10 12 1 1 10 12 1 1 9 12 1 1 10 12 1 10 12 1 1 9 12 1 1 9 12 1 1 10 12 1 1 10 7 1 10 12 1 10 12 1 10 12 1 1 10 9 12 1 10 12 1 8 1 10 12 1 1 10 12 1 1 10 12 1 10 12 1 1 10 12 1 1 10 12 1 1 9 7 12 1 1 1 10 7 12 1 1 10 12 10 12 1 10 12 1 10 12 1 10 12 1 9 100 12 1 1 1 9 12 1 10 12 1 10 100 12 1 1 1 10 12 1 1 10 100 12 1 1 10 12 1 10 12 1 1 10 100 12 1 1 1 10 12 1 10 12 1 1 10 12 1 10 12 1 10 12 1 1 10 7 1 10 10 10 12 1 1 10 12 1 1 10 12 10 10 12 1 1 7 1 8 1 10 10 12 1 1 10 12 1 100 1 11 12 1 10 100 12 1 1 10 12 1 10 12 1 10 100 12 1 1 10 10 12 1 1 8 1 10 12 1 10 12 1 1 8 1 10 12 1 9 12 1 10 12 1 10 12 1 10 12 1 10 12 7 1 9 12 1 10 12 1 9 12 1 10 12 1 10 12 1 10 12 1 10 10 12 1 10 12 1 10 7 12 1 1 10 12 1 10 12 1 10 12 1 1 10 12 1 10 12 1 10 12 1 100 1 10 12 1 10 12 1 1 10 12 1 1 10 12 1 1 10 12 1 1 10 12 1 1 10 12 1 1 7 1 10 10 12 1 1 10 12 1 1 10 12 1 1 10 10 12 1 10 12 1 1 10 12 1 1 10 12 1 1 10 12 1 1 7 1 10 10 12 11 7 12 1 1 10 12 1 10 12 1 10 7 12 1 1 1 10 12 1 1 10 10 12 1 1 7 1 10 10 12 1 1 10 7 12 1 1 1 100 1 7 1 10 12 1 1 10 12 1 10 10 12 1 1 10 12 1 10 12 1 10 12 1 10 100 12 1 1 1 11 7 12 1 1 10 12 1 10 12 1 9 12 1 10 12 1 1 10 12 1 9 100 12 1 1 1 9 12 1 10 100 12 1 1 1 10 12 1 10 12 1 10 100 12 1 1 1 10 12 1 10 12 10 12 1 1 100 1 10 8 1 10 12 1 11 11 12 1 1 11 7 12 1 1 11 12 1 8 1 10 12 1 10 12 1 1 9 12 1 9 12 1 1 10 7 12 1 1 9 12 1 10 12 1 1 10 10 12 1 10 7 12 1 1 1 10 7 12 1 1 10 7 12 1 1 9 12 1 1 10 12 1 9 12 1 10 12 1 10 12 1 1 9 12 1 1 9 12 1 10 12 1 10 12 1 1 9 12 1 100 1 10 10 12 1 1 7 1 10 12 1 1 100 11 7 1 9 12 1 1 9 12 1 7 1 10 12 1 9 12 1 1 9 12 1 10 12 1 10 12 1 1 9 12 1 7 1 10 10 12 1 1 10 10 12 1 10 12 10 10 12 1 9 12 1 10 12 1 1 10 7 12 1 1 1 10 12 1 1 10 12 1 8 10 7 8 1 18 8 1 8 1 10 12 1 9 12 1 9 12 1 1 10 12 1 7 1 7 1 10 12 1 9 12 1 1 7 1 10 10 12 1 10 7 1 9 12 1 8 1 10 12 1 7 1 10 12 1 10 12 1 1 100 1 7 1 9 12 1 100 1 8 1 10 10 7 12 1 1 1 10 12 11 7 12 1 1 1 10 12 1 10 12 1 1 10 8 1 8 1 10 12 1 1 9 7 12 1 1 11 12 7 1 11 7 12 1 1 9 12 1 10 100 12 1 1 1 10 7 12 1 1 10 12 1 1 9 12 1 9 10 12 1 1 10 12 1 1 10 12 1 1 10 12 1 1 10 12 1 1 11 12 1 7 1 11 12 1 10 7 12 1 1 1 10 12 1 11 12 1 10 7 12 1 1 1 10 12 1 10 7 12 1 1 1 11 12 1 11 12 1 1 10 12 1 10 12 1 1 9 12 1 1 9 7 12 1 1 10 12 1 10 7 12 1 1 1 10 12 1 1 10 12 1 10 12 1 10 12 1 10 7 12 1 1 1 10 12 1 8 1 10 12 1 10 12 1 10 12 1 100 1 10 12 10 100 12 1 1 1 11 100 12 1 1 1 10 12 1 1 10 12 1 18 12 1 1 11 12 1 1 18 11 12 1 18 12 1 11 12 1 10 12 1 1 10 12 1 10 12 1 10 12 1 10 12 1 10 12 10 12 1 8 1 10 12 1 7 1 9 12 1 1 7 1 7 1 7 1 7 1 1 1 3 1 3 1 3 1 1 1 1 1 1 1 5 0 1 1 1 1 1 1 1 1 1 1 1 1 1 1 1 1 1 1 1 1 1 1 1 1 100 1 1 1 1 1 1 1 100 1 1 1 1 1 7 1 1 1 1 1 1 1 1 1 1 1 1 1 1 1 1 1 1 1 1 1 1 1 1 1 1 1 1 1 1 1 1 1 1 1 1 1 1 1 1 1 1 100 1 1 1 1 1 1 1 1 1 1 1 1 1 1 1 1 1 1 1 1 1 1 1 1 1 1 1 1 1 1 1 100 1 1 1 1 1 1 1 1 1 1 1 1 1 1 1 1 1 1 1 1 3 1 1 1 1 1 1 1 1 1 1 1 1 1 1 1 1 1 1 1 1 1 1 1 1 1 1 1 1 1 1 1 1 1 1 1 7 1 7 1 1 1 1 1 1 1 7 1 1 1 1 1 1 1 1 1 1 1 1 1 1 1 1 1 1 1 1 1 1 1 1 1 1 1 1 1 1 1 1 1 1 1 1 1 1 1 1 1 1 1 1 1 1 1 1 1 1 1 1 1 1 1 1 1 1 1 1 1 1 1 1 1 1 1 1 1 1 1 1 1 1 1 1 1 1 1 1 1 1 1 1 1 1 1 1 1 1 1 1 1 1 1 1 1 1 1 1 1 1 1 1 1 1 1 1 1 1 1 1 1 1 1 1 1 1 1 1 1 1 1 1 16 15 10 12 16 15 11 12 16 1 16 15 16 15 10 12 16 16 15 10 12 16 15 16 1 15 10 12 16 15 10 7 12 1 1 1 1 1 1 1 1 1 1 1 1 1 7 1 1 100 1 100 1 1 100 1 100 1 1 100 1 100 1 1
staticfield java/lang/Class EMPTY_CLASS_ARRAY [Ljava/lang/Class; 0 [Ljava/lang/Class;
staticfield java/lang/Class serialPersistentFields [Ljava/io/ObjectStreamField; 0 [Ljava/io/ObjectStreamField;
ciInstanceKlass java/lang/reflect/AnnotatedElement 1 1 164 11 7 12 1 1 1 11 12 1 1 7 1 10 100 12 1 1 1 10 12 1 1 10 12 1 1 10 12 1 10 100 12 1 1 1 11 12 1 1 11 7 12 1 1 10 7 12 1 1 1 10 12 1 10 100 12 1 1 1 18 12 1 1 11 100 12 1 1 18 12 1 18 12 1 1 10 100 12 1 1 1 11 100 12 1 1 1 7 1 10 100 12 1 1 1 1 1 1 1 1 1 1 1 1 1 1 1 1 1 1 1 1 1 1 1 1 1 100 1 1 1 1 1 1 1 1 1 1 1 16 15 16 1 16 1 15 11 12 16 16 1 15 10 100 12 1 1 1 16 1 15 10 100 12 1 1 1 1 100 1 100 1 1
ciInstanceKlass java/lang/invoke/TypeDescriptor 1 0 17 100 1 100 1 1 1 1 1 1 100 1 100 1 1 1 1
ciInstanceKlass java/lang/reflect/GenericDeclaration 1 0 30 7 1 7 1 7 1 1 1 1 1 1 1 1 100 1 8 1 1 12 10 1 1 1 8 1 1 1 8 1
ciInstanceKlass java/lang/reflect/Type 1 1 17 11 100 12 1 1 1 100 1 1 1 1 1 1 1 1 1
ciInstanceKlass java/lang/invoke/TypeDescriptor$OfField 1 0 21 100 1 100 1 100 1 1 1 1 1 1 1 1 1 1 1 1 1 1 1
ciInstanceKlass java/lang/StringBuilder 1 1 422 10 7 12 1 1 1 10 12 1 10 12 1 10 12 1 1 10 7 12 1 1 1 10 7 12 1 1 1 10 12 1 10 12 1 10 12 1 10 12 1 10 12 1 10 12 1 10 12 1 10 12 1 10 12 1 10 12 1 10 12 1 10 12 1 10 12 1 10 12 1 1 10 12 1 10 12 1 1 10 12 1 1 10 12 1 10 12 1 10 12 1 10 12 1 10 12 1 10 12 1 10 12 1 10 12 10 12 1 10 12 1 10 12 1 10 12 1 1 10 12 1 10 12 1 10 12 10 12 1 1 10 12 1 10 12 1 10 12 1 10 100 12 1 1 1 9 12 1 1 10 12 1 10 12 1 1 10 12 1 1 9 12 1 1 10 100 12 1 1 1 10 100 1 10 12 1 1 10 100 12 1 1 10 12 1 10 12 1 1 100 1 100 1 8 1 10 10 12 1 1 10 12 1 10 12 1 10 12 1 1 10 12 1 10 12 1 10 12 1 10 12 1 10 12 1 10 12 10 12 1 10 12 1 10 12 1 10 12 1 10 12 1 10 12 1 10 12 1 10 12 1 10 12 1 1 10 12 1 1 10 12 1 10 12 1 10 12 1 10 12 10 12 10 12 1 10 12 1 10 12 1 10 12 10 12 1 10 12 1 10 12 1 10 12 1 10 12 1 10 12 1 10 12 1 10 12 1 10 12 1 1 10 12 1 10 12 1 1 10 12 1 10 12 1 1 10 12 1 10 12 1 1 10 12 1 10 12 1 10 12 1 10 10 12 1 10 12 1 7 1 7 1 7 1 7 1 1 1 1 5 0 1 1 1 1 1 1 1 1 1 1 1 1 1 1 1 1 1 1 1 1 1 1 1 1 1 1 1 1 1 1 1 1 1 1 1 1 1 1 1 1 1 1 1 1 100 1 1 1 7 1 1 1 1 1 1 1 1 1 1 1
instanceKlass java/lang/StringBuilder
instanceKlass java/lang/StringBuffer
ciInstanceKlass java/lang/AbstractStringBuilder 1 1 609 7 1 10 7 12 1 1 1 9 7 12 1 1 1 9 12 1 9 12 1 1 9 12 1 1 10 7 12 1 1 1 10 12 1 1 7 1 3 3 10 12 1 10 12 1 1 11 7 1 100 1 7 1 10 8 1 10 12 1 10 12 1 10 12 1 1 10 12 1 10 12 1 9 12 1 10 12 1 9 12 1 1 10 12 1 1 10 7 12 1 1 1 10 10 12 1 10 12 1 10 12 1 1 10 12 1 1 10 7 12 1 1 1 10 7 12 1 1 1 7 1 8 1 10 10 12 1 1 100 1 10 12 10 12 1 1 10 10 7 12 1 1 1 10 12 1 1 10 12 1 1 10 12 1 1 10 12 1 1 10 10 7 12 1 1 1 10 12 1 100 1 10 10 7 12 1 1 1 9 12 1 1 9 12 1 10 12 1 1 10 10 12 1 1 10 12 10 12 1 10 12 1 1 10 12 1 1 10 12 1 1 10 12 1 10 12 1 1 10 12 1 1 10 12 1 10 12 1 1 8 1 10 12 1 1 10 12 1 10 12 1 10 12 1 10 12 1 10 12 1 10 12 1 10 7 12 1 1 10 12 1 10 12 1 10 100 12 1 1 1 100 1 100 1 10 12 1 10 100 12 1 1 10 12 1 10 12 1 1 10 12 1 10 12 1 1 10 12 1 10 12 1 1 10 12 1 1 10 10 7 12 1 1 1 10 12 1 10 12 1 10 12 1 1 10 12 1 10 12 1 10 12 1 10 12 1 10 12 1 10 12 1 10 12 1 10 12 1 1 10 12 1 10 12 1 10 12 10 12 1 1 18 12 1 1 100 1 10 100 12 1 1 1 18 10 12 1 1 10 12 1 1 10 12 1 10 12 1 1 11 12 1 1 10 12 1 10 12 10 10 10 12 1 10 5 0 10 10 12 1 1 100 1 8 1 10 10 12 1 1 10 100 12 1 1 1 10 12 1 10 12 1 1 100 1 10 12 100 1 10 100 1 10 7 1 1 1 1 1 1 1 1 1 1 1 100 1 1 1 1 1 1 1 1 1 1 1 1 1 1 1 1 1 1 1 1 1 1 1 1 1 1 1 1 1 1 1 1 1 1 1 1 1 1 1 1 1 1 1 1 1 1 1 1 1 1 1 1 1 1 1 1 1 1 1 1 1 1 1 1 1 1 1 1 1 1 1 1 1 1 1 1 1 1 1 1 1 1 1 1 1 1 1 1 1 1 1 1 1 1 1 1 1 1 1 100 1 1 1 1 1 1 1 1 1 1 1 1 1 1 1 1 1 100 1 1 1 1 1 1 7 1 1 16 1 15 10 12 16 15 10 12 15 10 100 12 1 1 1 1 1 1 1 100 1 100 1 1
staticfield java/lang/AbstractStringBuilder EMPTYVALUE [B 0
ciMethod java/lang/StringBuilder toString ()Ljava/lang/String; 14 0 83754 0 -1
ciInstanceKlass java/lang/Appendable 1 0 14 100 1 100 1 1 1 1 100 1 1 1 1 1
ciInstanceKlass java/lang/CharSequence 1 1 131 11 7 12 1 1 1 18 12 1 1 100 1 10 100 12 1 1 1 18 10 100 12 1 1 1 11 12 1 1 11 7 1 11 12 1 1 10 100 12 1 1 1 11 12 1 1 100 1 10 12 1 1 10 100 12 1 1 1 100 1 10 10 12 1 1 7 1 1 1 1 1 1 1 1 1 1 1 1 1 1 1 1 1 1 1 1 1 1 1 1 1 1 1 1 1 1 1 1 1 16 1 15 11 12 16 15 11 12 15 10 100 12 1 1 1 1 1 100 1 100 1 1 100 1 1 100 1 100 1 1
ciInstanceKlass java/io/PrintStream 1 1 413 100 1 10 12 1 1 8 1 10 7 12 1 1 1 10 7 12 1 1 1 100 1 100 1 100 1 10 10 7 12 1 1 9 12 1 1 9 12 1 9 12 1 10 12 1 1 10 12 1 9 12 1 7 1 10 12 1 9 12 1 1 7 1 10 12 1 9 12 1 1 10 7 12 1 1 1 10 7 12 1 1 1 9 12 1 1 10 12 1 10 12 1 8 1 7 1 10 12 1 10 12 1 100 1 10 10 12 1 8 10 12 1 9 12 1 1 100 1 8 1 10 10 12 1 10 12 1 10 12 1 10 12 1 10 12 1 10 12 1 10 12 1 10 10 10 12 1 1 10 12 1 1 100 1 10 7 12 1 1 1 10 12 1 10 12 1 10 12 1 10 12 10 10 12 1 10 12 10 12 1 10 10 12 1 10 12 1 10 12 10 12 10 7 12 1 1 1 10 12 10 12 1 10 12 1 1 10 10 12 1 10 12 1 10 12 1 10 12 1 10 12 1 10 10 12 1 10 10 12 1 10 12 1 1 10 12 1 10 12 10 12 1 10 12 1 10 12 1 10 12 10 12 10 12 10 12 1 1 10 12 1 10 12 1 1 9 12 1 1 10 100 12 1 1 1 9 100 12 1 1 1 10 100 12 1 1 1 10 12 1 10 12 1 10 12 1 10 12 1 8 1 11 7 12 1 1 1 10 12 1 1 10 12 1 10 12 1 7 1 10 12 10 7 12 1 1 1 7 1 7 1 1 1 1 1 1 1 1 1 1 1 1 1 1 1 1 100 1 1 1 1 1 1 1 1 100 1 1 1 1 1 1 1 7 1 1 1 1 1 1 1 1 1 1 1 1 100 1 1 1 100 1 1 1 1 1 1 1 1 1 1 1 1 1 1 1 1 100 1 1 1 1 1 1 1 1 1 1 1 1 1 1
instanceKlass org/apache/maven/wagon/LazyFileOutputStream
instanceKlass org/eclipse/jdt/ls/core/internal/ConnectionStreamFactory$NamedPipeOutputStream
instanceKlass com/google/common/io/ByteStreams$1
instanceKlass org/eclipse/core/internal/localstore/SafeFileOutputStream
instanceKlass java/io/ObjectOutputStream
instanceKlass java/io/ByteArrayOutputStream
instanceKlass java/io/FilterOutputStream
instanceKlass java/io/FileOutputStream
ciInstanceKlass java/io/OutputStream 1 1 53 10 7 12 1 1 1 100 1 10 10 100 12 1 1 1 10 100 12 1 1 1 10 12 1 100 1 100 1 1 1 1 1 1 1 1 1 100 1 1 1 1 1 1 1 1 1 1 1 1 1 1 1
instanceKlass java/util/zip/DeflaterOutputStream
instanceKlass org/eclipse/core/internal/localstore/SafeChunkyOutputStream
instanceKlass org/eclipse/osgi/internal/debug/EclipseDebugTrace$2
instanceKlass org/eclipse/osgi/internal/debug/EclipseDebugTrace$1
instanceKlass org/eclipse/osgi/framework/internal/reliablefile/ReliableFileOutputStream
instanceKlass org/eclipse/osgi/storagemanager/ManagedOutputStream
instanceKlass java/io/BufferedOutputStream
instanceKlass java/io/PrintStream
ciInstanceKlass java/io/FilterOutputStream 1 1 74 10 7 12 1 1 1 7 1 10 9 7 12 1 1 1 9 12 1 1 10 12 1 1 10 12 1 10 100 12 1 1 1 10 10 12 1 9 12 1 1 10 10 12 1 100 1 10 12 1 1 1 1 1 1 1 1 1 1 1 100 1 1 1 1 1 1 1 1 1 1 1 1 1
ciMethod java/io/PrintStream println (Ljava/lang/String;)V 0 0 1 0 -1
ciMethod java/io/PrintStream print (Ljava/lang/String;)V 0 0 1 0 -1
ciInstanceKlass java/lang/AutoCloseable 1 0 12 100 1 100 1 1 1 1 100 1 1 1
ciInstanceKlass java/io/Closeable 1 0 14 100 1 100 1 100 1 1 1 1 100 1 1 1
instanceKlass org/apache/maven/lifecycle/LifecyclePhaseNotFoundException
instanceKlass org/apache/maven/lifecycle/LifecycleNotFoundException
instanceKlass org/apache/maven/toolchain/MisconfiguredToolchainException
instanceKlass org/apache/maven/repository/metadata/MetadataGraphTransformationException
instanceKlass org/apache/maven/repository/metadata/GraphConflictResolutionException
instanceKlass org/apache/maven/plugin/prefix/NoPluginFoundForPrefixException
instanceKlass org/apache/maven/BuildFailureException
instanceKlass org/apache/maven/MavenExecutionException
instanceKlass org/apache/maven/artifact/installer/ArtifactInstallationException
instanceKlass org/codehaus/plexus/personality/plexus/lifecycle/phase/InitializationException
instanceKlass org/apache/maven/project/DependencyResolutionException
instanceKlass org/apache/maven/model/building/ModelBuildingException
instanceKlass org/apache/maven/artifact/repository/metadata/RepositoryMetadataReadException
instanceKlass org/apache/maven/artifact/repository/metadata/RepositoryMetadataResolutionException
instanceKlass org/apache/maven/artifact/repository/metadata/RepositoryMetadataStoreException
instanceKlass org/apache/maven/artifact/deployer/ArtifactDeploymentException
instanceKlass org/apache/maven/wagon/WagonException
instanceKlass sun/nio/fs/WindowsException
instanceKlass com/google/common/collect/RegularImmutableMap$BucketOverflowException
instanceKlass com/google/inject/internal/ErrorsException
instanceKlass com/google/inject/internal/InternalProvisionException
instanceKlass org/eclipse/equinox/security/storage/StorageException
instanceKlass org/codehaus/plexus/context/ContextException
instanceKlass org/codehaus/plexus/PlexusContainerException
instanceKlass org/codehaus/plexus/util/xml/pull/XmlPullParserException
instanceKlass org/apache/commons/cli/ParseException
instanceKlass javax/xml/transform/TransformerException
instanceKlass org/eclipse/jface/text/templates/TemplateException
instanceKlass lombok/eclipse/agent/PatchDelegate$CantMakeDelegates
instanceKlass org/eclipse/jface/text/BadLocationException
instanceKlass org/eclipse/jdt/core/compiler/InvalidInputException
instanceKlass org/eclipse/jdt/internal/compiler/classfmt/ClassFormatException
instanceKlass java/text/ParseException
instanceKlass org/codehaus/plexus/component/configurator/expression/ExpressionEvaluationException
instanceKlass org/codehaus/plexus/classworlds/ClassWorldException
instanceKlass org/apache/maven/cli/internal/ExtensionResolutionException
instanceKlass org/apache/maven/plugin/version/PluginVersionResolutionException
instanceKlass org/codehaus/plexus/component/configurator/ComponentConfigurationException
instanceKlass org/apache/maven/plugin/InvalidPluginDescriptorException
instanceKlass org/apache/maven/plugin/MojoNotFoundException
instanceKlass org/apache/maven/plugin/PluginDescriptorParsingException
instanceKlass org/apache/maven/artifact/resolver/AbstractArtifactResolutionException
instanceKlass org/eclipse/aether/RepositoryException
instanceKlass org/apache/maven/execution/MavenExecutionRequestPopulationException
instanceKlass org/apache/maven/plugin/AbstractMojoExecutionException
instanceKlass org/apache/maven/plugin/PluginResolutionException
instanceKlass org/apache/maven/plugin/PluginConfigurationException
instanceKlass org/apache/maven/plugin/PluginManagerException
instanceKlass org/apache/maven/project/ProjectBuildingException
instanceKlass org/apache/maven/settings/building/SettingsBuildingException
instanceKlass org/apache/maven/artifact/InvalidRepositoryException
instanceKlass org/codehaus/plexus/component/repository/exception/ComponentLookupException
instanceKlass org/apache/maven/project/DuplicateProjectException
instanceKlass org/codehaus/plexus/util/dag/CycleDetectedException
instanceKlass ch/qos/logback/core/util/DynamicClassLoadingException
instanceKlass ch/qos/logback/core/util/IncompatibleClassException
instanceKlass ch/qos/logback/core/joran/spi/JoranException
instanceKlass java/util/concurrent/TimeoutException
instanceKlass org/osgi/service/application/ApplicationException
instanceKlass org/eclipse/core/runtime/CoreException
instanceKlass org/osgi/service/prefs/BackingStoreException
instanceKlass org/apache/felix/scr/impl/inject/methods/SuitableMethodNotAccessibleException
instanceKlass org/xml/sax/SAXException
instanceKlass java/util/concurrent/ExecutionException
instanceKlass java/lang/CloneNotSupportedException
instanceKlass javax/xml/parsers/ParserConfigurationException
instanceKlass org/osgi/service/resolver/ResolutionException
instanceKlass java/security/GeneralSecurityException
instanceKlass org/eclipse/osgi/container/ModuleContainer$ResolutionLockException
instanceKlass java/security/PrivilegedActionException
instanceKlass org/osgi/framework/BundleException
instanceKlass org/osgi/framework/InvalidSyntaxException
instanceKlass java/lang/InterruptedException
instanceKlass java/net/URISyntaxException
instanceKlass java/lang/instrument/UnmodifiableClassException
instanceKlass java/io/IOException
instanceKlass java/lang/ReflectiveOperationException
instanceKlass java/lang/RuntimeException
ciInstanceKlass java/lang/Exception 1 1 40 10 7 12 1 1 1 10 12 1 10 12 1 10 12 1 10 12 1 100 1 1 1 1 5 0 1 1 1 1 1 1 1 1 1 1 1 1 1 1
instanceKlass org/apache/maven/artifact/repository/metadata/RepositoryMetadataDeploymentException
instanceKlass org/apache/maven/artifact/repository/metadata/RepositoryMetadataInstallationException
instanceKlass lombok/eclipse/agent/PatchDelegate$DelegateRecursion
instanceKlass java/lang/Exception
instanceKlass java/lang/Error
ciInstanceKlass java/lang/Throwable 1 1 404 10 7 12 1 1 1 9 7 12 1 1 1 9 12 1 1 9 12 1 9 12 1 1 9 12 1 10 12 1 1 9 12 1 1 10 12 1 1 10 12 1 100 1 7 1 10 8 1 10 12 1 1 8 1 10 100 12 1 1 10 10 12 1 100 1 8 1 10 10 12 1 1 10 7 12 1 1 10 12 1 8 1 9 7 12 1 1 1 10 12 1 1 100 1 10 12 10 12 1 10 7 12 1 1 1 7 1 10 12 10 12 1 10 12 1 7 1 10 10 7 12 1 1 1 11 7 12 1 1 1 10 12 1 1 10 12 1 1 8 1 10 12 1 10 12 1 1 8 1 8 1 10 12 1 1 10 12 1 8 1 8 1 9 12 1 1 10 12 1 1 100 1 10 11 12 1 8 1 8 1 10 7 12 1 1 8 1 10 12 1 8 1 7 1 10 12 1 9 12 1 1 10 12 1 10 7 12 1 9 12 1 1 10 12 1 1 100 1 8 1 10 12 1 10 100 12 1 1 10 12 1 1 7 1 10 100 12 1 1 1 10 12 1 11 7 12 1 1 1 11 7 12 1 1 11 12 1 8 1 10 12 1 1 8 1 10 10 9 100 12 1 1 1 8 1 10 12 1 1 11 10 100 1 8 1 10 11 12 1 1 8 1 9 12 1 10 100 12 1 1 11 9 12 1 1 11 12 1 1 100 10 12 1 10 12 1 1 7 1 1 1 1 5 0 1 1 1 1 1 1 1 1 1 1 1 1 1 7 1 1 1 1 1 1 1 1 1 1 1 1 1 1 1 1 1 1 1 1 1 1 1 1 1 1 1 1 1 1 1 1 1 1 1 1 1 1 1 1 1 1 1 1 100 1 7 1 1 1 1 1 1 1 1 1 1 1 1 1 1 1 1 1 1
staticfield java/lang/Throwable UNASSIGNED_STACK [Ljava/lang/StackTraceElement; 0 [Ljava/lang/StackTraceElement;
staticfield java/lang/Throwable SUPPRESSED_SENTINEL Ljava/util/List; java/util/Collections$EmptyList
staticfield java/lang/Throwable EMPTY_THROWABLE_ARRAY [Ljava/lang/Throwable; 0 [Ljava/lang/Throwable;
staticfield java/lang/Throwable $assertionsDisabled Z 1
ciMethod java/lang/Throwable getCause ()Ljava/lang/Throwable; 0 0 10 0 0
instanceKlass org/eclipse/core/internal/resources/SaveManager$MasterTable
instanceKlass org/eclipse/osgi/util/NLS$MessagesProperties
instanceKlass org/eclipse/core/internal/preferences/SortedProperties
instanceKlass java/security/Provider
ciInstanceKlass java/util/Properties 1 1 690 10 7 12 1 1 1 100 1 10 7 12 1 1 7 1 10 12 1 9 12 1 1 9 12 1 1 9 12 1 1 10 7 12 1 1 1 10 12 1 1 8 1 10 7 12 1 1 1 7 1 10 12 1 10 12 1 1 8 1 10 12 1 7 1 10 12 10 12 1 1 9 12 1 1 10 12 1 1 7 1 10 12 1 10 12 1 10 12 1 1 100 1 8 1 10 12 1 10 12 1 10 12 1 1 10 12 1 7 1 3 10 10 100 12 1 1 1 10 12 1 10 12 1 1 8 1 10 12 1 10 12 1 1 8 1 10 100 12 1 1 10 12 1 1 10 12 1 10 12 1 1 100 1 10 12 1 10 12 1 1 100 1 9 100 12 1 1 1 10 12 1 10 12 1 1 10 12 1 1 10 12 1 1 100 1 9 12 1 1 7 1 7 1 10 12 1 7 1 11 7 12 1 1 1 11 12 1 1 11 7 12 1 1 1 11 7 12 1 1 1 11 12 1 1 11 12 1 11 12 1 10 12 1 1 8 1 10 12 1 10 100 12 1 1 10 12 1 100 1 10 10 12 1 10 12 1 100 1 10 10 12 1 1 10 7 12 1 1 9 100 12 1 1 10 12 1 1 10 100 12 1 1 1 100 1 100 1 100 1 10 8 1 8 1 10 12 1 10 12 1 10 12 1 1 10 10 12 1 1 10 12 1 1 7 1 10 10 12 1 11 7 12 1 1 10 7 12 1 1 1 8 1 10 100 12 1 1 11 11 7 1 8 1 10 100 1 11 10 12 1 10 10 12 1 10 12 1 1 10 12 1 1 10 12 1 1 10 12 1 10 12 1 10 10 12 1 10 12 1 10 12 1 10 10 12 1 1 10 12 1 1 10 10 12 1 10 12 1 10 12 1 10 12 1 10 12 1 1 10 12 1 1 10 12 1 10 12 1 10 12 1 1 10 12 10 12 1 1 10 12 1 1 10 12 1 10 12 1 1 10 12 1 1 10 12 10 11 12 1 4 11 10 12 1 1 10 100 12 1 1 11 12 1 10 12 1 1 10 100 12 1 1 10 12 1 100 1 8 1 10 12 1 10 10 100 12 1 1 1 100 1 6 0 10 12 1 1 11 100 12 1 1 1 10 12 1 10 12 1 1 1 1 1 5 0 1 1 1 1 1 1 1 1 1 1 1 1 1 1 1 1 1 1 1 1 1 1 1 1 1 1 1 1 1 1 1 1 1 1 1 1 1 1 1 100 1 1 1 1 1 1 1 1 1 1 1 1 1 1 1 1 1 1 1 1 100 1 1 1 1 1 1 1 1 1 1 1 1 7 1 7 1 1 1 1 1 100 1 1 1 1 1 1 1 1 1 1 1 1 1 1 1 1 1 1 1 1 1 1 1 1 1 1 1 1 1 1 1 1 1 1 1 1 1 1 1 1 1 1 1 1 1 1 1 1 1 1 1 1 1 1 1 1 1 1 1 1 1 1 1 1 1 1 1 1 1 1 1 1 1 1 1 1 1 7 1 1 1 1 1 1 1 1 1 1 1 100 1 1
staticfield java/util/Properties UNSAFE Ljdk/internal/misc/Unsafe; jdk/internal/misc/Unsafe
instanceKlass org/apache/felix/scr/impl/helper/ReadOnlyDictionary
instanceKlass org/osgi/framework/FrameworkUtil$MapAsDictionary
instanceKlass org/eclipse/osgi/framework/util/CaseInsensitiveDictionaryMap$UnmodifiableDictionary
instanceKlass org/eclipse/osgi/framework/util/CaseInsensitiveDictionaryMap
instanceKlass org/eclipse/osgi/internal/framework/EquinoxBundle$SystemBundle$SystemBundleHeaders
instanceKlass org/eclipse/osgi/storage/BundleInfo$CachedManifest
instanceKlass java/util/Hashtable
ciInstanceKlass java/util/Dictionary 1 1 36 10 7 12 1 1 1 100 1 1 1 1 1 1 1 1 1 1 1 1 1 1 1 1 1 1 1 1 1 1 1 1 1 1 1 1
instanceKlass java/util/Properties
ciInstanceKlass java/util/Hashtable 1 1 516 7 1 10 7 12 1 1 1 9 7 12 1 1 1 100 1 7 1 10 8 1 10 12 1 1 10 12 1 10 12 1 1 10 12 1 10 7 12 1 1 1 8 1 10 12 1 9 12 1 1 7 1 9 12 1 1 4 10 7 12 1 1 1 9 12 1 4 10 12 1 11 7 12 1 1 1 10 12 1 1 10 12 1 1 9 12 1 10 12 1 1 100 1 10 9 12 1 1 10 7 12 1 1 1 9 12 1 1 10 12 1 10 12 1 3 9 12 1 9 12 1 3 10 12 1 10 12 1 10 12 1 1 11 12 1 1 11 7 12 1 1 1 11 7 12 1 1 1 11 12 1 7 1 11 12 1 11 12 1 10 12 1 1 10 12 1 1 10 12 1 9 12 1 1 9 12 9 12 1 1 10 100 1 7 1 10 12 1 10 8 1 10 10 12 1 8 1 10 8 1 10 7 12 1 1 1 7 1 10 12 1 10 12 1 100 1 10 12 1 10 12 1 1 7 1 10 100 1 10 10 12 1 1 11 12 1 1 11 12 1 7 1 10 10 10 100 12 1 1 11 100 12 1 1 1 100 1 10 11 100 12 1 1 11 100 12 1 10 12 1 10 12 1 1 10 100 12 1 1 10 12 1 1 10 12 1 1 10 12 1 1 10 100 12 1 1 1 8 10 100 12 1 1 100 1 8 1 10 4 4 10 12 1 1 10 12 1 8 1 4 10 12 10 100 12 1 1 1 100 1 11 100 12 1 1 1 10 100 12 1 1 1 10 12 1 10 12 1 1 10 7 1 7 1 1 1 1 1 1 5 0 1 1 1 1 1 3 1 3 1 3 1 1 1 1 1 1 1 1 1 1 1 1 1 1 1 1 1 1 1 1 1 1 1 1 1 100 1 1 1 1 1 1 1 1 1 1 1 1 1 1 1 1 1 1 1 1 1 1 1 1 1 1 1 1 1 7 1 1 1 1 1 1 1 1 1 1 1 1 1 1 7 1 1 1 1 1 1 1 1 1 1 1 1 1 1 1 1 1 1 1 1 1 1 1 1 1 1 1 1 1 1 1 1 1 1 1 1 1 1 1 1 1 1 1 1 100 1 1 1 7 1 1 1 1 1 7 1 1 1 1 1 1 1 1 1 1 1 1 1 1 1 1 1 1
ciInstanceKlass java/lang/String 1 1 1451 10 7 12 1 1 1 8 1 9 7 12 1 1 1 9 12 1 1 9 12 1 1 9 12 1 1 10 12 1 10 12 1 1 10 12 1 1 9 12 1 10 7 12 1 1 1 10 12 1 1 10 12 1 10 7 12 1 1 1 10 12 1 1 10 12 1 1 10 12 1 10 12 1 1 10 12 1 10 7 12 1 1 1 7 1 9 7 12 1 1 1 10 7 12 1 1 1 10 12 1 1 10 12 1 1 10 7 12 1 1 1 10 12 1 1 9 7 12 1 1 10 12 9 7 12 1 1 10 12 1 1 3 10 12 1 1 7 1 11 12 1 1 11 12 1 11 12 1 1 10 100 12 1 1 1 10 12 1 1 9 100 12 1 1 1 10 12 1 1 10 12 1 11 12 1 1 10 12 1 10 12 10 12 1 1 10 7 12 1 1 1 10 7 12 1 1 1 10 12 1 1 100 1 7 1 10 12 1 10 12 1 10 12 1 1 10 12 1 1 100 1 10 12 1 1 100 1 10 12 1 1 10 12 1 1 10 12 1 10 10 12 1 100 1 100 1 100 1 10 12 1 10 12 1 1 10 12 1 1 10 12 1 10 12 1 1 10 12 1 1 10 100 12 1 1 100 1 11 10 7 12 1 1 11 12 1 11 12 1 10 12 1 1 10 12 1 10 12 10 12 1 1 10 10 100 12 1 1 1 10 100 12 1 1 10 12 1 1 10 100 12 1 1 10 12 1 10 12 1 1 10 12 1 1 10 12 1 10 12 1 10 12 1 1 100 1 10 12 1 1 10 12 10 12 1 10 12 1 1 10 12 1 1 10 7 12 1 1 1 10 12 1 10 12 1 1 10 12 1 10 12 1 3 3 10 12 1 1 10 12 1 10 12 1 1 10 12 1 1 10 12 1 1 10 12 1 10 12 1 1 10 12 1 1 10 12 1 10 12 1 10 12 1 10 12 1 1 10 12 1 10 12 1 10 12 1 10 12 1 10 12 1 10 12 1 10 7 1 10 8 1 10 12 1 1 10 12 1 8 1 10 12 1 1 10 12 10 12 1 8 1 10 10 12 1 1 10 12 1 1 10 12 1 1 10 7 1 10 10 12 1 10 12 1 10 12 1 10 10 12 1 10 12 1 10 12 1 10 12 1 10 12 1 10 12 1 10 12 1 1 10 12 1 1 10 12 1 1 10 10 12 1 1 10 10 12 1 100 1 10 10 12 1 1 10 12 1 1 10 7 1 10 12 1 10 12 1 10 7 12 1 1 1 10 12 1 10 12 1 1 10 12 1 11 7 1 11 12 10 12 1 10 12 1 1 10 12 1 1 10 10 12 1 10 12 1 9 12 1 1 11 7 12 1 1 1 10 12 10 10 12 1 10 12 1 1 10 10 12 1 10 12 1 10 12 1 1 10 12 1 1 10 10 12 1 1 10 12 1 10 10 12 1 10 12 10 10 12 10 10 12 1 10 12 1 10 10 12 10 7 12 1 1 1 10 12 10 10 12 10 12 1 10 12 10 12 10 10 12 1 10 12 1 1 10 12 1 1 10 10 12 1 10 7 12 1 1 1 10 12 1 1 10 10 7 12 1 1 1 11 10 12 1 10 12 1 1 10 12 1 1 10 7 12 1 1 1 10 12 1 10 12 1 10 12 1 10 12 1 10 12 1 10 12 1 100 1 7 1 8 1 10 10 10 12 1 10 12 1 1 8 1 10 12 1 3 3 10 12 1 10 12 1 1 10 12 7 1 10 10 12 1 1 10 12 1 10 12 1 10 12 1 1 10 12 1 1 11 7 12 1 1 1 7 1 10 12 1 10 12 1 1 8 1 10 12 1 1 10 12 1 11 7 12 1 1 1 11 7 12 1 1 11 12 1 10 12 1 10 12 1 1 10 10 7 12 1 1 1 10 12 1 10 12 1 10 10 12 10 12 1 1 10 10 12 1 10 10 12 1 10 10 12 1 10 10 12 1 10 12 1 1 10 10 12 1 8 1 10 12 1 1 18 12 1 1 11 100 12 1 1 1 7 1 3 18 12 1 18 12 1 8 1 10 100 12 1 1 1 11 12 1 1 10 12 10 10 12 1 10 11 12 1 1 10 12 1 1 11 12 1 18 3 11 10 12 1 11 11 10 12 1 10 12 1 1 8 1 10 12 1 10 12 1 10 12 1 1 10 10 12 1 11 100 12 1 100 1 100 1 10 12 100 1 10 10 100 12 1 1 1 100 1 10 7 1 10 10 12 1 10 10 12 1 8 1 10 10 12 1 8 1 8 1 10 12 1 10 12 1 10 10 12 10 7 12 1 1 10 7 12 1 1 10 7 12 1 1 8 1 10 12 1 10 12 1 10 9 12 1 10 12 9 7 12 1 1 1 10 12 1 10 12 1 10 12 1 10 12 10 12 1 10 12 1 8 1 10 100 12 1 1 1 10 12 10 12 1 1 10 12 10 10 12 10 12 7 1 9 12 1 1 7 1 10 7 1 7 1 7 1 7 1 1 1 1 1 1 5 0 1 1 1 1 1 3 1 3 1 1 1 1 1 1 1 1 1 1 1 1 1 1 1 100 1 1 1 1 1 1 1 1 1 1 1 1 1 1 1 1 1 1 1 1 1 1 1 1 1 1 1 1 1 1 1 100 1 1 1 1 1 1 1 1 1 1 1 1 7 1 1 1 1 1 1 1 1 1 1 1 1 1 1 1 1 1 1 1 1 1 1 1 1 1 1 1 1 1 1 1 1 1 1 1 1 1 1 1 1 1 1 1 1 1 1 1 1 1 1 1 1 1 1 1 1 1 1 1 1 1 1 1 1 1 1 1 1 1 1 1 1 1 1 1 1 1 1 1 1 1 1 1 1 1 1 1 1 1 1 1 1 1 1 1 1 1 1 1 1 1 1 1 1 1 1 1 1 1 1 1 1 1 1 1 1 1 1 1 1 1 1 1 1 1 1 1 1 1 1 1 1 1 1 1 1 1 1 1 1 1 1 1 1 1 1 1 1 1 1 1 1 1 1 1 1 1 1 1 1 1 1 1 1 1 1 1 1 1 1 1 1 1 1 100 1 1 1 1 1 1 1 1 1 1 1 1 1 1 1 1 1 1 1 1 1 1 1 100 1 1 1 1 1 1 1 1 1 1 1 1 1 1 1 7 1 1 1 1 1 1 1 1 1 1 1 1 1 1 1 16 15 10 12 16 15 10 12 15 10 12 15 10 12 15 10 100 12 1 1 1 1 1 1 1 100 1 100 1 1 1
staticfield java/lang/String COMPACT_STRINGS Z 1
staticfield java/lang/String serialPersistentFields [Ljava/io/ObjectStreamField; 0 [Ljava/io/ObjectStreamField;
staticfield java/lang/String CASE_INSENSITIVE_ORDER Ljava/util/Comparator; java/lang/String$CaseInsensitiveComparator
ciMethod java/lang/String equals (Ljava/lang/Object;)Z 1024 0 8131 0 416
ciMethod java/lang/String hashCode ()I 1024 0 6955 0 176
ciMethod java/lang/String length ()I 586 0 981309 0 112
ciMethod java/lang/String charAt (I)C 550 0 1918217 0 192
ciMethod java/lang/String isEmpty ()Z 512 0 158438 0 104
ciInstanceKlass java/lang/constant/ConstantDesc 1 0 37 100 1 100 1 1 1 1 100 1 1 1 1 100 1 100 1 100 1 100 1 100 1 100 1 100 1 100 1 100 1 1 100 1 100 1 1
ciInstanceKlass jdk/internal/misc/VM 1 1 320 10 7 12 1 1 1 9 7 12 1 1 1 9 12 1 1 7 1 7 1 10 8 1 10 12 1 1 10 12 1 10 12 1 1 10 12 1 10 12 1 10 12 1 9 12 1 1 8 1 10 12 1 9 12 1 1 9 12 1 9 12 1 3 10 7 12 1 1 1 9 12 1 1 100 1 8 1 10 11 7 12 1 1 1 7 1 10 100 12 1 1 1 10 12 1 8 1 8 1 10 12 1 1 8 1 10 12 1 1 10 7 12 1 1 1 10 12 1 1 10 7 12 1 1 1 5 0 8 1 8 1 8 1 10 12 1 1 10 12 1 1 10 7 12 1 1 1 10 12 1 9 12 1 100 1 10 12 1 10 7 12 1 1 9 12 1 9 12 1 9 7 12 1 1 1 9 12 1 9 12 1 9 12 1 9 12 1 9 12 1 10 12 1 10 12 1 10 12 1 10 12 1 10 12 1 9 100 12 1 1 1 5 0 10 1 1 3 1 3 1 3 1 3 1 3 1 1 1 1 1 1 1 1 1 3 1 3 1 3 1 1 1 1 1 1 1 7 1 1 1 100 1 1 1 1 1 1 1 1 1 1 1 1 1 1 1 1 1 1 1 1 1 1 1 1 1 1 1 1 1 1 1 1 1 1 1 1 1 1 1 1 1 1 1 1 1 1 1 1 1 1 1 1 1 1 1 1 1 1 1 1 100 1 1 7 1 1 1 1
staticfield jdk/internal/misc/VM lock Ljava/lang/Object; java/lang/Object
ciInstanceKlass java/lang/InternalError 1 1 34 10 7 12 1 1 1 10 12 1 10 12 1 10 12 1 100 1 1 1 1 5 0 1 1 1 1 1 1 1 1 1 1 1
instanceKlass java/io/IOError
instanceKlass javax/xml/parsers/FactoryConfigurationError
instanceKlass com/google/common/util/concurrent/ExecutionError
instanceKlass java/util/ServiceConfigurationError
instanceKlass java/lang/ThreadDeath
instanceKlass java/lang/AssertionError
instanceKlass java/lang/VirtualMachineError
instanceKlass java/lang/LinkageError
ciInstanceKlass java/lang/Error 1 1 40 10 7 12 1 1 1 10 12 1 10 12 1 10 12 1 10 12 1 100 1 1 1 1 5 0 1 1 1 1 1 1 1 1 1 1 1 1 1 1
instanceKlass java/lang/StackOverflowError
instanceKlass java/lang/OutOfMemoryError
instanceKlass java/lang/InternalError
ciInstanceKlass java/lang/VirtualMachineError 1 1 34 10 7 12 1 1 1 10 12 1 10 12 1 10 12 1 100 1 1 1 1 5 0 1 1 1 1 1 1 1 1 1 1 1
ciInstanceKlass java/util/Set 1 1 144 100 1 10 7 12 1 1 1 9 7 12 1 1 1 7 1 10 12 1 1 10 12 1 7 1 7 1 10 12 1 7 1 7 1 11 7 12 1 1 1 11 12 1 1 7 1 10 12 1 10 12 1 1 11 12 1 1 1 1 1 1 1 1 1 1 1 1 1 1 1 1 1 1 1 1 1 1 1 1 1 1 1 1 1 1 1 1 1 1 1 1 1 1 1 1 1 1 1 1 1 1 1 1 1 1 1 1 1 1 1 1 1 1 1 1 1 1 1 1 1 1 1 1 1 1 1 1 1 1 1 1 1 1 1 1 1 1 1 1 1 1 1 1
ciInstanceKlass java/util/Iterator 1 1 53 100 1 8 1 10 12 1 1 10 7 12 1 1 1 11 7 12 1 1 1 11 12 1 1 11 7 12 1 1 1 7 1 1 1 1 1 1 1 1 1 1 1 1 1 1 1 1 1 1 1 1 1
ciInstanceKlass java/util/Map$Entry 1 0 178 18 12 1 1 7 1 100 1 18 10 100 12 1 1 1 18 12 1 18 100 1 11 7 12 1 1 1 11 12 1 11 7 12 1 1 1 10 100 12 1 1 1 10 7 12 1 1 1 8 1 10 12 1 1 8 1 8 1 8 1 10 12 1 10 12 1 8 10 7 1 10 12 1 8 10 12 1 8 1 10 12 1 8 10 12 1 8 1 10 12 1 1 8 1 100 1 8 1 10 12 1 1 11 12 7 1 11 12 1 1 1 1 1 1 1 1 1 1 1 1 1 1 1 1 1 1 1 1 1 1 1 1 1 1 1 1 1 1 1 1 1 1 1 1 1 1 1 16 15 11 12 16 3 3 15 11 12 15 11 12 15 11 12 15 10 100 12 1 1 1 1 1 100 1 100 1 1
instanceKlass org/eclipse/jdt/ls/core/internal/ConnectionStreamFactory$NamedPipeInputStream
instanceKlass sun/nio/ch/ChannelInputStream
instanceKlass java/io/ObjectInputStream$PeekInputStream
instanceKlass java/io/ObjectInputStream$BlockDataInputStream
instanceKlass org/eclipse/core/internal/resources/ContentDescriptionManager$LazyFileInputStream
instanceKlass java/io/ObjectInputStream
instanceKlass org/eclipse/core/internal/localstore/SafeChunkyInputStream
instanceKlass org/eclipse/core/internal/registry/BufferedRandomInputStream
instanceKlass com/sun/org/apache/xerces/internal/impl/XMLEntityManager$RewindableInputStream
instanceKlass org/eclipse/osgi/storage/url/reference/ReferenceInputStream
instanceKlass java/util/jar/JarVerifier$VerifierStream
instanceKlass java/util/zip/ZipFile$ZipFileInputStream
instanceKlass java/io/FilterInputStream
instanceKlass java/io/FileInputStream
instanceKlass java/io/ByteArrayInputStream
ciInstanceKlass java/io/InputStream 1 1 195 7 1 10 7 12 1 1 1 100 1 10 10 7 12 1 1 1 10 7 12 1 1 1 10 12 1 100 1 3 10 12 1 1 100 1 8 1 10 12 1 10 7 12 1 1 1 3 7 1 8 1 10 10 7 12 1 1 1 7 1 10 11 7 12 1 1 1 10 12 1 1 11 12 1 1 11 7 12 1 1 1 11 12 1 1 7 1 10 7 12 1 1 1 5 0 10 12 1 10 12 1 1 100 1 10 8 1 10 8 1 8 1 10 12 1 1 10 100 12 1 1 1 7 1 5 0 10 12 1 100 1 7 1 1 1 1 3 1 3 1 1 1 1 1 1 1 1 1 1 1 1 1 1 1 1 1 1 1 1 1 1 1 1 1 1 1 1 1 1 1 1 1 1 1 1 1 1 1 1 1 1 1 1 1 1 1 1 1 1 1 1 1 1 1
ciMethod java/io/OutputStream flush ()V 422 0 211 0 -1
ciInstanceKlass jdk/internal/misc/Unsafe 1 1 1287 10 7 12 1 1 1 9 7 12 1 1 1 9 12 1 1 10 12 1 1 10 7 12 1 1 1 10 12 1 1 10 12 1 1 10 12 1 1 10 12 1 1 10 12 1 1 10 12 1 1 10 12 1 1 10 12 1 1 10 12 1 1 10 12 1 1 10 12 1 1 10 12 1 1 10 12 1 1 10 12 1 10 12 1 100 1 10 10 12 1 1 10 12 1 1 5 0 10 12 1 1 10 12 1 1 10 7 12 1 1 1 10 12 1 1 10 12 1 10 12 1 10 12 1 1 10 12 1 1 10 12 1 10 12 1 7 1 7 1 10 8 1 10 12 1 1 10 12 1 8 1 10 12 1 1 10 12 1 10 12 1 10 12 1 1 10 12 1 10 12 1 1 10 12 1 1 10 12 1 10 12 1 10 12 1 10 12 1 1 10 12 1 10 12 1 10 12 1 1 10 12 1 5 0 5 0 5 0 10 12 1 10 12 1 10 12 1 10 12 1 10 12 1 10 12 1 10 12 1 10 12 1 10 12 1 1 10 12 1 10 12 1 7 1 8 1 10 100 1 10 10 12 1 1 10 12 1 1 10 12 1 10 12 1 1 10 12 1 1 10 12 1 10 12 1 1 10 12 1 9 7 12 1 1 9 12 1 100 1 10 10 12 1 1 8 1 10 8 1 8 1 10 12 1 1 9 7 12 1 1 1 9 7 1 9 7 1 9 7 1 9 9 7 1 9 7 1 9 7 1 10 12 1 1 10 12 1 1 10 12 1 1 10 12 1 1 5 0 5 0 9 12 1 1 10 12 1 10 12 1 10 12 1 1 10 12 1 1 10 12 1 8 1 3 10 12 1 1 10 12 1 1 10 12 1 10 12 1 1 10 12 1 1 10 12 1 10 12 1 10 12 1 10 12 1 10 12 1 10 12 1 1 10 12 1 1 10 12 1 10 12 1 10 12 1 10 12 1 10 12 1 10 12 1 1 10 12 1 1 10 12 1 10 12 1 10 12 1 10 12 1 10 12 1 10 12 1 1 10 12 1 1 10 12 1 1 10 12 1 1 10 12 1 10 12 1 10 12 1 10 12 1 10 12 1 10 12 1 10 12 1 1 10 12 1 1 10 12 1 10 12 1 10 12 1 10 12 1 10 12 1 10 12 1 10 12 1 1 10 12 1 1 10 12 1 10 12 1 10 12 1 10 12 1 10 12 1 10 12 1 10 12 1 10 12 1 1 10 12 1 10 12 1 10 12 1 10 12 1 10 12 1 1 10 12 1 10 12 1 10 12 1 10 12 1 10 12 1 10 12 1 10 12 1 10 12 1 1 10 12 1 10 12 1 10 12 1 10 12 1 10 12 1 10 12 1 1 10 12 1 10 12 1 10 12 1 1 10 12 1 10 12 1 10 12 1 10 12 1 10 12 1 10 12 1 10 12 1 10 12 1 10 12 1 10 12 1 10 12 1 10 12 1 10 12 1 10 12 1 10 12 1 10 12 1 10 12 1 10 12 1 10 12 1 10 12 1 10 12 1 10 12 1 10 12 1 100 1 10 100 1 10 9 12 1 5 0 10 12 1 1 5 0 10 12 1 5 0 10 12 1 10 12 1 10 12 1 1 10 12 1 1 10 12 1 10 12 1 10 12 1 10 12 1 1 10 12 1 10 12 1 10 12 1 10 12 1 10 12 1 1 10 12 1 10 12 1 10 12 1 10 12 1 1 10 12 1 10 12 1 10 12 1 1 10 12 1 10 12 1 10 12 1 10 12 1 1 10 12 1 10 10 12 1 1 10 12 1 10 12 1 1 10 12 1 10 12 5 0 5 0 5 0 10 12 1 1 10 12 1 10 12 1 10 12 10 100 12 1 1 8 1 100 1 11 12 1 1 8 1 11 12 1 1 10 100 12 1 1 10 12 1 10 12 1 10 12 1 10 12 1 10 12 1 1 10 12 1 10 12 1 10 12 1 10 12 1 10 12 1 10 12 1 10 7 1 10 12 1 9 12 1 7 1 9 12 1 7 1 9 12 1 7 1 9 12 1 7 1 9 12 1 7 1 9 12 1 7 1 9 12 1 7 1 9 12 1 7 1 9 12 1 10 12 1 9 12 1 9 12 1 9 12 1 9 12 1 9 12 1 9 12 1 9 12 1 9 12 1 9 12 1 9 12 1 1 1 3 1 1 1 1 1 1 1 1 1 1 1 1 1 1 1 1 1 1 1 1 1 1 1 1 1 1 1 1 1 1 1 1 1 1 1 1 1 1 1 1 1 1 1 1 1 1 1 1 1 1 1 1 1 1 1 1 1 1 1 1 1 1 1 1 1 1 1 1 1 1 1 1 1 1 1 1 1 1 1 1 1 1 1 1 1 1 1 1 1 100 1 1 1 1 1 1 1 1 1 1 1 1 1 1 1 1 1 1 1 1 1 1 1 1 1 1 1 1 1 1 1 1 1 1 1 1 1 1 1 1 1 1 1 1 1 1 1 1 1 1 1 1 1 1 1 1 1 1 1 1 1 1 1 1 1 1 1 1 1 1 1 1 1 1 1 1 1 1 1 1 1 1 1 1 1 1 1 1 1 1 1 1 1 1 1 1 1 1 1 1 1 1 1 1 1 1 1 1 1 1 1 1 1 1 1 1 1 1 1 1 1 1 1 1 1 1 1 1 1 1 1 1 1 1 1 1 1 1 1 1 1 1 1 1 1 1 1 1 1 1 1 1 1 1 1 1 1 1 1 1 1 1 1 1 1 1 1 1 1 1 1 1 1 1 1 1 1 1 1 1 1 1 1 1 1 1 1 1 1 1 1 1 1 1 1 1 1 1 1 1 1 1 1 1 1 1 3 1 1 1 1 1 1 1 1 1 1 1 1 1 1 1 1 1 1 1 1 1
staticfield jdk/internal/misc/Unsafe theUnsafe Ljdk/internal/misc/Unsafe; jdk/internal/misc/Unsafe
staticfield jdk/internal/misc/Unsafe ARRAY_BOOLEAN_BASE_OFFSET I 16
staticfield jdk/internal/misc/Unsafe ARRAY_BYTE_BASE_OFFSET I 16
staticfield jdk/internal/misc/Unsafe ARRAY_SHORT_BASE_OFFSET I 16
staticfield jdk/internal/misc/Unsafe ARRAY_CHAR_BASE_OFFSET I 16
staticfield jdk/internal/misc/Unsafe ARRAY_INT_BASE_OFFSET I 16
staticfield jdk/internal/misc/Unsafe ARRAY_LONG_BASE_OFFSET I 16
staticfield jdk/internal/misc/Unsafe ARRAY_FLOAT_BASE_OFFSET I 16
staticfield jdk/internal/misc/Unsafe ARRAY_DOUBLE_BASE_OFFSET I 16
staticfield jdk/internal/misc/Unsafe ARRAY_OBJECT_BASE_OFFSET I 16
staticfield jdk/internal/misc/Unsafe ARRAY_BOOLEAN_INDEX_SCALE I 1
staticfield jdk/internal/misc/Unsafe ARRAY_BYTE_INDEX_SCALE I 1
staticfield jdk/internal/misc/Unsafe ARRAY_SHORT_INDEX_SCALE I 2
staticfield jdk/internal/misc/Unsafe ARRAY_CHAR_INDEX_SCALE I 2
staticfield jdk/internal/misc/Unsafe ARRAY_INT_INDEX_SCALE I 4
staticfield jdk/internal/misc/Unsafe ARRAY_LONG_INDEX_SCALE I 8
staticfield jdk/internal/misc/Unsafe ARRAY_FLOAT_INDEX_SCALE I 4
staticfield jdk/internal/misc/Unsafe ARRAY_DOUBLE_INDEX_SCALE I 8
staticfield jdk/internal/misc/Unsafe ARRAY_OBJECT_INDEX_SCALE I 4
staticfield jdk/internal/misc/Unsafe ADDRESS_SIZE I 8
instanceKlass org/eclipse/sisu/space/CloningClassSpace$CloningClassLoader
instanceKlass org/apache/aries/spifly/MultiDelegationClassloader
instanceKlass org/apache/aries/spifly/Util$WrapperCL
instanceKlass lombok/launch/ShadowClassLoader
instanceKlass org/eclipse/osgi/internal/loader/ModuleClassLoader
instanceKlass org/eclipse/osgi/internal/framework/ContextFinder
instanceKlass org/eclipse/osgi/internal/framework/EquinoxContainer$1
instanceKlass lombok/launch/ShadowClassLoader
instanceKlass jdk/internal/reflect/DelegatingClassLoader
instanceKlass java/security/SecureClassLoader
ciInstanceKlass java/lang/ClassLoader 1 1 1108 9 7 12 1 1 1 10 7 12 1 1 1 9 12 1 1 10 7 12 1 1 1 7 1 10 12 1 1 10 12 1 1 9 12 1 1 10 12 1 1 100 1 10 12 1 10 12 1 1 10 7 12 1 1 1 100 1 8 1 10 12 1 10 7 12 1 1 1 10 7 12 1 10 7 1 10 7 1 7 1 7 1 10 12 1 10 12 1 9 12 1 1 10 10 7 12 1 1 1 9 12 1 1 9 12 1 9 12 1 1 9 12 1 9 12 1 1 9 12 1 1 7 1 10 12 1 9 12 1 1 10 12 1 1 10 7 12 1 1 1 9 12 1 9 12 1 1 9 12 1 10 12 1 1 9 12 10 12 1 1 7 1 10 8 1 10 12 1 1 10 12 1 10 7 1 7 1 10 12 1 1 10 7 12 1 1 1 8 1 10 12 1 10 12 1 10 12 1 1 10 12 1 1 10 12 1 1 10 12 1 1 10 12 1 1 10 12 1 7 1 10 12 1 10 7 12 1 1 1 10 12 1 1 10 12 1 10 12 1 10 12 1 10 12 1 10 12 1 1 10 10 12 1 10 12 1 10 100 12 1 1 10 12 1 1 10 12 1 1 10 12 1 100 1 10 12 1 7 1 10 12 1 10 7 12 1 1 1 10 10 12 1 1 10 12 1 1 7 1 8 1 10 8 1 10 12 1 10 12 1 100 1 8 1 10 12 1 1 10 12 1 1 10 10 12 1 1 10 12 1 1 10 12 1 1 10 7 1 10 12 1 1 10 12 1 1 10 12 1 1 10 12 1 1 10 12 1 1 10 12 1 1 10 12 1 10 7 12 1 1 1 10 12 1 10 12 1 10 12 1 1 10 12 1 10 12 1 10 12 1 10 12 1 1 10 12 1 10 12 1 1 8 1 9 12 1 10 12 1 1 8 1 8 1 10 7 12 1 1 100 1 10 10 12 10 12 1 10 12 1 10 12 1 10 12 1 1 10 7 12 1 1 10 12 1 10 7 1 7 1 10 12 1 1 10 12 1 10 7 1 10 12 1 100 1 18 12 1 10 100 12 1 1 1 10 7 12 1 1 1 10 7 12 1 1 10 12 1 10 12 1 100 1 10 12 1 8 1 10 10 12 1 1 10 12 1 10 12 1 1 7 1 10 12 1 10 12 1 1 10 7 12 1 1 10 12 1 8 1 100 1 10 10 12 1 9 12 1 10 7 12 1 1 10 12 1 7 1 8 1 10 12 1 10 8 1 8 1 10 12 1 1 10 12 1 1 10 12 1 1 10 7 12 1 1 7 1 100 1 10 12 1 1 7 1 7 1 10 7 12 1 1 10 12 1 10 12 1 1 10 12 1 10 12 1 1 10 12 1 1 9 100 12 1 1 1 10 12 1 1 10 12 1 10 12 1 10 12 1 1 10 12 1 8 1 7 1 18 12 1 1 10 12 1 1 10 12 1 10 12 1 10 12 1 8 1 10 12 1 10 12 1 18 12 1 11 100 12 1 1 1 100 1 10 12 1 1 10 12 1 10 11 12 1 1 10 18 10 12 1 1 11 7 12 1 18 12 1 11 12 1 1 10 12 10 12 1 1 10 12 1 1 100 1 8 1 10 10 12 1 8 1 8 1 10 100 12 1 1 10 12 1 100 1 10 10 12 1 8 1 8 1 8 1 10 12 1 10 12 1 1 10 12 1 10 7 12 1 1 1 11 7 12 1 1 100 1 10 11 10 12 1 10 12 1 10 12 1 1 9 7 12 1 1 9 12 1 1 9 12 9 12 1 9 12 1 9 12 1 8 10 12 1 1 10 7 12 1 1 1 10 12 1 1 10 12 1 1 10 12 1 10 10 12 1 11 12 1 1 10 100 12 1 1 1 100 1 10 12 1 10 12 1 10 12 1 1 1 1 1 1 1 1 1 1 1 1 1 1 1 1 1 1 1 1 1 1 1 1 1 1 1 1 100 1 1 1 1 1 1 1 1 1 1 1 1 1 1 1 1 1 1 1 1 1 100 1 1 1 1 1 1 1 1 1 1 100 1 1 1 1 1 1 1 1 1 1 1 1 1 1 1 1 1 1 1 1 1 1 1 1 1 1 1 1 1 1 1 1 1 1 1 1 1 1 1 1 1 100 1 1 1 1 1 1 1 1 1 1 1 1 1 1 1 1 1 1 1 7 1 1 1 1 1 1 1 1 1 1 1 1 1 1 1 1 1 1 1 1 1 1 1 1 1 1 1 1 1 1 1 1 1 1 1 1 1 1 1 1 1 1 1 1 1 1 1 1 1 1 100 1 1 1 1 1 1 1 1 1 1 1 1 1 1 1 1 1 1 1 1 1 1 1 1 1 1 1 1 1 1 1 1 1 1 1 1 1 1 1 1 1 1 1 1 1 1 16 1 15 10 12 16 1 16 15 10 12 16 1 16 1 15 10 12 16 15 10 12 16 15 10 12 16 15 10 100 12 1 1 1 1 1 100 1 100 1 1
staticfield java/lang/ClassLoader nocerts [Ljava/security/cert/Certificate; 0 [Ljava/security/cert/Certificate;
staticfield java/lang/ClassLoader $assertionsDisabled Z 1
ciMethod java/lang/ClassLoader loadClass (Ljava/lang/String;Z)Ljava/lang/Class; 512 0 1640 2 -1
ciMethod java/lang/ClassLoader loadClass (Ljava/lang/String;)Ljava/lang/Class; 514 0 7191 0 112
ciMethod java/lang/ClassLoader getClassLoadingLock (Ljava/lang/String;)Ljava/lang/Object; 516 0 4980 0 0
ciInstanceKlass java/lang/reflect/Constructor 1 1 439 10 100 12 1 1 1 10 100 12 1 1 9 7 12 1 1 1 10 12 1 1 10 12 1 1 10 100 12 1 1 9 12 1 1 10 7 12 1 1 1 9 12 1 1 9 12 1 1 9 12 1 9 12 1 1 9 12 1 9 12 1 1 9 12 1 1 9 12 1 100 1 8 1 10 12 1 10 12 1 9 12 1 1 10 7 12 1 1 10 7 12 1 1 1 10 12 1 1 10 12 1 1 10 12 1 7 1 100 1 8 1 10 10 12 1 10 12 1 10 12 1 1 10 12 1 1 9 100 12 1 1 1 10 7 12 1 1 10 12 1 1 10 12 1 10 12 1 1 10 7 12 1 1 1 10 100 12 1 1 10 12 1 1 10 12 1 10 7 12 1 1 1 8 1 10 10 12 1 100 1 8 1 10 12 1 10 12 1 1 10 12 1 1 10 12 1 10 12 1 10 12 1 1 10 12 1 1 9 12 1 1 10 12 1 1 10 12 1 1 10 12 1 1 11 7 12 1 1 1 10 12 1 1 10 12 1 10 12 1 10 12 1 8 1 9 12 1 1 10 7 12 1 1 1 10 7 12 1 1 10 12 1 1 10 12 1 1 10 12 1 1 10 12 1 1 10 12 1 9 7 12 1 1 10 12 1 10 12 1 10 12 1 100 1 8 1 10 10 12 1 1 10 12 1 10 10 12 1 1 10 12 1 1 10 100 12 1 1 1 11 100 12 1 1 1 10 12 1 1 9 100 12 1 1 1 10 100 12 1 1 1 10 12 1 1 1 1 1 1 1 1 1 1 1 1 1 1 1 1 1 1 1 1 1 1 1 1 1 1 1 1 1 1 1 1 1 1 1 1 1 1 1 1 1 1 1 1 1 1 1 1 1 1 1 1 100 1 100 1 100 1 100 1 1 1 1 1 1 1 1 1 1 1 1 1 1 1 1 1 1 1 1 1 1 1 1 1 1 1 1 1 1 1 1 1 100 1 1
instanceKlass java/lang/reflect/Executable
instanceKlass java/lang/reflect/Field
ciInstanceKlass java/lang/reflect/AccessibleObject 1 1 400 10 7 12 1 1 1 9 100 12 1 1 1 10 7 12 1 1 1 10 7 12 1 1 10 7 12 1 1 1 10 100 12 1 1 1 10 12 1 1 10 12 1 1 9 12 1 1 7 1 10 7 12 1 1 1 11 12 1 7 1 10 12 1 7 1 100 1 10 12 1 10 12 1 1 10 12 1 1 10 12 1 1 10 12 1 1 7 1 10 7 12 1 1 1 10 12 1 1 11 10 7 12 1 1 1 10 12 1 1 10 12 1 10 12 1 10 12 1 1 10 12 1 8 1 7 1 7 1 10 10 12 1 1 8 1 10 12 1 10 12 1 8 1 8 1 8 1 8 1 8 1 8 1 8 1 8 1 8 1 7 1 10 12 1 10 12 1 9 12 1 1 10 12 1 1 10 12 1 10 7 1 100 1 8 1 10 8 1 10 12 1 8 1 10 12 1 10 12 1 1 10 100 1 8 1 10 11 7 12 1 1 1 10 12 1 1 10 12 1 1 10 12 1 1 9 12 1 1 100 1 10 12 1 7 1 10 12 1 10 12 1 1 10 100 1 10 12 1 10 12 10 12 1 10 12 1 10 12 1 1 10 12 1 9 12 1 10 7 12 1 1 8 1 10 7 12 1 1 1 8 1 10 7 12 1 1 1 9 12 1 7 1 10 7 1 10 10 7 12 1 1 1 7 1 10 10 7 12 1 1 1 7 1 9 12 1 1 1 1 1 1 1 1 1 1 1 1 1 1 1 1 1 1 1 1 1 1 1 1 1 1 1 1 1 1 1 1 1 1 1 1 1 1 1 1 1 1 1 1 1 1 1 1 1 1 1 1 1 1 1 1 1 1 1 1 1 1 1 1 1 1 1 1 1 1 1 1 1 1 1 1 1 1 1 1 1 1 1 1
staticfield java/lang/reflect/AccessibleObject reflectionFactory Ljdk/internal/reflect/ReflectionFactory; jdk/internal/reflect/ReflectionFactory
instanceKlass java/lang/reflect/Constructor
instanceKlass java/lang/reflect/Method
ciInstanceKlass java/lang/reflect/Executable 1 1 581 10 7 12 1 1 1 10 7 12 1 1 1 10 7 12 1 1 1 11 7 12 1 1 1 10 7 12 1 1 1 10 12 1 1 10 7 12 1 1 1 10 7 12 1 1 1 10 12 1 8 1 10 10 12 1 1 10 12 1 1 10 7 12 1 1 1 18 12 1 1 11 7 12 1 1 1 8 1 8 1 8 1 10 7 12 1 1 1 11 12 1 1 7 1 8 1 8 1 10 12 1 7 1 8 1 10 12 1 8 1 11 100 12 1 1 1 7 1 11 7 12 1 1 1 11 12 1 8 1 18 8 1 10 12 1 10 12 1 1 18 8 1 10 12 1 100 1 10 12 1 10 12 1 11 12 1 10 12 1 1 8 1 8 1 10 12 1 1 10 12 1 1 10 10 12 1 9 100 12 1 1 1 10 100 12 1 1 1 10 12 1 10 12 1 1 10 7 12 1 1 10 12 1 10 12 1 10 12 1 10 7 12 1 1 7 1 10 100 12 1 1 1 10 12 1 1 10 7 12 1 1 10 12 1 10 12 1 1 9 7 12 1 1 1 10 7 10 12 1 8 1 10 12 1 10 12 1 3 100 1 8 1 10 12 1 10 12 1 10 10 12 1 10 12 1 1 8 1 8 1 8 1 9 12 1 1 9 12 1 10 12 1 100 1 8 1 10 12 1 10 12 1 10 12 1 1 10 12 1 1 10 12 1 10 12 10 12 1 7 1 10 12 1 10 12 1 1 100 1 10 7 12 1 1 1 7 1 10 7 12 1 1 1 10 12 1 1 11 7 12 1 1 10 12 1 10 100 12 1 1 1 10 12 1 1 9 12 1 10 12 1 1 10 12 1 10 12 1 1 9 7 12 1 1 1 10 7 12 1 1 1 10 12 1 10 12 1 1 9 12 1 10 10 10 10 100 12 1 1 1 10 12 1 9 12 1 10 12 1 1 9 12 1 7 1 7 1 1 1 1 1 1 1 1 1 1 1 1 1 1 1 1 1 1 1 1 1 1 1 1 1 1 1 1 1 1 1 1 1 1 1 1 100 1 1 1 1 1 1 1 1 1 1 1 1 1 1 1 1 1 1 1 100 1 1 1 1 1 1 1 1 1 1 1 1 1 1 1 1 1 1 1 1 1 1 1 1 1 1 1 1 1 1 1 1 1 1 1 1 1 1 1 1 1 1 1 7 1 1 1 1 1 1 1 1 1 1 1 1 1 1 1 1 1 1 1 1 1 1 7 1 1 16 15 16 1 16 1 15 10 12 16 15 10 7 12 1 1 1 1 1 1 100 1 1 100 1 100 1 1
ciInstanceKlass java/lang/reflect/Member 1 1 37 100 1 10 12 1 1 100 1 100 1 1 1 1 3 1 3 1 1 1 1 1 1 1 1 1 1 1 1 1 1 1 1 1 1 1 1
instanceKlass com/sun/jna/internal/Cleaner$CleanerThread
instanceKlass org/eclipse/core/internal/jobs/InternalWorker
instanceKlass org/eclipse/core/internal/jobs/Worker
instanceKlass java/util/logging/LogManager$Cleaner
instanceKlass org/eclipse/osgi/framework/eventmgr/EventManager$EventThread
instanceKlass org/eclipse/equinox/launcher/Main$SplashHandler
instanceKlass jdk/internal/misc/InnocuousThread
instanceKlass java/util/concurrent/ForkJoinWorkerThread
instanceKlass java/lang/ref/Finalizer$FinalizerThread
instanceKlass java/lang/ref/Reference$ReferenceHandler
instanceKlass java/lang/BaseVirtualThread
ciInstanceKlass java/lang/Thread 1 1 870 10 7 12 1 1 1 9 12 1 1 10 7 12 1 1 10 12 1 10 100 12 1 1 100 1 8 1 10 12 1 1 9 12 1 9 12 1 1 9 12 1 1 7 1 10 12 1 1 10 12 1 10 7 12 1 1 1 10 12 9 12 1 1 10 12 1 7 1 10 12 1 100 1 8 1 10 9 7 12 1 1 1 10 12 1 1 10 12 1 1 10 12 1 1 10 12 1 10 12 1 1 3 8 1 7 1 5 0 10 7 12 1 1 1 9 12 1 10 12 1 1 10 7 12 1 1 1 10 7 12 1 1 1 10 12 1 1 10 12 1 1 9 12 1 1 10 7 1 8 1 10 7 1 10 12 1 9 12 1 1 10 7 12 1 1 1 10 10 12 1 1 9 100 12 1 1 1 10 12 1 1 10 12 1 1 10 7 12 1 1 10 12 1 10 12 1 10 7 12 1 1 9 12 1 10 7 12 1 1 1 10 12 1 1 9 12 1 1 9 12 1 1 10 7 12 1 1 1 9 12 1 1 10 100 12 1 1 10 100 12 1 1 1 10 12 1 10 12 1 10 7 12 1 1 9 12 1 8 1 9 7 12 1 1 9 12 1 1 5 0 100 1 10 100 1 10 100 1 10 7 1 10 8 1 10 12 1 1 10 7 12 1 10 12 1 10 12 1 100 1 8 1 10 10 12 1 10 12 1 1 10 100 12 1 1 1 10 100 12 1 1 1 10 12 1 7 1 9 12 1 1 100 1 10 10 12 1 9 12 1 1 10 12 1 1 10 12 1 1 10 12 1 10 12 1 9 12 1 1 10 10 12 1 1 10 12 1 1 11 7 12 1 1 10 7 12 1 1 9 12 1 9 12 1 1 9 12 1 1 10 100 12 1 1 10 12 1 1 9 100 12 1 1 1 10 100 12 1 1 10 12 1 10 12 1 100 1 10 10 12 9 12 1 1 10 12 1 11 100 12 1 1 10 12 1 10 12 1 10 12 1 9 12 1 10 10 12 1 10 12 1 1 9 12 1 9 12 10 12 1 8 1 10 12 1 10 12 1 10 12 1 10 12 1 10 12 1 1 10 12 1 10 12 1 1 10 12 1 10 12 1 10 12 1 10 12 1 10 12 1 1 9 7 12 1 1 1 8 1 10 9 12 1 10 12 1 7 1 8 1 10 10 12 1 8 1 10 12 1 1 9 12 10 12 8 1 10 10 12 1 10 12 1 8 1 10 12 1 10 8 1 10 100 12 1 1 10 12 1 1 100 1 8 1 10 9 12 1 9 12 1 1 10 12 1 1 10 10 12 1 10 12 1 100 10 7 12 1 1 1 9 12 1 10 12 1 1 10 12 1 1 10 100 12 1 1 1 11 7 12 1 1 1 9 100 12 1 1 1 10 100 12 1 1 1 7 1 10 12 1 100 1 10 12 1 10 12 1 1 10 12 1 1 8 1 9 12 1 10 12 1 10 12 1 1 11 7 12 1 1 1 10 12 1 1 1 1 3 1 3 1 3 1 3 1 1 1 1 1 1 1 1 1 1 1 1 1 1 1 1 1 1 1 1 1 7 1 1 1 1 1 1 1 1 1 1 1 1 1 1 1 1 1 1 1 1 1 1 7 1 1 1 1 1 1 1 1 1 1 1 1 1 1 1 1 7 1 7 1 1 1 1 1 1 1 1 1 1 1 1 1 1 1 1 1 1 1 1 1 1 1 1 1 1 1 1 1 1 1 1 1 1 1 1 1 1 1 1 1 1 1 1 1 1 1 1 1 1 1 1 1 1 1 1 1 1 1 1 1 1 1 1 1 1 1 1 1 1 1 1 1 1 1 1 100 100 1 1 1 1 1 1 1 1 1 1 1 1 1 1 1 1 1 1 1 1 1 1 1 1 1 1 100 1 100 1 100 1 100 1 100 1 1 100 1 1 1 1 1 1 1 1 1 1 1 1 1 1 1
staticfield java/lang/Thread NEW_THREAD_BINDINGS Ljava/lang/Object; java/lang/Class
staticfield java/lang/Thread EMPTY_STACK_TRACE [Ljava/lang/StackTraceElement; 0 [Ljava/lang/StackTraceElement;
ciMethod java/lang/Thread interrupt ()V 0 0 1 0 -1
ciInstanceKlass java/lang/Runnable 1 0 11 100 1 100 1 1 1 1 1 1 1
ciInstanceKlass java/lang/System$2 1 1 646 10 7 12 1 1 1 10 7 12 1 1 1 10 12 1 1 10 12 1 1 10 12 1 1 10 12 1 1 10 12 1 1 10 12 1 10 12 1 1 10 12 1 1 7 1 10 7 12 1 1 1 10 7 12 1 1 1 10 12 1 10 12 1 10 7 12 1 1 1 10 12 1 1 10 12 1 1 10 12 1 1 10 12 1 1 10 7 12 1 1 1 10 7 12 1 1 1 10 12 1 7 1 10 12 1 10 12 1 10 12 1 1 10 12 1 10 12 1 1 10 12 1 10 12 1 10 12 1 10 12 1 10 12 1 10 12 1 1 10 12 1 1 10 12 1 10 12 1 1 10 12 1 10 12 1 1 10 7 12 1 1 1 10 12 1 10 12 1 1 10 12 1 10 7 12 1 1 1 10 7 12 1 1 1 10 100 12 1 1 1 10 12 1 1 10 12 1 1 10 12 1 1 10 100 12 1 1 1 10 12 1 1 10 12 1 1 9 7 12 1 1 1 10 7 12 1 1 1 10 12 1 1 10 7 12 1 1 1 10 12 1 1 10 12 1 1 10 12 1 1 10 7 12 1 1 10 12 1 1 10 12 1 1 10 12 1 1 10 12 1 1 10 12 1 1 10 12 1 1 10 12 1 1 10 12 1 1 10 12 1 1 10 12 1 1 10 12 1 1 10 12 1 7 1 10 12 1 1 11 100 12 1 1 10 7 12 1 1 10 12 1 1 10 12 1 10 12 1 1 10 12 1 10 12 1 1 10 12 1 10 12 1 1 10 12 1 1 10 12 1 1 7 1 10 12 1 100 1 10 10 12 1 1 10 12 1 10 7 12 1 1 1 10 12 1 1 8 1 10 12 1 7 1 7 1 1 1 1 1 1 1 1 1 1 1 1 1 1 1 1 1 1 1 1 1 1 1 1 1 1 1 1 1 1 1 1 1 1 1 1 1 1 1 1 1 1 1 1 1 1 1 1 1 1 1 1 1 1 1 1 1 1 1 1 1 1 1 1 1 1 1 1 1 1 1 1 1 1 1 1 1 1 1 1 1 1 1 1 1 1 1 1 1 1 1 1 1 1 1 1 1 1 1 1 1 1 1 1 1 1 1 1 1 1 1 1 1 1 1 1 1 1 1 1 1 1 1 1 1 1 1 1 1 1 1 1 1 1 100 1 1 1 1 1 1 1 1 1 1 1 1 1 1 1 1 1 1 1 1 1 1 1 1 1 1 1 1 1 1 1 1 1 1 1 1 1 1 1 1 1 1 1 1 1 1 1 1 1 1 1 1 1 1 1 1 1 1 1 1 1 1 1 1 1 1 1 1 1 1 1 7 1 1 1 1 1 1 1 1 1 1 1 1 1 1 1 1 1 1 1 1 1 1 1 1 1 1 1 1 1 1 1 1 1 1 1 1 1 1 1 12 1 1 1 100 1 1 100 1 100 1 1 100 1 1
ciInstanceKlass jdk/internal/access/JavaLangAccess 1 0 215 100 1 100 1 1 1 1 1 1 1 1 1 1 1 1 1 1 1 1 1 1 1 1 1 1 1 1 1 1 1 1 1 1 1 1 1 1 1 100 1 1 1 1 1 1 1 1 1 1 1 1 1 1 1 1 1 1 1 1 1 1 1 1 1 1 1 1 1 1 1 1 1 1 1 1 1 1 1 1 1 1 1 1 1 1 1 1 1 1 1 1 1 1 1 1 1 1 1 1 1 100 1 1 1 1 1 1 1 1 1 1 1 1 1 1 1 1 1 1 1 1 1 1 1 1 1 1 1 1 1 1 1 1 1 1 1 1 1 1 1 1 1 1 1 1 1 1 1 1 1 1 1 1 1 1 1 1 1 1 1 1 1 1 100 1 1 1 1 1 1 1 1 1 1 1 1 1 1 1 1 1 1 1 1 1 1 1 1 1 1 1 1 1 1 1 1 1 1 1 1 1 1 1 1 100 1 100 1 1 100 1 100 1 1
ciMethod java/lang/System$2 findBootstrapClassOrNull (Ljava/lang/String;)Ljava/lang/Class; 512 0 3266 0 0
ciInstanceKlass java/net/URL 1 1 771 10 7 12 1 1 1 10 12 1 10 7 12 1 1 9 12 1 1 9 12 1 10 7 12 1 1 1 10 12 1 1 10 12 1 1 9 12 1 1 10 7 12 1 1 1 8 1 10 12 1 1 7 1 10 10 12 1 1 8 1 10 12 1 1 9 12 1 7 1 8 1 10 12 1 10 12 1 8 1 9 12 1 10 12 1 1 9 12 1 10 12 1 10 12 1 9 12 1 9 12 1 8 1 9 12 1 10 12 1 1 8 1 9 12 1 1 10 12 1 1 10 7 12 1 1 1 8 1 10 12 1 7 1 10 12 1 10 12 1 10 12 1 10 12 1 1 10 12 1 1 8 1 10 12 1 1 10 12 1 8 1 9 12 1 8 1 10 12 1 10 7 12 1 1 1 7 1 10 12 1 10 12 1 1 10 7 12 1 1 1 100 1 8 1 10 10 12 1 8 1 10 12 1 1 10 12 1 10 12 1 10 12 1 10 12 1 10 12 1 10 12 1 8 1 10 12 1 8 1 10 10 100 1 10 10 12 1 8 1 10 7 12 1 1 1 10 12 1 9 100 12 1 1 1 10 7 12 1 1 1 9 12 1 1 10 12 1 10 100 12 1 1 1 100 1 100 1 10 12 1 10 12 1 10 12 1 10 12 1 10 12 1 10 12 10 10 12 1 10 12 1 10 12 1 1 8 1 9 100 12 1 1 1 10 100 12 1 1 1 10 12 1 1 9 100 12 1 1 1 10 12 1 1 100 1 10 12 1 10 12 1 10 10 12 1 1 10 12 1 1 10 12 1 10 12 1 10 12 1 10 7 12 1 1 1 10 12 1 1 10 12 1 9 12 1 1 9 12 1 1 7 1 8 1 10 10 12 1 9 12 1 1 10 7 12 1 1 8 1 10 7 12 1 1 8 1 10 12 1 1 10 12 1 8 1 8 1 10 7 12 1 1 1 7 1 10 7 12 1 1 1 10 12 1 10 12 1 7 1 10 9 7 12 1 1 1 10 7 12 1 1 10 12 1 1 10 12 1 8 1 7 1 10 10 7 12 1 1 1 10 12 1 8 9 100 12 1 1 1 10 12 1 1 10 12 1 10 12 1 1 10 7 12 1 1 11 7 12 1 1 10 12 1 10 12 1 9 12 1 10 12 1 1 10 100 12 1 1 10 100 12 1 1 1 8 10 100 12 1 1 100 1 10 8 8 10 12 1 8 8 8 100 1 10 12 1 9 12 1 1 10 12 1 10 12 1 1 10 12 1 10 12 10 12 1 1 10 12 1 1 10 10 10 12 1 10 12 1 10 12 1 10 12 1 10 12 1 10 10 12 1 100 1 8 1 10 10 10 12 1 1 10 12 1 10 12 1 1 8 1 7 1 10 10 7 1 10 12 1 9 7 12 1 1 1 9 12 1 1 7 1 10 10 7 12 1 1 1 7 1 1 1 1 1 5 0 1 1 1 1 1 1 1 1 1 1 1 1 1 1 1 1 1 1 1 1 1 1 1 1 1 1 1 1 1 1 1 1 1 1 1 1 1 1 1 1 1 1 1 1 1 1 1 1 7 1 1 1 1 1 1 1 1 1 1 1 1 1 1 1 1 1 1 1 1 1 1 1 1 1 1 1 1 1 1 1 1 1 1 1 1 1 100 1 1 1 1 1 1 1 1 1 1 1 1 1 1 1 1 1 100 1 1 1 1 1 1 1 1 1 1 1 1 1 1 1 1 1 1 1
staticfield java/net/URL defaultFactory Ljava/net/URLStreamHandlerFactory; java/net/URL$DefaultFactory
staticfield java/net/URL streamHandlerLock Ljava/lang/Object; java/lang/Object
staticfield java/net/URL serialPersistentFields [Ljava/io/ObjectStreamField; 7 [Ljava/io/ObjectStreamField;
ciMethod java/lang/System currentTimeMillis ()J 256 0 128 0 -1
ciMethod java/lang/System arraycopy (Ljava/lang/Object;ILjava/lang/Object;II)V 256 0 128 0 -1
ciMethod java/lang/System getSecurityManager ()Ljava/lang/SecurityManager; 186 0 52109 0 80
ciMethod java/lang/System allowSecurityManager ()Z 186 0 52111 0 0
ciInstanceKlass java/lang/Module 1 1 1070 10 7 12 1 1 1 9 7 12 1 1 1 10 7 12 1 1 1 9 12 1 9 12 1 1 9 12 1 1 10 12 1 1 10 12 1 10 12 1 1 10 7 12 1 1 1 7 1 10 7 12 1 1 1 10 12 1 1 11 7 12 1 1 1 10 12 1 1 10 7 12 1 1 1 10 12 1 1 10 7 12 1 1 1 9 100 12 1 1 1 10 7 12 1 1 1 10 12 1 8 1 10 7 12 1 1 1 10 7 12 1 1 1 10 7 12 1 1 1 10 12 1 10 12 1 9 12 1 1 10 100 12 1 1 100 1 7 1 10 8 1 10 12 1 1 10 12 1 10 12 10 12 1 10 7 12 1 1 8 1 8 1 10 8 1 8 1 9 12 1 1 8 1 10 100 12 1 1 1 10 12 1 9 12 1 1 11 12 1 9 7 12 1 1 10 7 12 1 1 1 10 7 12 1 1 1 10 12 1 1 8 1 10 12 1 1 10 12 1 10 12 1 1 9 7 12 1 1 1 10 12 1 1 10 12 1 1 9 12 1 10 12 1 10 12 1 9 12 1 1 11 7 12 1 1 10 12 1 1 9 12 1 9 12 1 10 12 1 10 12 1 100 1 8 1 10 10 12 1 1 10 12 1 8 1 10 12 1 1 8 1 8 1 10 12 1 1 10 12 1 10 12 1 1 18 12 1 1 10 12 1 1 11 12 1 9 12 1 11 12 10 100 12 1 1 100 1 8 1 10 11 12 1 1 10 7 12 1 1 1 10 12 1 10 12 1 1 11 12 1 1 11 7 12 1 1 11 12 1 1 9 12 1 11 12 1 10 12 1 1 10 12 1 1 9 12 1 10 12 10 7 12 1 1 10 7 1 18 12 1 1 11 100 12 1 1 1 18 12 1 11 12 1 1 10 100 12 1 1 1 11 12 1 1 10 7 12 1 1 7 1 11 12 1 7 1 7 1 10 12 1 10 7 12 1 1 1 10 11 7 12 1 8 1 10 10 12 1 1 10 7 12 1 1 10 12 1 10 12 1 7 1 10 12 1 10 11 12 1 1 10 12 10 12 1 1 9 12 1 1 100 1 10 10 12 1 1 11 7 1 10 12 1 1 11 12 1 10 10 12 1 11 10 12 1 1 10 12 1 1 10 12 1 1 10 7 12 1 1 10 12 1 10 12 1 1 10 10 12 1 1 10 12 1 18 12 1 11 12 1 18 12 1 10 12 1 10 12 1 10 12 7 1 10 12 1 10 12 1 10 12 1 9 12 1 7 1 10 10 10 10 12 1 10 12 1 10 12 1 10 12 1 1 10 12 1 1 10 12 1 9 12 1 18 12 1 1 10 7 12 1 1 1 100 1 8 1 10 12 1 1 10 12 1 1 10 7 12 1 1 7 1 10 12 1 1 7 1 8 1 10 12 1 1 100 1 11 12 1 1 10 100 12 1 1 1 18 12 1 1 11 100 12 1 1 1 100 1 10 12 1 10 12 1 1 7 1 7 1 10 12 8 1 10 12 1 1 10 12 1 1 10 7 12 1 1 10 12 1 1 10 12 1 10 12 10 12 1 1 7 1 10 10 12 1 1 10 7 12 1 1 1 100 1 10 12 1 1 10 7 12 1 1 8 1 18 12 1 1 100 1 100 1 9 12 1 1 9 12 1 9 12 1 11 100 12 1 1 1 100 1 11 12 1 1 100 1 10 12 1 8 1 10 12 1 10 12 10 12 1 8 1 10 10 100 12 1 1 7 1 10 10 12 1 10 7 12 1 1 9 12 1 9 12 1 9 12 1 9 12 1 10 12 11 12 1 10 12 1 7 1 1 1 1 1 1 1 1 1 1 1 1 1 1 1 1 1 1 1 100 1 1 1 1 1 1 1 1 1 1 1 1 1 1 1 1 1 1 1 1 1 1 1 1 1 1 1 1 1 1 1 1 1 1 1 1 1 1 1 1 1 1 1 1 1 1 1 1 1 1 1 1 1 1 1 1 1 1 1 1 1 1 1 1 1 1 1 1 1 1 1 1 1 1 1 1 1 1 1 1 1 1 1 1 1 1 1 1 1 1 1 1 1 1 1 100 100 1 1 1 1 1 1 1 1 1 1 1 1 1 1 1 1 1 1 1 1 1 1 1 1 1 1 1 100 1 7 1 1 1 1 1 1 1 1 1 1 1 1 1 1 1 1 1 1 1 1 100 1 1 1 1 1 1 1 1 1 1 1 1 1 1 1 1 1 1 1 1 1 1 1 16 15 10 12 16 16 15 10 12 16 16 15 10 16 1 15 10 12 16 1 15 10 12 16 1 16 15 10 12 16 16 1 15 10 12 16 15 10 7 12 1 1 1 15 10 100 12 1 1 1 1 1 1 1 1 1 1 1 100 1 100 1 1 100 1 100 1 1
staticfield java/lang/Module ALL_UNNAMED_MODULE Ljava/lang/Module; java/lang/Module
staticfield java/lang/Module ALL_UNNAMED_MODULE_SET Ljava/util/Set; java/util/ImmutableCollections$Set12
staticfield java/lang/Module EVERYONE_MODULE Ljava/lang/Module; java/lang/Module
staticfield java/lang/Module EVERYONE_SET Ljava/util/Set; java/util/ImmutableCollections$Set12
staticfield java/lang/Module $assertionsDisabled Z 1
ciInstanceKlass java/lang/StringLatin1 1 1 395 7 1 10 7 12 1 1 1 10 12 1 1 10 7 12 1 1 1 10 7 12 1 1 1 10 12 1 10 7 12 1 1 1 10 12 1 1 10 7 12 1 1 1 10 7 12 1 1 1 10 12 1 1 10 12 1 1 10 10 12 1 10 12 1 10 9 7 12 1 1 1 10 12 1 1 10 7 12 1 1 1 10 12 10 12 1 1 10 12 1 1 10 12 1 10 12 1 1 10 12 1 1 10 12 1 10 7 12 1 1 1 10 12 1 10 12 1 1 9 12 1 1 100 1 10 10 12 1 1 10 7 12 1 1 1 10 12 1 10 12 1 100 1 7 1 8 1 10 12 1 8 1 10 12 1 1 100 1 10 10 12 10 7 12 1 1 1 8 1 8 1 8 1 10 12 1 1 10 100 12 1 1 10 12 1 10 12 1 1 10 12 1 1 10 12 1 1 10 12 1 10 12 10 12 10 12 1 10 12 10 10 12 1 10 12 1 10 12 1 10 100 12 1 1 1 10 100 12 1 1 1 10 12 1 1 10 12 1 1 10 10 7 12 1 1 1 1 1 1 1 1 1 1 1 1 1 1 1 1 1 1 1 1 1 1 1 1 1 1 1 1 1 1 1 1 1 1 1 1 1 1 1 1 1 1 1 1 1 1 1 1 1 1 1 1 100 1 1 1 1 1 1 1 1 1 1 1 1 1 1 1 1 1 1 1 1 1 1 1 1 1 1 1 1 1 1 1 1 1 1 1 1 1 1 1 1 1 1 100 1 1 1 1 1 1 1 1 1 1 1 1 1 1 1 1 1 1 1 1 1 1 1 100 1 1 1 1 1 1 1 1 1 1 1 1 1 1 1 1 1 1 1 1 1 1 1 1 1 1 100 1 1 1 1
staticfield java/lang/StringLatin1 $assertionsDisabled Z 1
ciInstanceKlass java/lang/Math 1 1 460 7 1 10 7 12 1 1 1 10 7 12 1 1 1 10 12 1 10 12 1 10 12 1 10 12 1 10 12 1 6 0 6 0 10 12 1 10 12 1 10 12 1 10 12 1 10 12 1 10 12 1 1 10 12 1 10 12 1 10 12 1 10 12 1 10 12 1 10 7 12 1 1 1 100 1 3 3 3 10 7 12 1 1 1 100 1 5 0 5 0 5 0 5 0 5 0 9 100 12 1 1 1 10 100 12 1 1 1 100 1 8 1 10 12 1 8 1 10 12 1 1 10 12 1 1 7 1 5 0 5 0 7 1 3 5 0 3 5 0 10 12 1 10 12 1 10 12 1 10 12 1 10 12 1 8 1 10 12 1 8 1 10 12 1 1 10 12 1 1 9 12 1 1 9 12 1 100 1 7 1 10 10 12 1 1 8 1 10 12 1 10 12 1 1 10 10 12 1 10 12 1 10 12 1 10 12 1 1 8 1 8 1 10 12 1 1 10 12 1 10 12 10 12 10 12 1 10 12 1 10 12 1 10 12 1 10 12 6 0 10 12 1 9 12 1 1 100 1 10 10 12 1 100 1 10 12 1 10 12 1 1 10 12 1 10 12 1 10 12 10 12 1 1 10 12 1 1 10 12 1 1 10 12 6 0 10 12 1 1 10 12 10 12 1 4 10 12 1 10 12 1 10 12 10 12 1 10 12 1 10 12 1 10 12 1 10 12 1 10 12 1 5 0 6 0 4 6 0 4 6 0 4 10 12 1 9 12 1 1 10 12 9 12 1 10 7 12 1 1 1 4 6 0 1 1 6 0 1 6 0 1 6 0 1 1 1 1 1 1 1 1 1 1 1 1 1 1 1 1 1 1 1 1 1 1 1 1 1 1 1 1 1 1 1 1 1 1 1 1 1 1 1 1 1 1 1 1 1 1 1 1 1 1 1 1 1 1 1 1 1 1 1 1 1 1 1 1 1 1 1 1 1 1 1 1 1 1 1 1 1 1 1 1 1 1 1 1 1 1 1 1 1 1 1 1 1 1 1 1
staticfield java/lang/Math negativeZeroFloatBits J -2147483648
staticfield java/lang/Math negativeZeroDoubleBits J -9223372036854775808
staticfield java/lang/Math $assertionsDisabled Z 1
ciInstanceKlass jdk/internal/util/ArraysSupport 1 1 378 7 1 7 1 8 1 10 12 1 1 10 12 1 1 10 7 12 1 1 9 7 12 1 1 1 9 12 1 1 10 7 12 1 1 1 9 12 1 1 10 7 12 1 1 1 9 12 1 10 12 9 12 1 10 12 1 1 10 12 7 1 10 12 1 1 10 12 1 100 1 10 12 1 1 10 12 100 1 10 12 1 100 1 10 12 1 100 1 7 1 10 8 1 10 12 1 1 10 12 1 10 12 1 1 10 9 12 1 1 11 100 12 1 1 1 9 12 1 9 12 1 10 12 1 1 9 12 1 9 12 1 9 12 1 9 12 1 9 12 1 9 12 1 9 12 1 10 12 1 1 10 7 12 1 1 1 9 12 1 9 12 1 10 12 1 1 10 12 1 9 12 1 10 12 1 10 7 12 1 1 1 9 12 1 9 12 1 10 12 1 10 12 1 10 7 12 1 1 1 3 10 12 1 7 1 8 1 8 1 8 1 10 10 100 12 1 1 1 11 7 12 1 1 1 10 12 1 10 7 12 1 1 1 10 12 1 1 10 12 1 1 9 12 1 10 12 1 9 12 1 9 12 1 9 12 1 9 12 1 9 12 1 9 12 1 9 12 1 7 1 10 7 12 1 1 1 1 1 3 1 3 1 3 1 3 1 3 1 3 1 3 1 3 1 1 1 1 1 1 1 1 1 1 1 1 1 1 1 1 1 1 1 1 1 1 1 1 1 1 1 1 1 1 1 1 1 1 1 1 1 1 1 1 1 1 1 1 1 1 1 1 1 1 1 1 1 1 1 1 1 1 1 1 1 1 1 1 1 1 1 1 1 1 1 1 1 1 1 1 1 1 1 100 1 1 1 1
staticfield jdk/internal/util/ArraysSupport U Ljdk/internal/misc/Unsafe; jdk/internal/misc/Unsafe
staticfield jdk/internal/util/ArraysSupport BIG_ENDIAN Z 0
staticfield jdk/internal/util/ArraysSupport LOG2_ARRAY_BOOLEAN_INDEX_SCALE I 0
staticfield jdk/internal/util/ArraysSupport LOG2_ARRAY_BYTE_INDEX_SCALE I 0
staticfield jdk/internal/util/ArraysSupport LOG2_ARRAY_CHAR_INDEX_SCALE I 1
staticfield jdk/internal/util/ArraysSupport LOG2_ARRAY_SHORT_INDEX_SCALE I 1
staticfield jdk/internal/util/ArraysSupport LOG2_ARRAY_INT_INDEX_SCALE I 2
staticfield jdk/internal/util/ArraysSupport LOG2_ARRAY_LONG_INDEX_SCALE I 3
staticfield jdk/internal/util/ArraysSupport LOG2_ARRAY_FLOAT_INDEX_SCALE I 2
staticfield jdk/internal/util/ArraysSupport LOG2_ARRAY_DOUBLE_INDEX_SCALE I 3
staticfield jdk/internal/util/ArraysSupport LOG2_BYTE_BIT_SIZE I 3
staticfield jdk/internal/util/ArraysSupport JLA Ljdk/internal/access/JavaLangAccess; java/lang/System$2
ciInstanceKlass java/lang/Character 1 1 604 7 1 7 1 100 1 9 12 1 1 8 1 9 12 1 1 7 1 9 12 1 1 10 7 12 1 1 1 10 100 12 1 1 1 10 100 12 1 1 1 10 7 12 1 1 1 9 7 12 1 1 1 10 12 1 10 12 1 1 10 12 1 1 10 7 12 1 1 10 12 1 1 3 3 3 3 3 10 12 1 1 10 12 1 3 11 7 12 1 1 1 11 12 1 1 10 12 1 1 10 12 1 1 100 1 10 10 12 1 3 10 12 1 1 10 12 1 10 12 1 1 100 1 8 1 10 12 1 1 10 12 1 10 12 1 10 12 1 10 100 12 1 1 1 10 12 1 10 12 1 10 12 1 1 10 12 1 10 7 12 1 1 10 10 12 1 10 10 12 1 10 12 1 1 10 12 1 10 10 12 1 10 12 1 10 12 1 10 12 1 10 12 1 10 12 1 10 12 1 10 12 10 10 12 10 10 12 1 10 10 12 1 10 10 12 1 10 10 12 1 10 12 1 10 12 1 10 12 1 10 12 1 10 12 1 10 12 1 10 10 12 1 10 10 12 1 10 10 12 1 1 10 10 12 1 10 5 0 10 12 1 10 12 1 10 10 12 1 10 10 12 1 1 10 10 12 1 10 10 12 1 9 12 1 1 100 1 10 10 12 1 10 12 1 1 3 10 100 12 1 1 1 10 12 1 10 100 12 1 1 7 1 10 10 12 1 1 10 12 1 1 10 12 1 1 8 1 10 12 1 9 100 12 1 1 1 10 12 1 10 10 12 1 10 12 1 1 10 12 1 10 10 12 1 1 10 10 12 1 1 7 1 8 1 10 12 1 1 10 7 12 1 1 1 8 1 10 12 1 1 9 12 1 1 7 1 7 1 7 1 1 1 1 3 1 3 1 3 1 3 1 1 1 1 1 3 1 1 3 1 3 1 3 1 3 1 3 1 3 1 3 1 3 1 3 1 3 1 3 1 3 1 3 1 3 1 3 1 3 1 3 1 3 1 3 1 3 1 3 1 3 1 3 1 3 1 3 1 3 1 3 1 3 1 1 1 1 1 1 1 1 1 1 1 1 1 1 1 1 1 1 1 3 1 1 1 1 1 1 1 3 1 1 3 1 1 1 1 1 3 1 1 5 0 1 1 1 1 1 1 1 1 1 1 1 1 1 1 1 1 1 1 1 1 1 1 1 1 1 1 1 1 1 1 1 1 1 1 1 1 1 1 1 1 1 1 1 1 1 1 1 1 1 1 1 1 1 1 1 1 1 1 1 1 1 1 1 1 1 1 1 1 1 1 1 1 1 1 1 1 1 1 1 1 1 1 1 1 1 1 1 1 1 1 100 1 100 1 1 1 1 1 1
staticfield java/lang/Character TYPE Ljava/lang/Class; java/lang/Class
staticfield java/lang/Character $assertionsDisabled Z 1
ciInstanceKlass java/util/Arrays 1 1 1029 10 7 12 1 1 1 10 7 12 1 1 1 10 7 12 1 1 1 10 12 1 10 12 1 10 12 1 10 12 1 10 12 1 10 12 1 10 100 12 1 1 1 100 1 7 1 10 8 1 10 12 1 1 10 12 1 8 1 8 1 10 12 1 1 10 12 1 100 1 10 12 1 9 100 12 1 1 1 10 7 12 1 1 100 1 10 12 1 1 10 7 12 1 1 10 7 12 1 1 1 100 1 10 12 1 10 12 1 1 7 1 9 7 12 1 1 1 10 12 1 1 10 7 12 1 1 10 12 1 10 12 1 1 10 12 1 10 12 1 1 7 1 11 12 1 1 10 12 1 10 7 12 1 1 1 10 12 10 12 1 10 12 1 10 12 10 12 1 11 7 12 1 1 1 10 7 12 1 1 1 100 1 10 12 1 10 100 1 10 12 1 10 100 1 10 12 1 10 100 1 10 12 1 10 10 12 1 1 10 12 1 10 12 1 10 12 1 10 12 1 10 12 1 10 7 12 1 1 1 10 12 1 10 7 12 1 1 1 10 12 1 10 12 1 10 7 12 1 1 1 10 12 1 10 12 1 10 12 1 10 12 1 10 12 1 10 12 1 10 12 1 10 12 1 10 12 1 10 12 1 10 12 1 10 12 1 10 12 1 10 12 1 10 12 1 10 12 1 1 10 12 1 1 10 7 12 1 1 1 10 7 1 10 100 1 10 7 1 10 100 1 10 7 1 10 100 1 10 100 1 10 100 1 10 12 1 8 1 10 12 1 1 10 12 1 1 10 12 1 1 10 12 1 1 10 12 1 1 10 12 1 1 10 12 1 1 10 12 1 1 10 12 1 1 7 1 10 12 10 12 1 1 10 12 1 10 12 1 1 10 12 1 1 9 7 12 1 1 1 10 12 1 9 7 1 10 12 1 9 7 1 10 12 1 9 7 1 10 12 1 9 7 1 10 12 1 9 7 1 10 12 1 9 10 12 1 10 12 1 10 12 1 9 12 1 100 1 10 10 12 1 1 10 12 1 10 12 1 10 12 1 10 12 1 10 12 1 10 12 1 10 12 1 10 12 1 10 12 1 8 1 8 1 10 12 1 10 12 1 8 1 10 12 1 10 12 1 10 12 1 10 7 12 1 1 1 3 10 7 1 10 10 12 1 1 11 100 12 1 1 10 12 1 1 10 12 1 10 12 1 10 12 1 10 12 1 10 12 1 10 12 1 10 12 1 10 12 1 11 12 1 8 1 10 11 12 1 11 100 12 1 1 1 11 100 12 1 1 1 11 12 1 1 18 12 1 1 11 12 1 1 11 100 12 1 1 1 18 12 1 11 100 12 1 1 1 18 12 1 11 100 12 1 1 1 18 12 1 100 1 10 7 12 1 1 1 10 12 1 10 12 1 10 12 1 10 12 1 10 12 1 10 12 1 10 12 1 10 12 1 1 10 12 1 10 7 12 1 1 10 12 1 10 12 1 10 12 1 1 10 12 1 10 12 1 10 12 1 1 10 12 1 10 12 1 10 12 1 1 10 12 1 10 12 1 10 12 1 10 12 1 10 12 10 12 1 10 12 10 12 10 12 1 10 12 10 12 1 10 12 1 10 12 1 1 1 1 3 1 3 1 1 1 1 1 1 1 1 1 1 1 1 1 1 1 1 1 1 1 1 1 1 1 1 1 1 1 1 1 1 1 1 1 1 1 1 1 1 1 1 1 1 1 1 1 1 1 1 1 1 1 1 1 1 1 1 1 1 1 1 1 1 1 1 1 1 1 1 1 1 1 1 1 1 1 1 1 1 1 1 1 1 1 1 1 1 1 1 1 1 1 1 1 1 1 1 1 1 1 1 1 1 1 1 1 1 1 1 1 1 1 1 1 1 1 1 1 1 1 1 1 1 1 1 1 1 1 1 1 1 1 1 1 1 1 1 1 1 1 1 1 1 1 1 1 1 1 1 1 1 1 1 1 1 1 1 1 1 1 1 1 1 1 1 1 1 1 1 1 1 1 1 1 1 1 1 1 1 1 1 1 1 1 1 1 1 1 1 1 1 1 1 1 1 1 1 1 1 1 1 1 1 1 1 1 1 1 1 1 1 1 1 1 1 1 1 1 1 1 1 1 1 1 1 1 1 1 1 1 1 1 1 1 1 1 1 1 1 1 1 1 1 1 1 1 1 1 1 1 1 1 1 1 1 100 1 1 16 15 10 12 15 10 12 15 10 12 15 10 12 15 10 100 12 1 1 1 1 1 100 1 100 1 1 1 1 100 1 1 1 1 1 1 100 1 1 100 1 1 100 1 1 1 100 1 100 1 1
staticfield java/util/Arrays $assertionsDisabled Z 1
ciInstanceKlass java/lang/OutOfMemoryError 1 1 26 10 100 12 1 1 1 10 12 1 100 1 1 1 1 5 0 1 1 1 1 1 1 1 1 1
ciMethod java/lang/StringLatin1 equals ([B[B)Z 568 462 7179 0 -1
ciMethod java/lang/StringLatin1 hashCode ([B)I 608 0 12524 0 624
ciMethod java/lang/StringLatin1 indexOf ([BIII)I 1014 0 8260 0 0
ciMethod java/lang/StringLatin1 indexOfChar ([BIII)I 528 6332 8222 0 -1
ciMethod java/lang/StringLatin1 charAt ([BI)C 646 0 1919115 0 0
ciMethod java/lang/StringLatin1 lastIndexOf ([BII)I 146 3978 1246 0 376
ciMethod java/lang/StringLatin1 newString ([BII)Ljava/lang/String; 520 0 8478 0 1280
ciMethod java/lang/StringLatin1 canEncode (I)Z 516 0 23791 0 104
ciInstanceKlass java/lang/StringUTF16 1 1 635 7 1 7 1 10 7 12 1 1 1 10 7 12 1 1 1 100 1 10 3 7 1 7 1 10 8 1 10 12 1 1 10 12 1 8 1 10 12 1 1 10 12 1 9 12 1 1 10 12 1 1 100 1 8 1 10 12 1 9 12 1 1 9 12 1 10 10 12 1 1 10 12 1 1 10 7 12 1 1 1 10 12 1 10 12 1 1 10 12 1 1 10 12 1 1 10 12 1 1 10 12 1 10 12 1 1 10 12 1 1 10 12 1 1 10 12 1 1 10 12 1 1 10 12 1 10 7 12 1 1 1 10 12 1 1 10 7 12 1 1 1 10 12 1 1 10 12 1 10 12 1 1 10 12 1 1 10 12 1 1 10 12 1 10 12 1 100 1 10 12 1 10 10 12 1 10 12 1 1 10 12 1 10 7 12 1 1 1 10 12 1 1 10 12 10 12 1 1 10 12 1 10 12 1 1 10 12 1 10 12 1 10 12 1 10 12 1 100 1 10 12 1 1 10 12 1 3 10 12 1 1 10 12 1 10 12 1 10 12 1 10 12 1 10 12 1 10 12 1 1 9 12 1 10 12 1 10 12 10 12 1 1 10 12 1 10 12 1 10 12 1 10 10 12 10 12 10 10 12 1 1 10 12 1 10 12 1 10 12 1 100 1 8 1 8 1 10 12 1 1 100 1 10 10 7 12 1 1 1 10 100 12 1 1 8 1 8 1 8 1 10 12 1 1 10 12 1 1 10 12 10 100 12 1 1 10 12 1 1 10 12 1 1 10 12 1 10 12 10 12 10 12 1 10 12 10 12 1 10 12 1 10 12 1 10 12 1 10 100 12 1 1 1 10 100 12 1 1 1 10 12 1 1 10 12 1 1 11 7 12 1 1 10 12 1 10 12 1 10 12 1 1 9 12 1 1 9 12 1 5 0 5 0 10 12 1 10 12 10 12 10 7 12 1 1 1 10 12 1 1 1 1 1 1 1 1 1 1 1 1 1 1 1 1 1 1 1 1 1 1 1 1 1 1 1 1 1 100 1 1 1 1 1 1 1 1 1 1 1 1 1 1 1 1 1 1 1 1 1 1 1 1 1 1 1 1 1 1 1 1 1 1 1 1 1 1 1 1 1 1 1 1 1 1 1 1 1 1 1 1 1 1 1 1 1 1 1 1 1 1 1 1 1 1 1 1 1 1 1 1 1 1 1 1 1 1 1 1 1 1 1 1 1 1 1 1 1 1 100 1 1 1 1 1 1 1 1 1 1 1 1 1 1 1 1 1 100 1 1 1 1 1 1 1 1 1 1 1 1 1 1 1 1 1 1 1 1 1 1 1 1 1 1 1 1 1 1 1 1 1 1 1 1 1 1 1 1 1 1 1 1 1 1 1 1 1 1 1 1 1 1 1 1 1 1 1 100 1 100 1 1 1 1 1
staticfield java/lang/StringUTF16 HI_BYTE_SHIFT I 0
staticfield java/lang/StringUTF16 LO_BYTE_SHIFT I 8
staticfield java/lang/StringUTF16 $assertionsDisabled Z 1
ciInstanceKlass java/lang/Integer 1 1 453 7 1 7 1 7 1 7 1 10 12 1 1 9 12 1 1 9 12 1 1 10 100 12 1 1 1 10 12 1 1 10 100 12 1 1 1 10 10 12 1 1 10 7 12 1 1 1 10 12 1 10 12 1 1 10 7 12 1 1 1 10 12 1 1 10 12 1 1 10 12 1 10 12 1 10 12 1 1 10 10 12 1 9 12 1 1 9 12 1 100 1 8 1 10 12 1 7 1 10 12 1 8 1 10 12 1 1 10 12 1 8 1 10 12 1 8 1 10 12 1 1 3 10 12 1 1 3 10 12 1 1 10 12 1 1 10 7 12 1 1 1 11 7 1 10 12 1 1 11 10 12 1 1 8 1 10 12 1 1 8 1 7 1 10 12 1 1 10 12 1 1 5 0 8 1 10 12 1 10 12 1 10 12 1 10 12 1 1 7 1 9 12 1 1 9 12 1 1 10 12 1 10 7 1 9 12 1 10 12 1 10 12 1 10 12 1 1 10 7 12 1 1 1 100 1 100 1 10 12 1 1 10 12 1 1 8 1 8 1 10 12 1 1 8 1 8 1 8 1 8 1 8 1 8 1 10 12 1 10 12 1 5 0 3 3 3 3 10 12 1 10 12 1 3 10 12 1 10 100 12 1 1 1 10 12 1 1 10 12 1 1 8 1 10 7 12 1 1 1 9 12 1 1 7 1 7 1 7 1 1 1 1 3 1 1 1 3 1 3 1 1 5 0 1 1 1 1 1 1 1 1 1 100 1 1 1 1 1 1 1 1 1 1 1 1 1 1 1 1 1 1 1 1 1 1 1 1 1 1 1 1 1 1 1 1 1 1 1 1 1 1 1 1 3 1 1 1 1 1 1 1 1 1 1 1 1 1 1 1 1 7 1 1 1 1 1 1 1 1 1 1 1 1 1 1 1 1 1 1 1 1 1 1 1 1 1 1 1 1 1 1 1 1 1 1 1 1 1 1 1 1 1 1 1 1 1 1 7 1 1 1 1 1 1 1 1 1 100 1 100 1 1
staticfield java/lang/Integer TYPE Ljava/lang/Class; java/lang/Class
staticfield java/lang/Integer digits [C 36
staticfield java/lang/Integer DigitTens [B 100
staticfield java/lang/Integer DigitOnes [B 100
instanceKlass java/math/BigDecimal
instanceKlass com/google/gson/internal/LazilyParsedNumber
instanceKlass com/sun/jna/IntegerType
instanceKlass java/util/concurrent/atomic/Striped64
instanceKlass java/math/BigInteger
instanceKlass java/util/concurrent/atomic/AtomicLong
instanceKlass java/util/concurrent/atomic/AtomicInteger
instanceKlass java/lang/Long
instanceKlass java/lang/Integer
instanceKlass java/lang/Short
instanceKlass java/lang/Byte
instanceKlass java/lang/Double
instanceKlass java/lang/Float
ciInstanceKlass java/lang/Number 1 1 37 10 7 12 1 1 1 10 100 12 1 1 1 100 1 1 1 1 5 0 1 1 1 1 1 1 1 1 1 1 1 1 1 1 1 1 1
ciMethod java/lang/StringUTF16 checkIndex (I[B)V 0 0 1650 0 -1
ciMethod java/lang/StringUTF16 hashCode ([B)I 0 0 1 0 -1
ciMethod java/lang/StringUTF16 compress ([BII)[B 0 0 2 0 -1
ciMethod java/lang/StringUTF16 indexOf ([BIII)I 0 0 1 0 0
ciMethod java/lang/StringUTF16 indexOfChar ([BIII)I 2 0 1 0 -1
ciMethod java/lang/StringUTF16 getChar ([BI)C 1024 0 11527 0 -1
ciMethod java/lang/StringUTF16 coderFromArrayLen ([BI)B 294 0 9124 0 -1
ciMethod java/lang/StringUTF16 charAt ([BI)C 0 0 1522 0 0
ciMethod java/lang/StringUTF16 lastIndexOf ([BII)I 0 0 1 0 -1
ciMethod java/lang/StringUTF16 newString ([BII)Ljava/lang/String; 0 0 2 0 0
ciMethod java/lang/StringUTF16 indexOfSupplementary ([BIII)I 0 0 1 0 -1
ciInstanceKlass java/lang/Thread$FieldHolder 1 1 48 10 7 12 1 1 1 9 7 12 1 1 1 9 12 1 1 9 12 1 1 9 12 1 1 9 12 1 1 1 1 1 1 1 1 1 1 100 1 100 1 1 1 1 100 1 1 1
ciInstanceKlass java/lang/Thread$Constants 0 0 59 7 1 10 7 12 1 1 1 100 1 10 10 7 12 1 1 1 7 1 8 1 10 12 1 9 7 12 1 1 1 7 1 7 1 10 12 1 10 12 1 9 12 1 1 1 1 1 1 1 1 1 1 1 1 1 1 1 1
ciInstanceKlass java/lang/ThreadGroup 1 1 411 10 7 12 1 1 1 9 7 12 1 1 1 8 1 9 12 1 1 7 1 9 12 1 1 9 12 1 1 10 7 12 1 1 1 10 12 1 1 10 12 1 10 12 1 10 12 1 10 12 1 1 10 12 1 1 10 12 1 10 12 1 1 10 12 1 10 12 1 10 100 12 1 1 1 10 12 1 1 18 12 1 1 11 7 12 1 1 1 10 7 12 1 1 1 10 7 12 1 10 12 1 1 10 12 1 1 10 12 1 1 10 100 12 1 1 1 10 12 1 11 12 1 1 11 7 12 1 1 11 12 1 1 10 12 1 1 10 12 1 10 12 1 11 12 1 11 12 1 1 100 1 10 10 12 1 100 1 10 18 12 1 1 11 7 12 1 1 1 11 12 1 1 9 12 1 1 10 12 1 1 8 1 10 7 12 1 1 1 10 100 12 1 1 1 10 12 1 1 11 12 10 12 1 1 10 12 1 1 11 7 1 9 12 1 7 1 10 8 1 10 12 1 1 10 12 1 1 8 1 10 12 1 10 7 12 1 1 1 10 12 1 1 10 7 1 8 1 10 8 1 10 12 1 10 12 1 8 1 9 12 1 1 9 12 1 10 100 12 1 1 1 100 9 12 1 1 7 1 9 12 1 10 12 10 12 1 1 100 10 12 9 12 1 10 12 1 100 1 10 11 12 1 1 7 1 10 10 12 1 10 12 1 1 1 1 1 1 1 1 1 1 1 1 1 1 1 1 1 1 3 1 1 1 1 1 1 1 1 1 1 1 1 100 1 1 1 1 1 1 1 1 1 1 1 1 1 1 1 1 1 1 1 1 1 1 1 1 1 1 1 1 1 1 1 1 1 1 1 1 1 1 1 1 1 1 1 16 15 10 12 16 16 15 10 12 16 15 10 100 12 1 1 1 1 1 100 1 100 1 1
staticfield java/lang/ThreadGroup $assertionsDisabled Z 1
ciInstanceKlass java/lang/Thread$UncaughtExceptionHandler 1 0 16 100 1 100 1 1 1 1 1 1 1 1 100 1 1 1
ciInstanceKlass java/security/AccessControlContext 1 1 374 9 7 12 1 1 1 9 12 1 1 10 100 12 1 1 1 8 1 10 100 12 1 1 1 10 7 12 1 1 1 9 12 1 9 12 1 1 9 12 1 1 10 7 12 1 1 7 1 10 12 1 11 7 12 1 1 1 11 12 1 11 12 1 11 12 1 1 7 1 11 12 1 1 10 12 1 10 7 12 1 1 1 9 100 12 1 1 1 10 7 12 1 1 1 11 100 12 1 1 1 10 7 1 100 1 8 1 10 12 1 10 12 1 1 7 1 10 7 12 1 1 1 9 12 1 9 12 1 9 12 1 9 12 1 1 9 12 1 1 9 12 1 9 12 1 10 7 12 1 1 1 9 12 1 10 12 1 1 10 12 1 1 8 1 10 12 1 1 10 12 1 1 10 7 12 1 1 1 7 1 10 10 12 1 1 10 7 12 1 1 1 10 8 1 10 7 12 1 1 8 1 10 7 12 1 1 8 1 8 1 10 12 1 8 1 10 12 1 8 1 10 12 1 10 12 1 10 12 1 1 8 1 8 1 100 1 10 12 1 10 12 1 1 100 1 10 12 1 8 1 10 12 1 10 12 1 10 8 1 10 12 1 1 10 12 1 1 10 12 1 1 10 12 1 1 10 12 1 10 12 1 11 10 12 1 10 12 1 1 10 10 10 12 1 1 1 1 1 1 1 1 1 1 1 1 1 1 1 1 1 1 1 1 1 1 1 1 100 1 1 1 1 1 1 1 1 1 1 1 1 1 1 1 1 1 1 1 1 1 1 1 1 1 1 1 1 1 1 1 1 1 1 1 1 1 1 1 1 1 1 1 1 1 1 1 1 1 1 1 1 3 1 1
instanceKlass java/lang/ThreadBuilders$BoundVirtualThread
instanceKlass java/lang/VirtualThread
ciInstanceKlass java/lang/BaseVirtualThread 0 0 36 10 100 12 1 1 1 100 1 1 1 1 1 1 1 1 1 1 1 1 1 1 1 1 1 1 1 1 100 1 100 1 1 100 1 1
ciInstanceKlass java/lang/VirtualThread 0 0 907 9 7 12 1 1 1 10 7 12 1 1 1 10 100 12 1 1 1 10 7 12 1 1 1 9 12 1 1 9 12 1 1 100 1 10 12 1 9 12 1 1 18 12 1 1 9 12 1 1 10 12 1 1 100 1 10 12 1 10 12 1 1 10 12 1 1 10 12 1 1 10 12 1 10 7 12 1 10 12 1 10 12 1 10 12 1 10 12 1 11 100 12 1 1 1 100 1 10 12 1 1 10 100 12 1 1 1 10 100 12 1 1 1 10 12 1 100 1 10 10 12 1 10 12 1 1 9 12 1 1 10 12 1 1 9 12 1 1 10 12 1 9 12 1 1 9 12 1 100 1 10 10 12 1 10 100 12 1 1 10 9 10 10 12 1 1 10 12 1 1 10 100 12 1 1 10 100 1 10 9 10 10 12 1 7 1 10 12 1 1 10 12 1 10 12 1 10 12 1 1 9 12 1 10 12 1 10 12 1 9 12 1 1 10 12 1 10 12 1 9 12 1 1 10 12 1 10 12 1 10 12 1 11 100 12 1 1 10 12 1 1 10 12 1 1 10 12 1 1 9 12 1 10 100 1 10 12 1 1 10 12 1 1 10 12 1 10 12 1 10 12 1 10 12 9 12 1 1 10 100 12 1 1 10 12 1 10 12 1 1 10 100 12 1 1 10 12 1 100 1 8 1 10 12 1 10 12 1 1 10 12 1 10 12 1 10 100 12 1 1 10 12 1 10 12 1 1 10 12 1 10 12 1 1 10 7 12 1 1 10 12 1 1 10 12 1 1 100 1 10 10 12 1 7 1 9 12 1 1 10 7 12 1 1 10 9 12 1 1 18 9 100 12 1 1 1 11 100 12 1 1 1 11 100 1 11 12 10 12 1 10 12 1 1 10 12 1 100 1 10 10 12 1 10 12 1 1 10 12 1 1 10 12 1 10 12 1 10 12 1 9 12 1 1 11 100 12 1 1 10 12 9 100 12 1 1 1 9 12 1 10 12 1 1 9 12 1 9 12 1 9 12 1 7 1 10 10 12 1 1 10 12 1 10 12 7 1 7 1 10 8 1 10 12 1 1 10 12 1 10 12 1 10 10 12 1 8 1 10 10 12 1 10 12 1 10 7 12 1 1 8 1 8 1 10 9 100 12 1 1 1 10 12 1 1 10 12 1 10 10 10 12 9 12 1 10 12 1 1 9 12 1 10 12 1 1 9 12 1 10 12 1 1 18 12 1 1 18 12 1 10 7 12 1 1 1 8 1 10 100 12 1 1 1 10 7 12 1 1 1 18 12 1 10 100 12 1 1 1 100 1 10 12 1 8 1 10 12 1 8 1 10 12 1 1 8 1 8 1 10 100 12 1 1 8 1 10 12 1 8 1 8 1 10 100 12 1 1 1 10 12 1 10 12 1 1 10 12 1 18 12 1 1 18 12 1 1 5 0 9 12 1 10 12 1 18 12 1 100 1 10 12 10 7 12 1 1 10 12 1 1 7 1 8 1 10 10 12 1 10 12 1 1 10 12 1 9 12 1 8 10 12 1 1 8 8 9 12 1 8 10 12 1 1 3 1 3 1 3 1 3 1 3 1 3 1 3 1 3 1 3 1 3 1 3 1 3 3 1 3 1 1 1 1 1 1 1 1 1 1 1 1 1 1 7 1 1 1 1 1 1 1 1 1 1 1 1 1 1 7 1 1 1 1 1 1 1 1 1 1 1 7 1 1 1 1 1 1 1 1 1 1 1 1 1 1 1 1 1 1 1 1 1 1 1 1 1 1 1 1 1 1 1 1 1 1 1 1 1 1 1 100 1 1 1 1 1 1 1 1 1 1 1 1 1 1 1 1 1 1 1 1 1 1 1 1 1 1 1 1 1 1 1 1 1 1 1 100 1 1 1 1 1 1 1 1 1 1 1 1 1 1 100 1 1 16 15 10 12 15 16 15 10 12 16 15 10 12 16 16 15 10 12 16 15 10 12 16 15 10 12 16 15 10 12 16 1 15 10 100 12 1 1 1 1 1 1 1 7 1 1 100 1 100 1 1
ciInstanceKlass java/lang/ThreadBuilders$BoundVirtualThread 0 0 132 10 7 12 1 1 1 9 7 12 1 1 1 10 7 12 1 1 1 9 12 1 1 10 12 1 1 10 12 1 1 9 12 1 1 10 7 12 1 1 1 10 12 1 1 7 1 8 1 10 12 1 10 12 1 1 10 12 1 1 10 12 1 1 10 7 12 1 1 1 8 1 10 12 1 8 1 10 12 1 1 10 100 12 1 1 9 100 12 1 1 1 10 12 1 1 10 10 12 1 1 1 1 1 1 1 1 1 1 1 1 1 1 1 1 1 1 1 1 1 1 1 1 1 1 1 1 100 1 1 1 1
ciInstanceKlass jdk/internal/vm/ContinuationScope 0 0 50 10 100 12 1 1 1 10 100 12 1 1 1 100 1 9 100 12 1 1 1 10 12 1 1 10 100 12 1 1 1 10 12 1 1 10 12 1 1 1 1 1 1 1 1 1 1 1 1 1
ciInstanceKlass jdk/internal/vm/StackChunk 0 0 32 10 100 12 1 1 1 9 100 12 1 1 1 9 12 1 1 9 12 1 1 1 1 1 1 1 1 1 1 1 1 1
ciInstanceKlass java/lang/Float 1 1 279 7 1 7 1 10 100 12 1 1 1 10 100 12 1 1 1 4 7 1 10 12 1 1 10 12 1 1 8 1 8 1 10 7 12 1 1 1 10 12 1 1 10 12 1 1 10 100 1 4 10 7 12 1 1 9 12 1 1 10 12 1 1 10 12 1 10 10 12 1 1 10 12 1 10 12 1 3 3 100 1 4 4 4 3 10 12 1 1 9 12 1 1 100 1 10 3 3 4 4 10 12 1 3 3 3 10 12 1 1 10 12 1 1 10 12 1 10 100 12 1 1 1 10 12 1 1 10 12 1 1 10 7 12 1 1 1 8 1 10 12 1 1 9 12 1 1 7 1 7 1 7 1 1 1 1 4 1 4 1 1 1 4 1 1 3 1 3 1 3 1 3 1 3 1 1 1 1 5 0 1 1 1 1 1 1 1 1 1 1 100 1 1 1 1 1 1 1 1 1 1 1 1 1 3 1 1 1 1 1 1 1 1 1 1 1 1 1 1 1 1 1 1 1 1 1 1 1 1 1 1 1 1 1 1 1 1 1 1 1 1 1 1 1 1 1 1 1 1 1 1 1 1 1 1 1 1 1 1 1 1 1 1 1 1 1 7 1 1 1 1 1 1 1 100 1 100 1 1
staticfield java/lang/Float TYPE Ljava/lang/Class; java/lang/Class
staticfield java/lang/Float $assertionsDisabled Z 1
ciInstanceKlass java/lang/Double 1 1 290 7 1 7 1 10 100 12 1 1 1 10 12 1 1 10 7 1 10 12 1 1 10 7 12 1 1 1 6 0 8 1 10 12 1 1 8 1 10 12 1 1 8 1 6 0 10 12 1 1 100 1 5 0 5 0 8 1 8 1 10 7 12 1 1 1 10 7 12 1 1 1 8 1 10 12 1 1 8 1 8 1 8 1 10 12 1 1 10 12 1 10 12 1 1 10 12 1 10 12 1 10 12 1 1 10 12 1 10 7 1 6 0 10 7 12 1 1 9 12 1 1 10 12 1 10 12 1 10 12 1 10 12 1 10 12 1 5 0 10 12 1 1 10 12 1 10 12 1 10 100 12 1 1 1 10 12 1 1 10 12 1 1 8 1 10 7 12 1 1 1 9 12 1 1 7 1 7 1 7 1 1 1 6 0 1 6 0 1 6 0 1 1 1 6 0 1 1 3 1 3 1 3 1 3 1 3 1 1 1 1 5 0 1 1 1 1 1 1 1 1 1 1 1 1 1 1 1 1 100 1 1 1 1 1 1 1 1 1 1 1 1 3 1 1 1 1 1 1 1 1 1 1 1 1 1 1 1 1 1 1 1 1 1 1 1 1 1 1 1 1 1 1 1 1 1 1 7 1 1 1 1 1 1 1 100 1 100 1 1
staticfield java/lang/Double TYPE Ljava/lang/Class; java/lang/Class
ciInstanceKlass java/lang/Byte 1 1 213 7 1 100 1 10 7 12 1 1 1 9 12 1 1 8 1 9 12 1 1 7 1 10 12 1 1 10 12 1 1 10 100 12 1 1 1 10 100 12 1 1 1 9 7 12 1 1 1 10 12 1 1 100 1 7 1 10 12 1 1 8 1 10 12 1 1 8 1 10 12 1 10 12 1 10 12 1 10 12 1 1 10 12 1 10 12 1 10 12 1 1 10 8 1 8 1 10 7 1 9 12 1 1 10 12 1 1 10 12 1 1 10 12 1 1 10 12 1 5 0 10 12 1 1 8 1 10 7 12 1 1 1 9 12 1 1 7 1 7 1 1 1 3 1 3 1 1 1 1 3 1 3 1 1 5 0 1 1 1 1 1 1 1 1 1 1 1 1 1 1 1 1 1 1 1 1 1 1 1 1 1 1 1 1 1 1 1 1 1 1 1 1 1 1 1 1 1 1 1 1 1 1 1 1 1 1 1 1 1 1 1 1
staticfield java/lang/Byte TYPE Ljava/lang/Class; java/lang/Class
ciInstanceKlass java/lang/Short 1 1 222 7 1 7 1 100 1 10 7 12 1 1 1 10 12 1 1 100 1 7 1 10 12 1 1 8 1 10 12 1 1 8 1 10 12 1 10 12 1 10 12 1 10 12 1 1 10 12 1 1 10 12 1 9 12 1 1 8 1 9 12 1 1 7 1 10 12 1 1 10 12 1 10 100 12 1 1 1 10 100 12 1 1 1 9 7 12 1 1 1 10 12 1 10 12 1 1 10 8 1 8 1 10 7 1 9 12 1 1 10 12 1 1 10 12 1 1 10 12 1 1 10 12 1 3 3 5 0 10 12 1 1 8 1 10 7 12 1 1 1 9 12 1 1 7 1 7 1 1 1 3 1 3 1 1 1 1 3 1 3 1 1 5 0 1 1 1 1 1 1 1 1 1 1 1 1 1 1 1 1 1 1 1 1 1 1 1 1 1 1 1 3 1 1 1 1 1 1 1 1 1 1 1 1 1 1 1 1 1 1 1 1 1 1 1 1 1 1 1 1 1 1
staticfield java/lang/Short TYPE Ljava/lang/Class; java/lang/Class
ciInstanceKlass java/lang/Long 1 1 524 7 1 7 1 7 1 7 1 10 12 1 1 9 12 1 1 9 7 12 1 1 1 10 100 12 1 1 1 10 12 1 1 10 100 12 1 1 1 10 10 12 10 12 1 10 12 1 10 12 1 5 0 5 0 7 1 10 12 1 1 10 12 1 1 10 12 1 10 12 1 10 12 1 10 12 1 1 10 100 12 1 1 10 12 1 10 12 1 1 10 12 1 1 10 12 1 1 10 12 1 1 10 7 12 1 1 1 10 12 1 1 10 12 1 10 12 1 10 12 1 10 12 1 1 10 10 12 1 5 0 5 0 9 12 1 1 9 12 1 5 0 100 1 8 1 10 12 1 8 1 10 12 1 8 1 8 1 10 12 1 1 5 0 10 12 1 1 5 0 10 12 1 1 10 12 1 1 10 100 12 1 1 1 11 7 1 10 12 1 1 11 10 12 1 1 8 1 10 12 1 1 8 1 7 1 10 12 1 1 10 12 1 8 1 8 1 11 12 1 1 10 12 1 10 12 1 10 12 1 5 0 5 0 9 7 12 1 1 1 10 12 1 10 12 1 1 8 1 8 1 10 12 1 1 8 1 8 1 8 1 8 1 8 1 8 1 10 12 1 10 7 1 9 12 1 1 10 12 1 10 12 1 1 10 12 1 1 10 7 12 1 1 1 100 1 100 1 10 12 1 1 10 12 1 1 5 0 10 12 1 10 12 1 5 0 5 0 5 0 10 12 1 1 10 12 1 5 0 5 0 10 12 1 10 12 1 10 100 12 1 1 1 10 12 1 1 10 12 1 1 8 1 10 7 12 1 1 1 9 12 1 1 7 1 7 1 7 1 1 1 1 5 0 1 1 1 1 3 1 3 1 5 0 1 1 1 1 1 1 1 1 1 100 1 1 1 1 1 1 1 1 1 1 1 1 1 1 1 1 1 1 1 1 1 1 1 1 1 1 1 1 1 1 1 1 1 1 1 1 1 1 1 1 1 1 1 1 1 1 1 1 1 1 1 1 1 1 1 3 1 1 1 1 1 1 1 1 1 1 1 1 1 1 1 7 1 1 1 1 1 1 1 1 1 1 1 1 1 1 1 1 1 1 1 1 1 1 1 1 1 1 1 1 1 1 1 1 1 1 1 1 1 1 1 1 1 1 1 7 1 1 1 1 1 1 1 1 1 100 1 100 1 1
staticfield java/lang/Long TYPE Ljava/lang/Class; java/lang/Class
ciInstanceKlass jdk/internal/vm/vector/VectorSupport 0 0 573 100 1 10 100 12 1 1 1 9 12 1 1 10 12 1 1 100 1 10 12 1 11 100 12 1 1 1 11 100 12 1 1 1 11 100 12 1 1 11 100 12 1 1 11 100 12 1 1 1 11 100 12 1 1 11 100 12 1 1 11 100 12 1 1 11 100 12 1 1 11 100 12 1 1 11 100 12 1 1 11 100 12 1 1 1 11 100 12 1 1 11 100 12 1 1 1 11 100 12 1 1 1 11 100 12 1 1 11 100 12 1 1 1 11 100 12 1 1 100 1 10 12 1 1 11 100 12 1 1 11 100 12 1 1 11 100 12 1 1 11 100 12 1 1 11 100 12 1 1 11 100 12 1 1 9 12 1 1 10 100 12 1 1 11 100 12 1 1 10 12 1 1 10 100 12 1 1 1 10 12 1 10 12 1 1 10 12 1 1 1 1 1 3 1 3 1 3 1 3 1 3 1 3 1 3 1 3 1 3 1 3 1 3 1 3 1 3 1 3 1 3 1 3 1 3 1 3 1 3 1 3 1 3 1 3 1 3 1 3 1 3 1 3 1 3 1 3 1 3 1 3 1 3 1 3 1 3 1 3 1 3 1 3 1 3 1 3 1 3 1 3 1 3 1 3 1 3 1 3 1 3 1 3 1 3 1 3 1 3 1 3 1 3 1 3 1 3 1 1 1 1 1 1 1 1 1 1 1 1 1 1 1 1 1 1 1 1 1 1 1 1 1 1 1 1 1 1 1 1 1 1 1 1 1 1 1 1 1 1 1 1 1 1 1 1 1 1 1 1 1 1 1 1 1 1 1 1 1 1 1 1 1 1 1 1 1 1 1 1 1 1 1 1 1 1 1 1 1 1 1 1 1 1 1 1 1 1 1 1 1 1 1 1 1 1 1 1 1 1 1 1 1 1 1 1 1 1 1 1 1 1 1 1 1 1 1 1 1 1 1 1 1 1 1 1 1 1 1 1 1 1 1 1 1 1 1 1 1 1 1 1 1 1 1 1 1 1 1 1 1 1 1 1 1 1 1 1 1 1 1 1 1 1 1 1 1 1 1 1 1 1 1 1 1 1 1 1 1 1 1 1 1 1 1 1 1 1 1 1 1 1 1 1 1 1 1 1 1 1 1 1 1 1 1 1 1 1 1 1 1 1 1 1 1 1 1 1 1 1 1 1 1 1 1 1 1 1 1 1 1 1 1 100 1 100 1 100 1 100 1 100 1 1 1 1 1 1 1 1 1 1 1 1 1 1 1 1 1 1 1 1 1 1 1 1 1 1 1 1 1 1 1
instanceKlass jdk/internal/vm/vector/VectorSupport$VectorShuffle
instanceKlass jdk/internal/vm/vector/VectorSupport$VectorMask
instanceKlass jdk/internal/vm/vector/VectorSupport$Vector
ciInstanceKlass jdk/internal/vm/vector/VectorSupport$VectorPayload 0 0 32 10 100 12 1 1 1 9 100 12 1 1 1 10 100 12 1 1 1 1 1 1 1 1 1 1 1 1 1 1 1 1
ciInstanceKlass jdk/internal/vm/vector/VectorSupport$Vector 0 0 28 10 100 12 1 1 1 100 1 1 1 1 1 1 1 1 1 1 1 1 1 1 1 100 1 1 1 1
ciInstanceKlass jdk/internal/vm/vector/VectorSupport$VectorMask 0 0 28 10 100 12 1 1 1 100 1 1 1 1 1 1 1 1 1 1 1 1 1 1 1 100 1 1 1 1
ciInstanceKlass jdk/internal/vm/vector/VectorSupport$VectorShuffle 0 0 28 10 100 12 1 1 1 100 1 1 1 1 1 1 1 1 1 1 1 1 1 1 1 100 1 1 1 1
ciInstanceKlass jdk/internal/vm/FillerObject 0 0 16 10 100 12 1 1 1 100 1 1 1 1 1 1 1 1
instanceKlass java/lang/ref/PhantomReference
instanceKlass java/lang/ref/FinalReference
instanceKlass java/lang/ref/WeakReference
instanceKlass java/lang/ref/SoftReference
ciInstanceKlass java/lang/ref/Reference 1 1 190 9 7 12 1 1 1 9 7 12 1 1 10 12 1 1 10 12 1 1 9 12 1 1 10 12 1 1 9 12 1 1 9 12 1 1 7 1 10 12 1 10 7 12 1 1 10 12 1 10 12 1 1 10 12 1 7 1 8 1 10 12 1 1 7 1 10 12 1 1 10 12 1 1 10 12 1 9 12 1 10 12 1 1 10 12 1 10 12 1 9 12 1 7 1 100 1 10 12 9 12 1 9 12 1 100 1 10 10 12 1 10 10 7 12 1 1 7 1 10 10 7 12 1 1 1 1 1 1 1 1 1 1 1 1 1 1 1 1 1 1 1 7 1 1 1 100 1 1 1 1 1 1 1 1 1 1 1 1 1 1 1 1 1 1 1 1 1 1 1 1 1 1 1 1 1 1 1 1 1 1 1 7 1 7 1 7 1 1 1
staticfield java/lang/ref/Reference processPendingLock Ljava/lang/Object; java/lang/Object
staticfield java/lang/ref/Reference $assertionsDisabled Z 1
ciMethod java/lang/ref/Reference reachabilityFence (Ljava/lang/Object;)V 708 0 71520 0 -1
instanceKlass java/io/ClassCache$CacheRef
instanceKlass org/eclipse/sisu/inject/MildKeys$Soft
instanceKlass org/eclipse/core/internal/registry/ReferenceMap$SoftRef
instanceKlass sun/util/locale/provider/LocaleResources$ResourceReference
instanceKlass sun/util/resources/Bundles$BundleReference
instanceKlass java/util/ResourceBundle$BundleReference
instanceKlass sun/util/locale/LocaleObjectCache$CacheEntry
instanceKlass sun/security/util/MemoryCache$SoftCacheEntry
instanceKlass java/lang/invoke/LambdaFormEditor$Transform
ciInstanceKlass java/lang/ref/SoftReference 1 1 47 10 7 12 1 1 1 9 7 12 1 1 1 9 12 1 10 12 1 10 12 1 1 1 1 1 1 1 1 1 1 1 1 1 1 1 1 1 1 1 1 100 1 1 1 1 1
instanceKlass org/eclipse/jdt/internal/core/util/WeakHashSetOfCharArray$HashableWeakReference
instanceKlass org/eclipse/jdt/internal/core/util/WeakHashSet$HashableWeakReference
instanceKlass com/google/common/cache/LocalCache$WeakEntry
instanceKlass org/eclipse/sisu/inject/MildKeys$Weak
instanceKlass com/sun/jna/CallbackReference
instanceKlass java/util/ResourceBundle$KeyElementReference
instanceKlass java/util/logging/LogManager$LoggerWeakRef
instanceKlass java/util/logging/Level$KnownLevel
instanceKlass org/eclipse/osgi/internal/container/KeyBasedLockStore$LockWeakRef
instanceKlass sun/nio/ch/FileLockTable$FileLockReference
instanceKlass java/lang/ClassValue$Entry
instanceKlass java/lang/ThreadLocal$ThreadLocalMap$Entry
instanceKlass java/lang/WeakPairMap$WeakRefPeer
instanceKlass jdk/internal/util/WeakReferenceKey
instanceKlass java/util/WeakHashMap$Entry
ciInstanceKlass java/lang/ref/WeakReference 1 1 31 10 7 12 1 1 1 10 12 1 100 1 1 1 1 1 1 1 1 1 1 1 1 1 1 1 1 1 1 1 1
instanceKlass java/lang/ref/Finalizer
ciInstanceKlass java/lang/ref/FinalReference 1 1 50 10 7 12 1 1 1 10 7 12 1 1 1 10 12 1 1 7 1 8 1 10 12 1 1 1 1 1 1 1 1 1 1 1 1 1 1 1 1 1 1 1 1 1 1 1 1 1 7 1
instanceKlass com/sun/jna/internal/Cleaner$CleanerRef
instanceKlass jdk/internal/ref/PhantomCleanable
instanceKlass jdk/internal/ref/Cleaner
ciInstanceKlass java/lang/ref/PhantomReference 1 1 39 10 100 12 1 1 1 10 7 12 1 1 1 1 1 1 1 1 1 1 1 1 1 1 1 1 1 1 1 1 1 1 1 1 1 1 1 1 1
ciInstanceKlass java/lang/ref/Finalizer 1 1 155 9 7 12 1 1 1 10 7 12 1 1 1 9 12 1 1 9 12 1 1 9 12 1 9 12 1 9 12 1 1 10 12 1 7 1 8 1 10 12 1 10 12 1 1 9 12 1 100 1 10 12 1 7 1 11 100 12 1 1 10 12 1 7 1 10 12 1 100 1 10 12 1 10 7 12 1 1 1 10 100 12 1 1 1 100 1 10 10 12 1 7 1 10 12 1 7 1 10 12 1 1 10 12 1 1 10 12 1 10 7 12 1 1 1 7 1 10 7 1 10 10 12 1 1 1 1 1 1 1 1 1 1 1 1 1 1 1 1 1 1 1 1 1 1 1 1 1 1 1 1 1 1 1 1
staticfield java/lang/ref/Finalizer lock Ljava/lang/Object; java/lang/Object
staticfield java/lang/ref/Finalizer ENABLED Z 1
staticfield java/lang/ref/Finalizer $assertionsDisabled Z 1
instanceKlass org/apache/maven/artifact/ArtifactScopeEnum
instanceKlass org/eclipse/lsp4j/DiagnosticTag
instanceKlass org/eclipse/lsp4j/PrepareSupportDefaultBehavior
instanceKlass org/eclipse/lsp4j/CodeActionTag
instanceKlass org/eclipse/jdt/internal/compiler/parser/TerminalToken
instanceKlass org/eclipse/lsp4j/CompletionItemKind
instanceKlass org/eclipse/lsp4j/CompletionItemTag
instanceKlass org/eclipse/lsp4j/InsertTextMode
instanceKlass org/eclipse/lsp4j/SymbolTag
instanceKlass org/eclipse/lsp4j/SymbolKind
instanceKlass org/eclipse/lsp4j/MessageType
instanceKlass java/nio/file/FileVisitResult
instanceKlass java/nio/file/FileTreeWalker$EventType
instanceKlass java/nio/file/FileVisitOption
instanceKlass org/eclipse/jdt/ls/core/internal/BuildWorkspaceStatus
instanceKlass org/eclipse/jdt/ls/core/internal/javafx/FXVersion
instanceKlass com/google/inject/spi/InjectionPoint$Position
instanceKlass java/lang/annotation/ElementType
instanceKlass com/google/inject/internal/InternalFlags$ColorizeOption
instanceKlass com/google/inject/internal/InternalFlags$BytecodeGenOption
instanceKlass com/google/inject/internal/InternalFlags$NullableProvidesOption
instanceKlass com/google/inject/internal/InternalFlags$CustomClassLoadingOption
instanceKlass com/google/inject/internal/InternalFlags$IncludeStackTraceOption
instanceKlass com/google/inject/Key$NullAnnotationStrategy
instanceKlass org/eclipse/jdt/ls/core/internal/ServiceStatus
instanceKlass com/google/common/base/Functions$IdentityFunction
instanceKlass com/google/common/collect/AbstractIterator$State
instanceKlass com/google/common/base/Predicates$ObjectPredicate
instanceKlass com/google/gson/ReflectionAccessFilter$FilterResult
instanceKlass sun/reflect/annotation/TypeAnnotation$TypeAnnotationTarget
instanceKlass com/google/common/base/AbstractIterator$State
instanceKlass com/google/gson/stream/JsonToken
instanceKlass com/google/gson/Strictness
instanceKlass com/google/common/util/concurrent/AbstractFutureState$VarHandleAtomicHelperMaker
instanceKlass com/google/gson/LongSerializationPolicy
instanceKlass com/google/gson/ToNumberPolicy
instanceKlass com/google/gson/FieldNamingPolicy
instanceKlass org/eclipse/buildship/core/internal/util/gradle/PublishedGradleVersions$LookupStrategy
instanceKlass org/eclipse/buildship/core/internal/CoreTraceScopes
instanceKlass com/google/inject/Stage
instanceKlass org/eclipse/sisu/space/BeanScanning
instanceKlass org/eclipse/jdt/ls/core/internal/DiagnosticsState$ErrorLevel
instanceKlass javax/xml/catalog/CatalogFeatures$State
instanceKlass com/sun/org/apache/xalan/internal/utils/XMLSecurityPropertyManager$Property
instanceKlass com/sun/org/apache/xalan/internal/utils/FeaturePropertyBase$State
instanceKlass jdk/xml/internal/JdkProperty$ImplPropMap
instanceKlass jdk/xml/internal/JdkXmlFeatures$XmlFeature
instanceKlass org/eclipse/jdt/ls/core/internal/preferences/CodeGenerationTemplate
instanceKlass org/eclipse/jdt/ls/core/internal/preferences/Preferences$SearchScope
instanceKlass org/eclipse/jdt/ls/core/internal/handlers/ProjectEncodingMode
instanceKlass org/eclipse/jdt/ls/core/internal/handlers/InlayHintsParameterMode
instanceKlass org/eclipse/jdt/ls/core/internal/handlers/CompletionGuessMethodArgumentsMode
instanceKlass org/eclipse/jdt/ls/core/internal/handlers/CompletionMatchCaseMode
instanceKlass org/eclipse/jdt/ls/core/internal/preferences/Preferences$FeatureStatus
instanceKlass lombok/eclipse/agent/PatchDelegate$DelegateReceiver
instanceKlass ch/qos/logback/core/spi/FilterReply
instanceKlass org/apache/maven/model/building/ModelProblem$Severity
instanceKlass com/google/common/cache/LocalCache$EntryFactory
instanceKlass com/google/common/cache/CacheBuilder$NullListener
instanceKlass com/google/common/cache/CacheBuilder$OneWeigher
instanceKlass com/google/common/cache/LocalCache$Strength
instanceKlass org/eclipse/m2e/core/internal/preferences/ProblemSeverity
instanceKlass org/eclipse/m2e/core/lifecyclemapping/model/PluginExecutionAction
instanceKlass org/slf4j/helpers/Reporter$Level
instanceKlass org/slf4j/helpers/Reporter$TargetChoice
instanceKlass ch/qos/logback/classic/spi/Configurator$ExecutionStatus
instanceKlass org/apache/felix/scr/impl/inject/field/FieldHandler$METHOD_TYPE
instanceKlass java/security/DrbgParameters$Capability
instanceKlass jdk/xml/internal/XMLSecurityManager$NameMap
instanceKlass jdk/xml/internal/XMLSecurityManager$Processor
instanceKlass jdk/xml/internal/XMLSecurityManager$Limit
instanceKlass java/nio/file/StandardCopyOption
instanceKlass java/math/RoundingMode
instanceKlass java/time/format/TextStyle
instanceKlass java/time/format/DateTimeFormatterBuilder$SettingsParser
instanceKlass java/time/format/ResolverStyle
instanceKlass java/time/format/SignStyle
instanceKlass java/time/temporal/JulianFields$Field
instanceKlass java/time/temporal/IsoFields$Unit
instanceKlass java/time/temporal/IsoFields$Field
instanceKlass org/apache/felix/resolver/reason/ReasonException$Reason
instanceKlass org/apache/felix/scr/impl/inject/ValueUtils$ValueType
instanceKlass org/apache/felix/scr/impl/manager/RegistrationManager$RegState
instanceKlass org/apache/felix/scr/impl/manager/AbstractComponentManager$State
instanceKlass org/osgi/util/promise/PromiseFactory$Option
instanceKlass org/apache/felix/scr/impl/metadata/ReferenceMetadata$ReferenceScope
instanceKlass org/apache/felix/scr/impl/metadata/ServiceMetadata$Scope
instanceKlass org/apache/felix/scr/impl/metadata/DSVersion
instanceKlass com/sun/org/apache/xerces/internal/impl/XMLScanner$NameType
instanceKlass com/sun/org/apache/xerces/internal/util/Status
instanceKlass javax/xml/catalog/CatalogFeatures$Feature
instanceKlass com/sun/org/apache/xerces/internal/utils/XMLSecurityPropertyManager$Property
instanceKlass com/sun/org/apache/xerces/internal/utils/XMLSecurityPropertyManager$State
instanceKlass com/sun/org/apache/xerces/internal/utils/XMLSecurityManager$NameMap
instanceKlass jdk/xml/internal/JdkProperty$State
instanceKlass com/sun/org/apache/xerces/internal/utils/XMLSecurityManager$Limit
instanceKlass org/apache/felix/scr/impl/logger/InternalLogger$Level
instanceKlass sun/util/locale/provider/LocaleProviderAdapter$Type
instanceKlass java/util/Locale$Category
instanceKlass java/lang/StackStreamFactory$WalkerState
instanceKlass java/lang/StackWalker$ExtendedOption
instanceKlass aQute/bnd/header/Attrs$Type
instanceKlass org/apache/aries/spifly/ProviderBundleTrackerCustomizer$DiscoveryMode
instanceKlass org/eclipse/osgi/container/Module$StartOptions
instanceKlass org/eclipse/osgi/container/ModuleContainerAdaptor$ContainerEvent
instanceKlass org/eclipse/osgi/report/resolution/ResolutionReport$Entry$Type
instanceKlass java/util/Comparators$NaturalOrderComparator
instanceKlass org/apache/felix/resolver/PermutationType
instanceKlass java/lang/StackWalker$Option
instanceKlass org/eclipse/equinox/plurl/impl/PlurlImpl$SetFactories
instanceKlass org/eclipse/osgi/container/ModuleDatabase$Sort
instanceKlass org/eclipse/osgi/container/Module$Settings
instanceKlass org/eclipse/osgi/container/ModuleContainerAdaptor$ModuleEvent
instanceKlass org/eclipse/osgi/storage/ContentProvider$Type
instanceKlass org/eclipse/osgi/container/Module$State
instanceKlass org/osgi/service/log/LogLevel
instanceKlass sun/util/logging/PlatformLogger$Level
instanceKlass jdk/internal/logger/BootstrapLogger$LoggingBackend
instanceKlass java/lang/reflect/ProxyGenerator$PrimitiveTypeInfo
instanceKlass java/lang/annotation/RetentionPolicy
instanceKlass java/nio/file/AccessMode
instanceKlass java/util/stream/MatchOps$MatchKind
instanceKlass java/nio/file/attribute/PosixFilePermission
instanceKlass jdk/internal/icu/util/CodePointTrie$ValueWidth
instanceKlass jdk/internal/icu/util/CodePointTrie$Type
instanceKlass java/text/Normalizer$Form
instanceKlass java/time/temporal/ChronoUnit
instanceKlass java/time/temporal/ChronoField
instanceKlass sun/security/util/DisabledAlgorithmConstraints$Constraint$Operator
instanceKlass java/lang/System$Logger$Level
instanceKlass sun/security/rsa/RSAUtil$KeyType
instanceKlass sun/security/util/KnownOIDs
instanceKlass lombok/patcher/StackRequest
instanceKlass java/util/regex/Pattern$Qtype
instanceKlass java/lang/invoke/MethodHandleImpl$ArrayAccess
instanceKlass java/util/zip/ZipCoder$Comparison
instanceKlass java/nio/file/LinkOption
instanceKlass sun/nio/fs/WindowsPathType
instanceKlass java/util/concurrent/TimeUnit
instanceKlass java/nio/file/StandardOpenOption
instanceKlass java/util/stream/Collector$Characteristics
instanceKlass java/util/stream/StreamShape
instanceKlass java/lang/invoke/MethodHandles$Lookup$ClassOption
instanceKlass java/lang/invoke/VarHandle$AccessType
instanceKlass java/lang/invoke/VarHandle$AccessMode
instanceKlass java/lang/invoke/MethodHandleImpl$Intrinsic
instanceKlass java/lang/invoke/LambdaForm$BasicType
instanceKlass java/lang/invoke/LambdaForm$Kind
instanceKlass sun/invoke/util/Wrapper
instanceKlass java/util/stream/StreamOpFlag$Type
instanceKlass java/util/stream/StreamOpFlag
instanceKlass java/io/File$PathStatus
instanceKlass java/lang/module/ModuleDescriptor$Requires$Modifier
instanceKlass java/lang/reflect/AccessFlag$Location
instanceKlass java/lang/reflect/AccessFlag
instanceKlass java/lang/module/ModuleDescriptor$Modifier
instanceKlass java/lang/reflect/ClassFileFormatVersion
instanceKlass java/lang/Thread$State
ciInstanceKlass java/lang/Enum 1 1 204 9 7 12 1 1 1 9 12 1 1 10 7 12 1 1 1 9 12 1 10 7 12 1 1 1 100 1 10 10 12 1 1 10 12 1 7 1 10 10 7 12 1 1 10 12 1 1 18 12 1 1 10 100 12 1 1 1 10 12 1 1 11 7 12 1 1 1 100 1 8 1 10 12 1 100 1 7 1 10 8 1 10 12 1 1 10 12 1 1 8 1 10 12 1 10 100 1 8 1 10 10 12 1 1 10 100 12 1 1 1 7 1 7 1 7 1 1 1 1 1 1 1 1 1 1 1 1 1 1 1 1 1 1 1 1 1 1 1 1 1 1 1 1 1 1 1 1 1 1 1 1 1 1 1 1 1 1 1 1 1 1 1 3 1 1 1 1 100 1 7 1 1 100 1 1 1 1 1 1 1 1 1 1 1 16 15 10 12 16 15 10 100 12 1 1 1 1 1 100 1 100 1 1
ciInstanceKlass java/lang/reflect/Method 1 1 472 9 7 12 1 1 1 10 7 12 1 1 1 10 7 12 1 1 9 12 1 1 10 12 1 1 10 12 1 1 10 7 12 1 1 10 7 12 1 1 1 9 12 1 1 9 12 1 9 12 1 1 9 12 1 9 12 1 9 12 1 1 9 12 1 9 12 1 1 9 12 1 9 12 1 9 12 1 1 100 1 8 1 10 12 1 10 12 1 9 12 1 1 8 1 10 7 12 1 1 10 7 12 1 1 1 10 12 1 1 10 12 1 1 10 12 1 10 12 1 1 10 12 1 1 9 7 12 1 1 1 10 12 1 1 10 12 10 7 12 1 1 10 12 1 1 10 12 1 10 12 1 10 12 1 10 7 12 1 1 1 10 12 1 1 10 7 1 10 7 12 1 1 1 10 7 12 1 1 10 12 1 1 10 12 1 1 10 12 1 10 7 12 1 1 1 10 12 1 10 8 1 10 12 1 10 12 1 7 1 8 1 8 1 8 1 10 12 1 10 12 1 1 10 12 1 1 10 10 12 1 1 10 12 1 11 7 1 10 12 1 9 12 1 1 10 12 1 1 10 12 1 10 12 1 1 10 12 1 1 11 7 12 1 1 1 11 12 1 9 12 1 1 10 12 1 10 12 1 10 12 1 10 12 1 10 12 1 10 12 1 9 12 1 1 10 7 12 1 1 1 10 7 12 1 1 10 12 1 1 10 7 12 1 1 1 10 7 12 1 1 1 10 7 12 1 1 1 11 7 12 1 1 1 10 7 12 1 1 1 7 1 100 1 100 1 10 12 1 10 12 1 1 10 12 1 100 1 8 1 10 12 1 10 10 12 1 1 10 12 1 1 10 12 1 1 10 12 1 1 8 1 10 12 1 1 1 1 1 1 1 1 1 1 1 1 1 1 1 1 1 1 1 1 1 1 1 1 1 1 1 1 1 1 1 1 1 1 1 1 1 1 1 1 1 1 1 1 1 1 1 1 1 1 1 1 1 100 1 7 1 7 1 1 1 1 1 1 1 1 1 1 1 1 1 1 1 1 1 1 1 1 1 1 1 1 1 1 1 1 1 1
ciInstanceKlass java/lang/reflect/Field 1 1 457 9 7 12 1 1 1 10 12 1 1 10 7 12 1 1 1 10 7 12 1 1 9 12 1 1 10 12 1 1 10 12 1 1 10 7 12 1 1 10 7 12 1 1 1 9 12 1 1 9 12 1 9 12 1 9 12 1 1 9 12 1 1 9 12 1 9 12 1 1 9 12 1 1 100 1 8 1 10 12 1 10 12 1 9 12 1 1 9 12 1 10 12 1 10 7 12 1 1 10 12 1 1 10 12 1 1 10 12 1 10 12 1 1 9 100 12 1 1 1 10 100 12 1 1 1 7 1 10 12 1 1 10 12 1 1 10 12 1 1 10 12 1 10 12 1 10 7 1 10 7 12 1 1 7 1 10 8 1 10 12 1 1 10 12 1 1 8 1 10 12 10 12 1 8 1 8 1 10 11 7 1 9 12 1 10 12 1 1 10 12 1 1 11 7 12 1 1 1 10 12 1 11 12 1 1 11 12 1 1 11 12 1 1 11 12 1 1 11 12 1 1 11 12 1 1 11 12 1 1 11 12 1 1 11 12 1 1 11 12 1 1 11 12 1 1 11 12 1 1 11 12 1 1 11 12 1 1 11 12 1 1 11 12 1 1 11 12 1 1 10 12 1 10 7 12 1 1 10 12 1 10 12 1 10 12 1 9 12 1 1 10 7 12 1 1 1 10 12 1 1 10 12 1 10 7 12 1 1 10 12 1 1 11 7 1 10 12 1 7 1 10 100 12 1 1 1 10 7 12 1 1 1 9 12 1 10 7 12 1 1 1 11 7 12 1 1 1 10 12 1 1 10 12 1 1 9 7 12 1 1 10 7 12 1 1 1 10 12 1 1 7 1 1 1 1 1 1 1 1 1 1 1 1 1 1 1 1 1 1 1 1 1 1 1 1 1 1 1 1 1 1 1 1 1 1 1 1 1 1 1 100 1 1 1 1 1 1 1 1 1 1 1 1 1 1 1 1 1 1 1 1 1 1 1 1 1 1 1 1 1 1 1 1 7 1 1 1 1 1 1 1 1 1 100 1 1
ciInstanceKlass java/lang/reflect/Parameter 1 1 243 10 7 12 1 1 1 9 7 12 1 1 1 9 12 1 1 9 12 1 1 9 12 1 10 12 1 1 10 12 1 1 10 7 12 1 1 1 7 1 10 10 12 1 1 11 7 12 1 1 1 10 12 1 10 100 12 1 1 1 10 12 1 1 10 12 1 10 12 1 8 1 8 1 10 7 12 1 1 1 10 12 1 10 12 9 100 12 1 1 1 10 100 12 1 1 1 10 12 1 8 1 10 12 1 9 12 1 1 10 12 1 1 9 12 1 1 10 12 1 1 10 12 1 1 10 12 1 1 10 12 1 10 10 12 1 10 100 12 1 1 1 10 12 1 1 11 7 12 1 1 10 7 12 1 1 7 1 10 100 12 1 1 1 10 12 1 1 10 12 1 1 10 12 1 1 10 12 1 1 9 12 1 100 1 10 11 12 1 1 11 12 1 1 7 1 1 1 1 1 1 1 1 1 1 1 1 1 1 1 1 1 1 1 1 1 1 1 1 1 1 1 1 1 1 1 1 1 1 1 1 1 1 1 1 1 100 1 1 1 1 1 1
ciInstanceKlass java/lang/reflect/RecordComponent 1 1 196 10 7 12 1 1 1 9 7 12 1 1 1 9 12 1 1 9 12 1 10 12 1 1 10 12 1 1 10 100 12 1 1 1 10 12 1 1 9 12 1 1 10 12 1 1 10 12 1 1 10 12 1 10 100 12 1 1 10 100 12 1 1 9 12 1 1 10 100 12 1 1 1 11 100 12 1 1 1 10 9 100 12 1 1 1 10 100 12 1 1 1 9 12 1 1 10 100 12 1 1 1 10 12 1 1 11 7 12 1 1 10 7 12 1 1 7 1 9 12 1 9 12 1 1 9 12 1 10 100 12 1 1 1 10 12 1 1 10 12 1 1 7 1 10 10 12 1 10 12 1 1 8 1 10 12 1 10 12 1 9 12 1 7 1 1 1 1 1 1 1 1 1 1 1 1 1 1 1 1 1 1 1 1 1 1 7 1 1 1 1 1 1 100 1 1
ciInstanceKlass java/lang/StringBuffer 1 1 483 10 7 12 1 1 1 10 12 1 10 12 1 10 12 1 1 9 7 12 1 1 1 10 12 1 1 10 12 1 10 12 1 1 9 12 1 1 10 12 1 10 12 1 1 10 12 1 1 10 12 1 10 12 1 1 10 12 1 10 12 1 1 10 12 1 1 10 7 12 1 1 1 10 12 1 1 10 12 1 10 12 1 10 12 1 10 12 1 10 12 1 10 12 1 10 12 1 10 12 1 10 12 1 10 12 1 10 12 1 10 12 1 10 12 1 10 12 1 1 10 12 1 10 12 1 1 10 12 1 1 10 10 12 1 1 10 12 1 10 12 1 10 12 1 10 12 1 10 12 1 10 12 1 10 12 10 12 1 10 12 1 10 12 1 10 12 1 1 10 12 1 10 12 1 10 10 12 1 1 10 12 1 10 12 1 10 12 1 10 10 100 12 1 1 1 10 10 12 1 1 9 12 1 1 10 100 12 1 1 10 100 1 8 10 100 12 1 1 1 8 10 12 1 8 1 10 12 1 10 12 1 10 100 12 1 1 1 10 100 12 1 1 1 7 1 10 12 100 1 8 1 10 10 12 1 1 10 12 1 1 10 12 1 10 12 1 10 12 1 1 10 12 1 10 12 1 10 12 1 10 12 1 10 12 1 10 12 10 12 1 10 12 1 10 12 1 10 12 1 10 12 1 10 12 1 10 12 1 10 12 1 10 12 1 10 12 1 10 12 10 12 10 12 1 10 12 1 10 12 1 10 12 10 12 1 10 12 1 10 12 1 10 12 1 10 12 1 10 12 1 10 12 1 10 12 1 10 12 1 10 12 1 10 12 1 7 1 10 12 1 9 7 12 1 1 1 9 7 1 9 12 1 1 7 1 7 1 7 1 7 1 1 1 1 5 0 1 1 1 1 1 1 1 1 1 1 1 1 1 1 1 1 1 1 1 1 1 1 1 1 1 1 1 1 1 1 1 1 1 1 1 1 1 1 1 1 1 1 1 1 1 1 1 1 1 1 1 1 1 1 1 1 1 1 1 1 1 100 1 1 1 1 1 7 1 1 1 1 1 1 1 1 1 1 1 1 1 1 1 1 1 1
staticfield java/lang/StringBuffer serialPersistentFields [Ljava/io/ObjectStreamField; 3 [Ljava/io/ObjectStreamField;
instanceKlass java/net/URLClassLoader
instanceKlass jdk/internal/loader/BuiltinClassLoader
ciInstanceKlass java/security/SecureClassLoader 1 1 102 10 7 12 1 1 1 7 1 10 12 1 9 7 12 1 1 1 10 12 1 10 12 1 10 12 1 1 10 12 1 1 10 12 1 7 1 10 7 1 10 12 1 7 1 10 12 1 11 7 12 1 1 1 7 1 11 12 1 10 12 1 1 1 1 1 1 1 1 1 1 1 1 1 1 1 1 1 1 1 1 1 1 1 1 1 1 1 1 1 1 1 1 1 1 1 1 100 1 1 1 1
ciMethod java/security/SecureClassLoader defineClass (Ljava/lang/String;Ljava/nio/ByteBuffer;Ljava/security/CodeSource;)Ljava/lang/Class; 0 0 46 0 -1
ciInstanceKlass java/util/jar/Manifest 1 1 339 10 7 12 1 1 1 7 1 10 9 7 12 1 1 1 7 1 10 9 12 1 1 9 12 1 1 10 12 1 10 12 1 1 10 12 1 1 10 12 1 1 10 12 1 1 11 7 1 11 12 1 1 10 12 1 1 10 100 12 1 1 1 100 1 7 1 10 8 1 10 12 1 1 10 12 1 1 10 12 1 10 12 1 11 100 1 10 12 1 10 12 1 1 11 12 1 1 10 12 1 11 12 1 1 11 100 12 1 1 1 11 7 12 1 1 11 12 1 1 100 1 10 12 1 8 1 11 12 1 7 1 10 12 1 1 11 12 1 10 12 1 10 12 1 10 7 12 1 1 1 8 1 10 12 1 1 10 9 7 12 1 1 1 10 12 1 1 10 100 12 1 10 12 1 10 12 1 9 100 12 1 1 1 8 1 10 12 1 8 1 8 1 7 1 10 12 1 10 12 1 10 12 1 1 100 1 8 1 10 12 1 1 8 1 10 10 12 1 1 8 1 10 12 1 1 10 7 12 1 1 1 10 12 1 10 11 12 1 1 10 12 1 10 7 12 1 1 1 10 12 1 1 10 12 1 10 12 1 1 11 10 12 1 11 10 12 1 7 1 1 1 1 1 1 1 1 1 1 1 1 1 1 1 1 1 1 1 1 1 1 1 1 1 1 1 1 1 1 1 1 1 1 1 1 1 1 1 1 1 1 1 100 1 1 1 1 1 1 1 1 1 1 1 1 1 1 7 1 1 1 1 1 1 1 1 1 1 1
ciInstanceKlass java/io/ByteArrayInputStream 1 1 117 10 7 12 1 1 1 9 7 12 1 1 1 9 12 1 1 9 12 1 9 12 1 10 100 12 1 1 1 10 7 12 1 1 1 10 7 12 1 1 1 10 100 12 1 1 1 10 12 1 1 3 10 100 1 10 100 12 1 1 1 9 12 1 1 100 1 10 10 7 12 1 1 1 1 1 1 1 1 1 1 1 1 1 1 1 1 1 1 1 1 1 1 1 1 1 1 1 1 1 1 1 100 1 1 1 1 1 1 1 1 1 1 1 1 1 1
staticfield java/io/ByteArrayInputStream $assertionsDisabled Z 1
instanceKlass java/nio/DoubleBuffer
instanceKlass java/nio/FloatBuffer
instanceKlass java/nio/ShortBuffer
instanceKlass java/nio/CharBuffer
instanceKlass java/nio/IntBuffer
instanceKlass java/nio/LongBuffer
instanceKlass java/nio/ByteBuffer
ciInstanceKlass java/nio/Buffer 1 1 256 100 1 10 7 12 1 1 1 9 7 12 1 1 1 9 12 1 9 12 1 1 9 12 1 9 12 1 1 10 12 1 1 10 12 1 1 10 12 100 1 7 1 10 8 1 10 12 1 1 10 12 1 8 1 8 1 10 12 1 1 10 12 1 8 1 9 12 1 1 100 1 8 1 10 12 1 8 1 8 1 9 12 10 12 1 8 1 8 1 8 1 10 12 1 8 1 8 1 8 1 100 1 10 100 1 10 100 1 10 9 12 1 1 10 7 12 1 1 1 100 1 10 12 1 1 10 12 1 10 100 12 1 1 10 7 12 1 1 1 10 7 12 1 1 1 9 12 1 1 10 7 12 1 1 1 9 12 1 1 7 1 10 10 12 1 1 7 1 10 10 7 12 1 1 1 1 1 3 1 1 1 1 1 1 1 1 1 1 1 1 1 1 100 1 1 1 1 1 1 1 7 1 1 1 1 1 1 1 1 1 1 1 1 1 1 1 1 1 1 1 1 1 1 1 1 1 1 1 1 1 1 1 1 1 1 1 1 1 1 1 100 1 100 1 100 1 100 1 100 1 100 1 100 1 1
staticfield java/nio/Buffer UNSAFE Ljdk/internal/misc/Unsafe; jdk/internal/misc/Unsafe
staticfield java/nio/Buffer SCOPED_MEMORY_ACCESS Ljdk/internal/misc/ScopedMemoryAccess; jdk/internal/misc/ScopedMemoryAccess
staticfield java/nio/Buffer IOOBE_FORMATTER Ljava/util/function/BiFunction; jdk/internal/util/Preconditions$4
staticfield java/nio/Buffer $assertionsDisabled Z 1
ciInstanceKlass jdk/internal/util/Preconditions 1 1 194 10 7 12 1 1 1 11 7 12 1 1 1 11 100 12 1 1 1 7 1 100 1 10 7 12 1 1 1 10 12 1 8 1 7 1 10 7 12 1 1 1 10 12 1 1 8 1 8 1 10 7 12 1 1 7 1 10 12 1 8 1 10 7 12 1 1 1 8 1 10 12 1 1 10 12 1 1 11 12 1 8 1 8 1 11 12 1 1 8 1 8 1 8 1 10 12 1 1 10 12 1 1 10 12 1 10 12 1 10 12 1 10 12 7 1 10 10 12 1 1 9 12 1 1 7 1 10 9 12 1 7 1 10 9 12 1 1 1 1 1 1 1 1 1 1 1 1 1 1 1 1 1 1 1 1 1 1 1 1 1 1 1 1 1 1 1 1 1 1 1 1 1 1 1 1 1 1 1 1 1 1 1 1 1 1 1 1 1 1 1 1 1 1
staticfield jdk/internal/util/Preconditions SIOOBE_FORMATTER Ljava/util/function/BiFunction; jdk/internal/util/Preconditions$4
staticfield jdk/internal/util/Preconditions AIOOBE_FORMATTER Ljava/util/function/BiFunction; jdk/internal/util/Preconditions$4
staticfield jdk/internal/util/Preconditions IOOBE_FORMATTER Ljava/util/function/BiFunction; jdk/internal/util/Preconditions$4
instanceKlass java/util/Collections$CopiesList
instanceKlass java/util/AbstractList$SubList
instanceKlass org/eclipse/osgi/internal/container/InternalUtils$CopyOnFirstWriteList
instanceKlass org/eclipse/osgi/internal/weaving/DynamicImportList
instanceKlass java/util/AbstractSequentialList
instanceKlass java/util/Collections$SingletonList
instanceKlass java/util/Vector
instanceKlass sun/security/jca/ProviderList$ServiceList
instanceKlass sun/security/jca/ProviderList$3
instanceKlass java/util/Arrays$ArrayList
instanceKlass java/util/ArrayList$SubList
instanceKlass java/util/Collections$EmptyList
instanceKlass java/util/ArrayList
ciInstanceKlass java/util/AbstractList 1 1 218 10 7 12 1 1 1 9 7 12 1 1 1 10 12 1 1 10 12 1 1 100 1 10 10 12 1 1 11 7 12 1 1 1 11 12 1 1 11 12 1 10 7 12 1 1 1 10 12 1 11 12 1 11 12 1 11 12 1 10 12 1 1 10 12 1 1 11 7 12 1 1 1 11 7 1 11 7 1 10 12 1 7 1 10 12 1 10 12 1 1 7 1 7 1 10 12 1 100 1 10 100 1 7 1 10 8 1 10 12 1 1 10 12 1 10 12 1 1 10 12 1 8 1 100 1 8 1 8 1 8 1 10 7 1 11 10 10 12 1 11 12 1 10 12 1 1 8 1 8 1 1 1 1 1 1 1 1 1 1 1 1 1 1 1 1 1 1 1 1 1 1 1 1 1 1 1 1 1 1 1 1 1 1 1 1 1 1 1 1 1 1 1 1 1 1 1 1 1 1 1 1 1 1 1 1 1 1 100 1 100 1 1 1 1 1 1 1
ciInstanceKlass java/util/List 1 1 251 10 100 12 1 1 1 11 100 12 1 1 1 11 100 12 1 1 1 11 12 1 1 11 100 12 1 1 11 12 1 1 11 12 1 1 10 100 12 1 1 1 7 1 7 1 10 12 1 1 100 1 10 100 12 1 1 1 11 12 1 1 11 12 1 11 12 1 100 1 10 12 1 11 12 1 1 11 12 1 1 11 12 1 10 100 12 1 1 1 9 7 12 1 1 1 7 1 10 12 10 12 1 7 1 10 12 1 1 10 12 1 10 12 1 1 11 12 1 1 100 1 1 1 1 1 1 1 1 1 1 1 1 1 1 1 1 1 1 1 1 1 1 1 1 1 1 1 1 1 1 1 1 1 1 1 1 1 1 1 1 1 1 1 1 100 1 100 1 1 1 1 1 1 1 1 1 1 1 1 1 1 1 1 1 1 1 1 1 1 1 1 1 1 1 1 1 1 1 1 1 1 1 1 1 1 1 1 1 1 1 1 1 1 1 1 1 1 1 1 1 1 1 1 1 1 1 1 1 1 1 1 1 1 1 1 1 1 1 1 1 1 1 1 100 1 1 100 1 1 1
ciInstanceKlass java/util/SequencedCollection 1 1 109 100 1 10 12 1 1 11 7 12 1 1 1 11 7 12 1 1 1 11 12 1 1 11 12 1 7 1 7 1 1 1 1 1 1 1 1 1 1 1 1 1 1 1 1 1 1 1 1 1 1 1 1 1 1 1 1 1 100 1 8 1 1 12 10 1 1 1 8 1 1 1 8 1 1 1 8 1 1 1 8 1 1 8 1 1 1 8 1 1 8 1 1 1 8 1 1 8 1 1 1 8 1 1 8 1 1 8 1
ciInstanceKlass java/util/Collection 1 1 115 11 7 12 1 1 1 7 1 11 7 12 1 1 1 10 7 12 1 1 1 11 12 1 1 11 7 12 1 1 1 11 12 1 1 11 100 12 1 1 1 11 12 1 1 10 100 12 1 1 1 11 12 1 10 7 12 1 1 1 100 1 100 1 1 1 1 1 1 1 1 1 1 1 1 1 1 1 1 1 1 1 1 1 1 1 1 1 1 1 1 1 1 1 1 1 1 1 1 1 1 1 1 1 1 1 1 1 1 1 1 1 1 1 1
ciInstanceKlass java/lang/Iterable 1 1 62 10 7 12 1 1 1 11 7 12 1 1 1 11 7 12 1 1 1 11 12 1 1 11 7 12 1 1 1 10 100 12 1 1 1 100 1 1 1 1 1 1 1 1 1 1 1 1 1 1 1 1 1 1 1 1 1 1 1 1 1 1
ciMethod java/util/List size ()I 0 0 1 0 -1
ciMethod java/util/List get (I)Ljava/lang/Object; 0 0 1 0 -1
ciMethod java/util/List isEmpty ()Z 0 0 1 0 -1
ciMethod java/util/List toArray ([Ljava/lang/Object;)[Ljava/lang/Object; 0 0 1 0 -1
ciMethod java/util/List iterator ()Ljava/util/Iterator; 0 0 1 0 -1
instanceKlass com/google/common/collect/ImmutableCollection
instanceKlass org/apache/felix/resolver/util/ArrayMap$1
instanceKlass com/sun/jna/Structure$StructureSet
instanceKlass java/util/AbstractMap$2
instanceKlass java/util/TreeMap$Values
instanceKlass java/util/IdentityHashMap$Values
instanceKlass org/apache/felix/resolver/util/OpenHashMap$AbstractObjectCollection
instanceKlass org/eclipse/osgi/internal/container/NamespaceList$Builder
instanceKlass java/util/AbstractQueue
instanceKlass java/util/LinkedHashMap$LinkedValues
instanceKlass java/util/HashMap$Values
instanceKlass java/util/ArrayDeque
instanceKlass java/util/AbstractSet
instanceKlass java/util/ImmutableCollections$AbstractImmutableCollection
instanceKlass java/util/AbstractList
ciInstanceKlass java/util/AbstractCollection 1 1 160 10 7 12 1 1 1 10 7 12 1 1 1 10 12 1 1 11 7 12 1 1 1 11 12 1 1 10 12 1 1 10 100 12 1 1 1 10 12 1 1 10 12 1 1 10 7 12 1 1 10 7 12 1 1 1 7 1 10 7 12 1 1 1 10 100 12 1 1 1 100 1 10 11 12 1 11 7 1 10 12 1 10 12 1 10 100 12 1 1 1 11 8 1 7 1 10 10 12 1 1 8 1 10 12 1 10 12 1 1 1 1 1 1 1 1 1 1 1 1 1 1 1 1 1 1 1 1 1 1 1 1 1 1 1 1 1 1 1 1 1 1 1 1 1 1 1 1 1 1 1 1 1 1 1 1 1 1 1 1
ciMethod java/util/AbstractCollection <init> ()V 594 0 71675 0 0
ciInstanceKlass java/lang/AssertionStatusDirectives 0 0 24 10 100 12 1 1 1 100 1 1 1 1 1 1 1 1 1 1 1 1 1 1 1 1
instanceKlass org/apache/maven/artifact/InvalidArtifactRTException
instanceKlass org/eclipse/lsp4j/jsonrpc/JsonRpcException
instanceKlass org/eclipse/lsp4j/jsonrpc/MessageIssueException
instanceKlass java/nio/file/ProviderNotFoundException
instanceKlass java/nio/file/FileSystemAlreadyExistsException
instanceKlass java/nio/file/FileSystemNotFoundException
instanceKlass java/lang/annotation/IncompleteAnnotationException
instanceKlass org/eclipse/lsp4j/jsonrpc/ResponseErrorException
instanceKlass com/google/gson/JsonParseException
instanceKlass java/io/UncheckedIOException
instanceKlass org/gradle/api/UncheckedIOException
instanceKlass org/eclipse/buildship/core/internal/GradlePluginsRuntimeException
instanceKlass com/google/inject/CreationException
instanceKlass com/google/inject/ConfigurationException
instanceKlass com/google/inject/ProvisionException
instanceKlass com/sun/jna/LastErrorException
instanceKlass org/eclipse/text/edits/MalformedTreeException
instanceKlass org/w3c/dom/DOMException
instanceKlass org/eclipse/jdt/internal/codeassist/select/SelectionNodeFound
instanceKlass org/eclipse/jdt/internal/core/DeltaProcessor$1FoundRelevantDeltaException
instanceKlass org/eclipse/jdt/internal/compiler/lookup/ReferenceBinding$DysfunctionalInterfaceException
instanceKlass org/eclipse/jdt/internal/codeassist/complete/InvalidCursorLocation
instanceKlass org/eclipse/jdt/internal/codeassist/complete/CompletionNodeFound
instanceKlass org/eclipse/jdt/internal/compiler/problem/AbortCompilation
instanceKlass org/eclipse/jdt/internal/compiler/lookup/SourceTypeCollisionException
instanceKlass org/eclipse/jdt/internal/core/builder/MissingSourceFileException
instanceKlass org/eclipse/jdt/internal/core/builder/ImageBuilderInternalException
instanceKlass java/lang/NegativeArraySizeException
instanceKlass org/eclipse/jdt/internal/core/ClasspathEntry$AssertionFailedException
instanceKlass com/google/common/cache/CacheLoader$InvalidCacheLoadException
instanceKlass com/google/common/util/concurrent/UncheckedExecutionException
instanceKlass java/time/DateTimeException
instanceKlass com/google/inject/OutOfScopeException
instanceKlass ch/qos/logback/core/LogbackException
instanceKlass org/objectweb/asm/tree/UnsupportedClassVersionException
instanceKlass java/lang/reflect/UndeclaredThrowableException
instanceKlass org/eclipse/core/internal/events/BuildManager$JobManagerSuspendedException
instanceKlass org/eclipse/core/internal/localstore/IsSynchronizedVisitor$ResourceChangedException
instanceKlass java/lang/IllegalCallerException
instanceKlass org/eclipse/core/internal/dtree/ObjectNotFoundException
instanceKlass org/eclipse/core/internal/utils/WrappedRuntimeException
instanceKlass org/eclipse/core/runtime/OperationCanceledException
instanceKlass org/eclipse/equinox/internal/provisional/frameworkadmin/FrameworkAdminRuntimeException
instanceKlass org/osgi/util/promise/FailedPromisesException
instanceKlass org/eclipse/core/runtime/InvalidRegistryObjectException
instanceKlass org/eclipse/core/runtime/AssertionFailedException
instanceKlass org/osgi/service/component/ComponentException
instanceKlass java/util/MissingResourceException
instanceKlass org/osgi/framework/hooks/weaving/WeavingException
instanceKlass java/util/concurrent/RejectedExecutionException
instanceKlass java/lang/reflect/InaccessibleObjectException
instanceKlass java/util/ConcurrentModificationException
instanceKlass org/osgi/framework/ServiceException
instanceKlass java/lang/TypeNotPresentException
instanceKlass java/lang/IndexOutOfBoundsException
instanceKlass org/eclipse/osgi/framework/util/ThreadInfoReport
instanceKlass org/eclipse/osgi/storage/Storage$StorageException
instanceKlass java/util/NoSuchElementException
instanceKlass java/lang/SecurityException
instanceKlass java/lang/invoke/WrongMethodTypeException
instanceKlass java/lang/UnsupportedOperationException
instanceKlass java/lang/IllegalStateException
instanceKlass java/lang/IllegalArgumentException
instanceKlass java/lang/ArithmeticException
instanceKlass java/lang/NullPointerException
instanceKlass java/lang/IllegalMonitorStateException
instanceKlass java/lang/ArrayStoreException
instanceKlass java/lang/ClassCastException
ciInstanceKlass java/lang/RuntimeException 1 1 40 10 7 12 1 1 1 10 12 1 10 12 1 10 12 1 10 12 1 100 1 1 1 1 5 0 1 1 1 1 1 1 1 1 1 1 1 1 1 1
instanceKlass org/eclipse/jdt/ls/core/internal/handlers/BaseInitHandler$JdtlsInfo
instanceKlass org/eclipse/jdt/internal/core/JarPackageFragmentRootInfo$PackageContent
instanceKlass org/eclipse/jdt/internal/core/JrtPackageFragmentRoot$JrtModuleKey
instanceKlass java/lang/reflect/Executable$ParameterData
instanceKlass java/nio/DirectByteBuffer$Deallocator
instanceKlass org/eclipse/jdt/internal/core/JavaModelManager$SecondaryTypesCache
instanceKlass org/eclipse/m2e/core/embedder/ArtifactRepositoryRef
instanceKlass org/eclipse/m2e/core/project/configurator/ProjectConfigurationRequest
instanceKlass org/eclipse/m2e/core/embedder/ArtifactKey
instanceKlass org/eclipse/m2e/core/embedder/MavenConfigurationChangeEvent
instanceKlass org/eclipse/m2e/core/embedder/MavenSettingsLocations
instanceKlass java/lang/reflect/Proxy$ProxyBuilder$ProxyClassContext
instanceKlass org/eclipse/equinox/launcher/Main$Identifier
instanceKlass sun/security/pkcs/SignerInfo$AlgorithmInfo
instanceKlass jdk/internal/misc/ThreadTracker$ThreadRef
instanceKlass java/security/SecureClassLoader$CodeSourceKey
instanceKlass jdk/internal/module/ModuleReferenceImpl$CachedHash
instanceKlass java/util/stream/Collectors$CollectorImpl
instanceKlass jdk/internal/reflect/ReflectionFactory$Config
instanceKlass jdk/internal/foreign/abi/UpcallLinker$CallRegs
instanceKlass jdk/internal/foreign/abi/VMStorage
ciInstanceKlass java/lang/Record 1 1 22 10 7 12 1 1 1 100 1 1 1 1 1 1 1 1 1 1 1 1 1 1
ciInstanceKlass java/lang/invoke/MethodType 1 1 780 7 1 10 7 12 1 1 1 9 12 1 1 9 12 1 1 9 12 1 1 10 7 12 1 1 1 9 7 12 1 1 8 1 10 100 12 1 1 1 9 7 1 9 7 1 10 12 1 1 7 1 10 8 1 10 12 1 1 10 12 1 10 12 1 1 7 1 8 1 10 12 1 100 1 10 10 12 1 10 12 1 1 10 12 1 1 11 7 12 1 1 1 9 12 1 11 12 1 1 7 10 12 1 1 10 12 1 1 7 1 7 1 10 7 12 1 1 1 10 12 1 10 12 1 9 12 1 1 10 7 12 1 1 10 12 1 1 10 7 12 1 1 1 10 7 12 1 1 1 10 12 1 9 12 1 1 10 12 1 1 10 12 1 1 10 12 1 1 10 12 1 1 10 12 1 1 10 12 1 10 12 1 10 12 1 1 10 12 1 8 1 8 1 10 12 1 1 9 12 1 1 100 1 10 10 12 1 1 10 12 1 10 12 1 1 10 12 1 1 10 12 1 10 12 1 10 12 1 8 1 10 12 1 1 10 7 12 1 1 1 10 12 1 10 12 1 1 10 12 1 10 12 1 10 12 1 1 10 12 1 10 12 1 9 12 1 10 12 1 10 10 12 1 1 10 12 1 9 12 1 1 10 12 1 1 11 12 1 1 10 12 1 1 10 12 1 10 12 1 7 1 8 1 8 1 8 1 10 12 1 10 12 1 10 12 1 1 10 10 12 1 11 12 1 1 11 12 1 10 100 12 1 1 1 9 12 1 10 12 1 10 12 1 1 10 12 1 1 10 12 1 10 12 1 10 100 12 1 1 1 10 12 1 1 10 12 1 10 12 1 10 12 1 10 9 12 1 1 7 1 10 12 1 10 12 1 1 9 100 12 1 1 1 10 7 12 1 1 1 10 7 12 1 1 1 10 12 1 1 10 7 12 1 1 1 10 12 1 1 8 1 10 7 12 1 1 1 11 12 1 1 9 12 1 1 10 12 1 1 10 12 1 10 12 1 1 10 12 1 1 10 100 12 1 1 100 1 10 12 1 1 11 100 12 1 1 18 12 1 1 11 12 1 1 18 12 1 11 12 1 100 1 11 100 12 1 1 10 12 1 100 1 10 12 1 10 100 12 1 1 10 12 1 1 9 12 1 1 9 100 12 1 1 1 10 7 12 1 1 1 9 12 1 10 100 12 1 1 10 12 1 100 10 12 1 1 10 12 1 7 1 10 10 12 1 1 7 1 7 1 9 12 1 1 7 1 7 1 7 1 1 1 5 0 1 1 1 1 1 1 1 3 1 3 1 3 1 1 1 1 1 1 1 1 1 1 1 1 1 1 1 1 1 1 1 1 1 1 1 1 1 1 1 1 1 1 1 1 1 1 1 1 1 1 1 1 1 1 1 1 1 1 1 1 1 1 1 1 1 1 1 1 1 1 1 1 1 1 1 1 1 1 1 1 1 1 1 1 1 1 1 1 1 1 1 1 1 1 1 1 1 1 1 1 1 1 1 1 1 1 1 1 1 1 1 1 1 1 1 1 1 1 1 1 1 1 1 1 1 1 1 1 1 1 1 1 1 1 1 1 1 1 1 1 1 1 7 1 7 1 1 1 1 1 1 1 1 1 1 1 1 1 7 1 1 1 7 1 1 1 1 1 1 1 1 1 1 1 1 1 1 1 1 1 1 1 1 1 1 16 15 10 12 16 16 15 10 12 16 15 10 100 12 1 1 1 1 1 7 1 1 7 1 1 100 1 100 1 1
staticfield java/lang/invoke/MethodType internTable Ljdk/internal/util/ReferencedKeySet; jdk/internal/util/ReferencedKeySet
staticfield java/lang/invoke/MethodType NO_PTYPES [Ljava/lang/Class; 0 [Ljava/lang/Class;
staticfield java/lang/invoke/MethodType objectOnlyTypes [Ljava/lang/invoke/MethodType; 20 [Ljava/lang/invoke/MethodType;
staticfield java/lang/invoke/MethodType METHOD_HANDLE_ARRAY [Ljava/lang/Class; 1 [Ljava/lang/Class;
staticfield java/lang/invoke/MethodType serialPersistentFields [Ljava/io/ObjectStreamField; 0 [Ljava/io/ObjectStreamField;
staticfield java/lang/invoke/MethodType $assertionsDisabled Z 1
ciInstanceKlass java/lang/invoke/TypeDescriptor$OfMethod 1 0 43 100 1 100 1 100 1 1 1 1 1 1 1 1 1 1 1 1 1 1 1 1 1 1 1 1 1 1 1 1 1 1 1 1 1 1 1 1 1 1 100 1 1
instanceKlass java/lang/InstantiationException
instanceKlass java/lang/IllegalAccessException
instanceKlass java/lang/reflect/InvocationTargetException
instanceKlass java/lang/NoSuchFieldException
instanceKlass java/lang/NoSuchMethodException
instanceKlass java/lang/ClassNotFoundException
ciInstanceKlass java/lang/ReflectiveOperationException 1 1 34 10 7 12 1 1 1 10 12 1 10 12 1 10 12 1 100 1 1 1 1 5 0 1 1 1 1 1 1 1 1 1 1 1
instanceKlass java/lang/invoke/DelegatingMethodHandle
instanceKlass java/lang/invoke/BoundMethodHandle
instanceKlass java/lang/invoke/DirectMethodHandle
ciInstanceKlass java/lang/invoke/MethodHandle 1 1 733 100 1 9 7 12 1 1 1 10 7 12 1 1 1 10 7 12 1 1 1 7 1 7 1 10 12 1 1 9 12 1 1 10 12 1 10 12 1 1 10 12 1 1 10 7 12 1 1 1 10 12 1 1 10 12 1 1 11 7 12 1 1 1 10 12 1 1 10 12 1 10 12 1 10 12 1 1 9 12 1 1 9 12 1 1 10 7 12 1 1 1 10 12 1 1 10 12 1 10 12 1 100 1 7 1 10 8 1 10 12 1 1 10 12 1 8 1 10 12 1 1 10 12 1 10 7 12 1 1 1 10 12 1 1 10 12 1 1 10 12 1 1 10 7 12 1 1 1 10 12 1 1 10 12 1 1 10 12 1 10 12 1 1 10 7 12 1 1 10 7 12 1 1 10 12 1 10 12 1 10 12 1 1 10 12 1 1 10 12 1 1 10 12 1 1 10 7 12 1 1 1 10 7 12 1 1 1 10 12 1 1 10 12 1 1 10 12 1 1 8 1 10 7 12 1 1 1 8 1 10 12 1 10 12 1 1 10 12 1 1 10 12 1 8 1 10 12 1 1 8 1 10 12 1 8 1 10 7 12 1 1 1 9 12 1 1 100 1 10 9 7 12 1 1 1 9 7 1 8 1 10 12 1 1 10 12 1 10 12 1 1 10 12 1 10 12 1 1 10 12 1 10 12 1 1 10 12 1 10 12 1 1 10 12 1 1 8 1 10 12 1 1 8 1 10 12 1 10 12 1 1 10 12 1 10 12 1 10 12 1 1 9 100 12 1 1 1 10 12 1 1 11 12 1 10 12 1 10 12 1 1 10 100 12 1 1 100 1 11 12 1 10 100 1 11 12 1 7 1 10 12 1 11 12 1 9 100 12 1 1 1 11 12 1 1 11 100 12 1 1 1 10 12 1 1 9 12 1 11 12 1 9 12 1 9 12 1 9 12 1 11 12 1 1 9 12 1 9 12 1 9 12 1 9 12 1 9 12 1 9 12 1 9 12 1 8 1 10 12 1 10 12 1 8 1 10 12 1 10 12 1 10 12 1 1 10 10 10 7 12 1 1 10 12 1 1 100 1 7 1 8 1 8 1 10 10 12 1 1 10 12 1 10 12 1 7 1 10 100 12 1 1 1 10 9 7 12 1 1 1 10 12 1 1 10 12 1 1 8 1 8 1 10 7 12 1 1 9 12 1 9 12 1 1 9 12 1 1 10 12 1 7 1 10 12 1 10 12 1 1 9 12 1 1 9 12 1 1 10 7 12 1 1 1 11 7 12 1 1 9 12 1 10 12 1 1 9 12 1 10 12 1 8 10 12 1 1 8 1 1 1 1 1 1 1 1 7 1 1 1 1 1 1 1 1 1 1 1 1 1 1 1 1 1 1 1 1 1 1 1 1 1 1 1 1 1 1 100 1 1 1 1 1 1 1 1 1 1 1 1 1 1 1 1 1 1 1 1 1 1 1 1 1 1 1 1 1 1 1 1 1 1 1 1 1 1 1 1 1 1 1 1 1 1 1 1 1 1 1 1 1 1 1 1 1 1 1 1 1 1 1 1 1 1 1 1 1 1 1 1 1 1 1 1 1 1 1 1 1 1 1 1 1 1 100 1 1 100 1 7 1 100 1 1 100 1 1 100 1 1 1 1
staticfield java/lang/invoke/MethodHandle FORM_OFFSET J 20
staticfield java/lang/invoke/MethodHandle UPDATE_OFFSET J 13
staticfield java/lang/invoke/MethodHandle $assertionsDisabled Z 1
ciInstanceKlass java/util/concurrent/ConcurrentHashMap 1 1 1210 7 1 7 1 3 10 12 1 1 3 7 1 10 7 12 1 1 1 7 1 10 7 12 1 1 1 100 1 11 12 1 1 11 12 1 11 12 1 1 9 12 1 1 9 12 1 1 9 12 1 10 7 12 1 1 1 7 1 10 12 1 1 10 12 1 1 10 7 12 1 1 1 4 10 12 1 9 12 1 10 12 1 1 100 1 10 5 0 10 12 1 10 12 1 1 5 0 10 12 1 1 10 12 1 9 12 1 1 10 12 1 1 9 12 1 9 12 1 1 10 12 1 1 9 12 1 10 12 1 1 9 12 1 1 10 12 1 1 100 1 10 100 1 10 12 1 10 12 1 1 10 12 1 1 10 12 1 1 10 12 1 10 12 1 1 10 12 1 1 100 1 10 12 1 1 7 1 100 1 8 1 10 12 1 10 12 1 1 10 12 1 1 11 7 12 1 1 10 12 1 1 11 12 1 1 11 7 12 1 1 1 11 7 12 1 1 1 11 12 1 7 1 11 12 1 11 12 1 10 12 1 1 10 12 1 1 9 12 1 1 10 100 12 1 1 1 9 10 12 1 1 9 12 1 10 12 1 1 5 0 9 12 1 1 7 1 10 12 1 9 12 1 1 7 1 10 12 1 9 12 1 7 1 10 7 1 10 10 12 1 1 8 1 10 12 1 10 12 1 1 11 100 1 10 12 1 10 100 12 1 1 1 8 1 10 100 12 1 1 1 8 1 10 12 1 8 1 10 12 1 10 12 1 1 10 100 12 1 1 10 12 1 10 12 1 10 12 1 9 12 1 9 10 12 1 9 12 1 1 11 100 12 1 1 1 11 7 12 1 1 1 100 1 10 12 11 100 12 1 1 10 11 7 12 1 10 12 1 100 1 10 12 1 100 1 10 10 9 7 12 1 1 1 10 12 3 10 7 12 1 1 9 12 1 10 12 1 1 9 12 1 1 9 12 1 10 12 1 1 10 100 12 1 1 9 12 1 9 7 12 1 1 10 12 1 1 10 12 1 3 9 12 1 9 12 1 10 12 1 1 7 1 9 3 9 12 1 7 1 10 12 1 9 12 1 10 12 1 9 12 1 10 12 1 9 12 1 10 100 12 1 1 1 100 10 12 1 7 1 5 0 10 100 12 1 1 100 1 10 12 1 1 10 12 1 10 12 1 100 1 10 12 1 10 100 1 100 1 10 10 12 1 10 100 1 10 12 1 10 100 1 10 12 1 10 7 1 10 12 1 1 100 1 10 12 1 10 10 12 1 100 1 10 12 1 10 10 12 1 100 1 10 12 1 10 100 1 10 12 1 10 100 1 10 12 1 10 100 1 10 12 1 10 100 1 10 12 1 10 100 1 10 12 1 10 100 1 10 12 1 10 100 1 10 12 1 10 100 1 10 10 100 1 10 10 100 1 10 10 100 1 10 12 1 10 100 1 10 12 1 10 100 1 10 12 1 10 100 1 10 12 1 10 100 1 10 12 1 10 100 1 10 10 100 1 10 10 100 1 10 10 100 1 10 12 1 10 100 1 10 12 1 10 100 1 10 12 1 10 100 1 10 12 1 10 100 1 10 12 1 10 10 12 1 10 7 12 1 1 1 10 12 1 7 1 7 1 10 12 1 9 12 1 1 9 12 1 1 10 12 1 1 8 10 12 1 1 8 8 8 8 7 10 12 1 1 10 12 1 100 1 8 1 10 7 1 7 1 7 1 1 1 5 0 1 1 3 1 3 1 1 1 1 3 1 3 1 3 1 1 1 1 1 3 1 3 1 3 1 1 1 1 1 1 1 1 1 1 1 1 1 1 1 1 1 1 1 1 1 1 1 1 1 100 1 1 1 1 1 1 1 1 1 1 1 1 1 1 1 1 1 1 1 1 1 1 1 1 1 1 1 1 1 1 1 1 1 1 1 1 1 1 1 1 1 1 1 1 1 1 1 1 1 1 1 1 1 1 1 1 1 1 1 1 1 1 1 1 1 1 1 1 1 1 1 1 1 1 1 1 1 1 1 1 1 1 1 1 100 1 1 1 1 1 1 1 1 1 1 1 7 1 1 1 1 1 1 1 1 1 1 1 1 1 1 1 1 1 1 1 1 1 1 1 1 1 1 1 1 1 1 1 1 1 1 1 1 1 1 1 1 1 1 1 1 1 1 1 1 1 1 1 1 1 1 1 1 1 1 1 1 1 1 1 1 1 1 1 1 1 1 1 1 1 1 1 1 1 1 1 1 1 1 1 1 1 1 1 1 1 1 1 1 1 1 1 1 1 1 1 1 1 1 1 1 1 1 1 1 1 1 1 1 1 1 1 1 1 1 1 1 1 1 1 1 1 1 1 1 1 1 1 1 1 1 1 1 1 1 1 1 1 1 1 1 1 1 1 1 1 1 1 1 1 1 1 1 1 1 1 1 1 1 1 1 1 1 1 1 1 1 1 1 1 1 1 1 1 1 1 1 1 1 1 1 1 1 1 1 1 1 1 1 1 1 1 1 1 1 1 1 1 1 1 1 1 1 1 1 1 1 1 1 1 1 1 1 1 1 1 1 1 1 1 100 1 100 1 100 1 100 1 100 1 100 1 100 1 100 1 100 1 1 1 1 1 1 1 1 1 1 1 1 1 1 1 1 1 1 1 1 1 1 1 1 1 1 1 1 1 1 1 1 1 1 1 1 1 1 1 1 1 1 1 1 1 1 1 1 1 1 1 1 1 1 1 1 1 1
staticfield java/util/concurrent/ConcurrentHashMap NCPU I 8
staticfield java/util/concurrent/ConcurrentHashMap serialPersistentFields [Ljava/io/ObjectStreamField; 3 [Ljava/io/ObjectStreamField;
staticfield java/util/concurrent/ConcurrentHashMap U Ljdk/internal/misc/Unsafe; jdk/internal/misc/Unsafe
staticfield java/util/concurrent/ConcurrentHashMap SIZECTL J 20
staticfield java/util/concurrent/ConcurrentHashMap TRANSFERINDEX J 32
staticfield java/util/concurrent/ConcurrentHashMap BASECOUNT J 24
staticfield java/util/concurrent/ConcurrentHashMap CELLSBUSY J 36
staticfield java/util/concurrent/ConcurrentHashMap CELLVALUE J 144
staticfield java/util/concurrent/ConcurrentHashMap ABASE I 16
staticfield java/util/concurrent/ConcurrentHashMap ASHIFT I 2
instanceKlass com/google/gson/internal/LinkedTreeMap
instanceKlass com/google/common/cache/LocalCache
instanceKlass org/apache/felix/resolver/util/ArrayMap
instanceKlass java/util/concurrent/ConcurrentSkipListMap
instanceKlass org/eclipse/osgi/internal/framework/FilterImpl$DictionaryMap
instanceKlass org/eclipse/osgi/internal/framework/FilterImpl$ServiceReferenceMap
instanceKlass org/eclipse/osgi/internal/serviceregistry/ShrinkableValueCollectionMap
instanceKlass java/util/Collections$SingletonMap
instanceKlass java/util/TreeMap
instanceKlass java/util/IdentityHashMap
instanceKlass java/util/EnumMap
instanceKlass java/util/WeakHashMap
instanceKlass java/util/Collections$EmptyMap
instanceKlass sun/util/PreHashedMap
instanceKlass java/util/HashMap
instanceKlass java/util/ImmutableCollections$AbstractImmutableMap
instanceKlass java/util/concurrent/ConcurrentHashMap
ciInstanceKlass java/util/AbstractMap 1 1 196 10 7 12 1 1 1 10 7 12 1 1 1 11 7 12 1 1 1 10 11 12 1 1 11 7 12 1 1 1 11 12 1 1 7 1 11 12 1 10 12 1 1 11 12 1 100 1 10 11 12 1 11 7 1 10 12 1 1 11 12 1 9 12 1 1 7 1 10 12 1 9 12 1 1 7 1 10 11 11 12 1 1 11 12 1 7 1 100 1 11 12 1 8 1 7 1 10 10 12 1 1 8 1 10 12 1 10 12 1 1 10 12 1 1 1 1 1 1 1 1 1 1 1 1 1 1 1 1 1 1 1 1 1 1 1 1 1 1 1 1 1 1 1 1 1 1 1 1 1 1 1 1 7 1 1 1 1 1 1 1 7 1 1 1 1 1 1 1 1 1 7 1 1 1 1 1 1 1 1 1 100 1 100 1 100 1 100 1 100 1 1 1 1 1 1
ciMethod java/util/concurrent/ConcurrentHashMap get (Ljava/lang/Object;)Ljava/lang/Object; 520 0 12579 0 680
ciMethod java/util/concurrent/ConcurrentHashMap putIfAbsent (Ljava/lang/Object;Ljava/lang/Object;)Ljava/lang/Object; 522 0 13716 0 104
ciInstanceKlass java/util/concurrent/ConcurrentMap 1 1 208 11 7 12 1 1 1 10 100 12 1 1 11 12 1 1 11 100 12 1 1 1 11 7 12 1 1 1 11 12 1 1 100 1 11 12 1 11 12 1 100 1 11 100 12 1 1 1 18 12 1 11 12 1 1 11 100 12 1 1 11 12 1 1 11 100 12 1 11 12 1 1 11 12 1 1 7 1 7 1 1 1 1 1 1 1 1 1 1 1 1 1 1 1 1 1 1 1 1 1 1 1 1 1 1 1 1 1 1 1 1 1 1 1 1 1 1 1 1 1 1 1 1 1 1 1 1 1 1 1 1 1 1 1 1 1 1 1 1 16 15 11 12 15 10 100 12 1 1 1 1 1 100 1 100 1 1 1 100 1 8 1 1 12 10 1 1 1 8 1 1 1 8 1 1 8 1 1 1 8 1 1 1 8 1 1 1 8 1 1 1 8 1 1 1 8 1 1 1 8 1 1 1 8 1 1 8 1
ciInstanceKlass jdk/internal/loader/ClassLoaders 1 1 183 10 7 12 1 1 1 10 7 12 1 1 1 10 12 1 1 10 100 12 1 1 1 9 7 12 1 1 1 9 12 1 1 9 12 1 1 7 1 11 100 12 1 1 1 100 1 11 12 1 1 11 12 1 1 10 100 12 1 1 1 10 100 12 1 1 1 100 1 100 1 10 7 12 1 1 1 9 12 1 1 10 12 1 1 7 1 10 12 1 1 10 12 1 7 1 8 1 10 7 12 1 1 1 10 12 1 1 7 1 10 12 1 10 12 1 10 12 1 8 1 10 7 12 1 1 8 1 8 1 10 12 1 7 1 10 12 1 10 12 1 10 12 1 1 1 1 1 1 1 1 1 1 1 1 1 1 1 1 1 1 1 1 7 1 1 1 1 1 1 1 1 1 1 1 1 1 1 1 1 1 1 1
staticfield jdk/internal/loader/ClassLoaders JLA Ljdk/internal/access/JavaLangAccess; java/lang/System$2
staticfield jdk/internal/loader/ClassLoaders BOOT_LOADER Ljdk/internal/loader/ClassLoaders$BootClassLoader; jdk/internal/loader/ClassLoaders$BootClassLoader
staticfield jdk/internal/loader/ClassLoaders PLATFORM_LOADER Ljdk/internal/loader/ClassLoaders$PlatformClassLoader; jdk/internal/loader/ClassLoaders$PlatformClassLoader
staticfield jdk/internal/loader/ClassLoaders APP_LOADER Ljdk/internal/loader/ClassLoaders$AppClassLoader; jdk/internal/loader/ClassLoaders$AppClassLoader
instanceKlass jdk/internal/loader/ClassLoaders$BootClassLoader
instanceKlass jdk/internal/loader/ClassLoaders$PlatformClassLoader
instanceKlass jdk/internal/loader/ClassLoaders$AppClassLoader
ciInstanceKlass jdk/internal/loader/BuiltinClassLoader 1 1 737 9 7 12 1 1 1 10 7 12 1 1 1 10 7 12 1 1 1 9 12 1 1 9 12 1 1 7 1 10 12 1 9 12 1 10 12 1 9 12 1 10 7 12 1 1 1 10 7 12 1 1 1 10 7 12 1 1 1 11 7 12 1 1 1 7 1 7 1 10 10 12 1 1 8 1 10 12 1 10 12 7 1 10 12 1 10 12 1 1 11 7 12 1 1 1 11 7 12 1 1 1 11 12 1 1 7 1 8 1 8 1 10 9 12 1 1 10 7 12 1 1 11 12 1 1 10 12 1 1 10 12 1 1 10 12 1 1 10 7 12 1 1 1 10 12 1 10 7 12 1 1 1 10 12 1 1 11 7 12 1 1 1 10 7 12 1 1 7 1 10 7 12 1 1 1 10 12 1 100 1 8 1 10 12 1 1 10 8 1 10 12 1 1 10 12 1 1 10 12 1 1 11 7 12 1 1 11 12 1 7 1 10 11 12 1 1 11 10 12 1 1 7 1 10 12 1 10 7 12 1 10 12 1 7 1 10 12 1 10 7 12 1 1 1 100 1 10 12 1 1 11 12 1 7 1 100 1 10 12 1 10 12 1 1 100 1 100 1 10 12 1 10 12 1 18 12 1 1 10 12 1 10 12 1 1 18 100 1 10 7 12 1 1 1 7 1 10 10 12 1 1 10 12 1 1 10 12 1 1 10 12 1 9 12 1 1 100 1 10 10 12 1 1 10 12 1 1 10 12 1 10 12 10 12 1 1 10 12 1 1 10 12 1 1 10 12 1 10 12 1 1 18 12 1 7 1 10 12 1 1 10 12 1 10 12 1 1 10 12 1 100 1 10 12 1 7 1 10 12 1 10 7 12 1 1 1 10 12 1 11 12 1 7 1 10 12 1 7 1 100 1 10 12 1 10 12 1 11 12 1 1 10 12 1 1 10 12 1 1 10 12 1 1 10 12 1 1 10 12 1 10 12 1 10 12 1 10 12 1 8 1 10 12 1 1 10 7 12 1 1 10 12 1 100 1 8 1 8 1 10 10 12 1 8 1 8 1 10 7 12 1 1 1 11 7 12 1 1 1 9 7 12 1 1 1 10 7 12 1 1 1 9 12 1 9 12 1 9 12 1 9 12 1 9 12 1 9 12 1 10 7 12 1 1 1 8 1 10 12 1 7 1 10 12 1 1 10 12 1 7 1 10 11 12 1 1 10 12 10 12 1 10 12 1 100 1 10 12 1 10 12 1 10 10 12 1 10 7 12 1 1 8 1 10 7 12 1 1 10 12 1 1 1 1 1 1 1 1 1 1 1 1 1 1 1 1 1 1 1 1 1 1 1 1 1 1 1 1 1 1 1 1 1 1 1 1 1 1 1 1 1 1 1 1 1 1 1 1 1 1 1 1 1 1 1 1 7 1 1 1 1 1 1 1 1 1 1 1 1 1 1 1 1 1 1 7 1 7 1 1 1 1 1 1 1 1 1 1 1 1 1 1 1 1 1 1 1 1 1 1 1 1 1 1 1 1 1 1 1 1 1 1 1 1 1 1 1 1 1 1 1 1 1 1 1 1 1 1 1 100 1 1 16 15 10 12 16 15 10 12 16 15 10 12 16 1 15 10 100 12 1 1 1 1 1 100 1 1 1 1 1 100 1 100 1 1
staticfield jdk/internal/loader/BuiltinClassLoader packageToModule Ljava/util/Map; java/util/concurrent/ConcurrentHashMap
staticfield jdk/internal/loader/BuiltinClassLoader $assertionsDisabled Z 1
ciMethod jdk/internal/loader/BuiltinClassLoader loadClass (Ljava/lang/String;Z)Ljava/lang/Class; 512 0 3536 40 0
ciMethod jdk/internal/loader/BuiltinClassLoader hasClassPath ()Z 408 0 1292 0 0
ciMethod jdk/internal/loader/BuiltinClassLoader loadClassOrNull (Ljava/lang/String;Z)Ljava/lang/Class; 514 0 3561 0 0
ciMethod jdk/internal/loader/BuiltinClassLoader defineClass (Ljava/lang/String;Ljdk/internal/loader/BuiltinClassLoader$LoadedModule;)Ljava/lang/Class; 0 0 46 0 0
ciMethod jdk/internal/loader/BuiltinClassLoader findLoadedModule (Ljava/lang/String;)Ljdk/internal/loader/BuiltinClassLoader$LoadedModule; 452 0 3273 0 0
ciMethod jdk/internal/loader/BuiltinClassLoader moduleReaderFor (Ljava/lang/module/ModuleReference;)Ljava/lang/module/ModuleReader; 814 0 5608 0 -1
ciMethod jdk/internal/loader/BuiltinClassLoader findClassInModuleOrNull (Ljdk/internal/loader/BuiltinClassLoader$LoadedModule;Ljava/lang/String;)Ljava/lang/Class; 0 0 46 0 0
ciMethod jdk/internal/loader/BuiltinClassLoader findClassOnClassPathOrNull (Ljava/lang/String;)Ljava/lang/Class; 22 0 11 0 -1
ciMethod jdk/internal/loader/BuiltinClassLoader loadClassOrNull (Ljava/lang/String;)Ljava/lang/Class; 452 0 3227 0 0
ciInstanceKlass jdk/internal/loader/ClassLoaders$AppClassLoader 1 1 119 8 1 10 7 12 1 1 1 10 7 12 1 1 1 10 7 12 1 1 1 10 12 1 1 10 7 12 1 1 1 10 12 1 1 10 12 1 1 7 1 8 1 10 12 10 7 12 1 1 1 10 7 12 1 1 10 12 1 1 10 12 1 1 10 7 12 1 1 1 7 1 10 12 1 1 1 1 1 1 1 1 1 1 1 1 1 1 1 1 1 1 1 1 1 7 1 1 1 1 1 1 1 1 1 1 1 1 1 1 1 1 1 1 1 7 1 1 1
ciInstanceKlass jdk/internal/loader/ClassLoaders$PlatformClassLoader 1 1 42 8 1 10 7 12 1 1 1 10 7 12 1 1 1 7 1 10 12 1 7 1 1 1 1 1 1 1 1 1 1 1 1 1 1 7 1 1 1 100 1 1
ciInstanceKlass java/lang/ArithmeticException 1 1 26 10 100 12 1 1 1 10 12 1 100 1 1 1 1 5 0 1 1 1 1 1 1 1 1 1
ciInstanceKlass java/lang/ArrayStoreException 1 1 26 10 100 12 1 1 1 10 12 1 100 1 1 1 1 5 0 1 1 1 1 1 1 1 1 1
ciInstanceKlass java/lang/ClassCastException 1 1 26 10 7 12 1 1 1 10 12 1 100 1 1 1 1 5 0 1 1 1 1 1 1 1 1 1
ciInstanceKlass java/lang/ClassNotFoundException 1 1 96 7 1 10 7 12 1 1 1 10 12 1 10 12 1 1 10 100 12 1 1 1 8 1 10 100 12 1 1 1 10 7 12 1 1 10 100 12 1 1 1 10 100 12 1 1 1 10 12 1 1 7 1 10 12 1 9 12 1 1 1 1 1 5 0 1 1 1 1 1 1 1 1 1 1 1 1 1 1 1 1 1 1 100 1 1 1 1 1 1 1 1 1 1 1 1
staticfield java/lang/ClassNotFoundException serialPersistentFields [Ljava/io/ObjectStreamField; 1 [Ljava/io/ObjectStreamField;
ciMethod java/lang/ClassNotFoundException <init> (Ljava/lang/String;)V 82 0 580 0 0
instanceKlass java/nio/file/InvalidPathException
instanceKlass java/nio/file/ProviderMismatchException
instanceKlass java/util/regex/PatternSyntaxException
instanceKlass java/nio/charset/UnsupportedCharsetException
instanceKlass java/nio/charset/IllegalCharsetNameException
instanceKlass java/lang/NumberFormatException
ciInstanceKlass java/lang/IllegalArgumentException 1 1 35 10 7 12 1 1 1 10 12 1 10 12 1 10 12 1 100 1 1 1 1 5 0 1 1 1 1 1 1 1 1 1 1 1 1
ciInstanceKlass java/lang/IllegalMonitorStateException 1 1 26 10 100 12 1 1 1 10 12 1 100 1 1 1 1 5 0 1 1 1 1 1 1 1 1 1
ciInstanceKlass java/lang/BootstrapMethodError 0 0 45 10 100 12 1 1 1 10 12 1 10 12 1 10 100 12 1 1 1 10 100 12 1 1 1 1 1 1 5 0 1 1 1 1 1 1 1 1 1 1 1 100 1 1 1
instanceKlass java/lang/ClassFormatError
instanceKlass java/lang/UnsatisfiedLinkError
instanceKlass java/lang/IncompatibleClassChangeError
instanceKlass java/lang/BootstrapMethodError
instanceKlass java/lang/NoClassDefFoundError
ciInstanceKlass java/lang/LinkageError 1 1 31 10 7 12 1 1 1 10 12 1 10 12 1 100 1 1 1 1 5 0 1 1 1 1 1 1 1 1 1 1 1
ciInstanceKlass java/lang/NullPointerException 1 1 52 10 7 12 1 1 1 10 12 1 9 7 12 1 1 1 10 12 1 1 9 12 1 1 10 12 1 1 10 12 1 1 1 1 5 0 1 1 1 1 1 1 1 1 100 1 100 1 100 1 1 1
ciInstanceKlass java/lang/NoClassDefFoundError 1 1 26 10 7 12 1 1 1 10 12 1 100 1 1 1 1 5 0 1 1 1 1 1 1 1 1 1
ciInstanceKlass java/lang/StackOverflowError 1 1 26 10 100 12 1 1 1 10 12 1 100 1 1 1 1 5 0 1 1 1 1 1 1 1 1 1
ciInstanceKlass java/lang/StackTraceElement 1 1 235 10 7 12 1 1 1 10 7 12 1 1 9 12 1 1 9 12 1 1 9 12 1 9 12 1 8 1 10 100 12 1 1 1 7 1 9 12 1 8 1 9 12 1 9 12 1 9 12 1 1 10 12 1 1 10 12 1 8 1 10 7 12 1 1 1 7 1 10 12 1 10 12 1 1 10 12 1 10 12 1 1 10 12 1 10 12 1 10 10 12 1 8 1 10 12 1 10 12 1 1 10 12 1 1 10 12 1 10 12 1 10 12 1 9 12 1 1 10 7 12 1 1 1 10 12 1 1 7 1 10 12 1 1 10 7 12 1 1 10 7 12 1 1 1 10 7 12 1 1 10 7 12 1 1 10 10 12 1 1 10 12 1 1 10 12 1 1 10 12 1 7 1 1 1 1 1 1 1 3 1 3 1 1 5 0 1 1 1 1 1 1 1 1 1 1 1 1 1 1 1 1 1 1 1 1 1 1 1 1 1 1 1 1 1 7 1 7 1 1 1 1 1 1 1 100 1 1 1 1 1 1 1 1 1
instanceKlass java/util/concurrent/locks/AbstractQueuedSynchronizer
ciInstanceKlass java/util/concurrent/locks/AbstractOwnableSynchronizer 1 1 32 10 7 12 1 1 1 9 7 12 1 1 1 100 1 1 1 1 5 0 1 1 1 1 1 1 1 1 1 1 1 1
ciInstanceKlass jdk/internal/vm/Continuation 0 0 549 9 100 12 1 1 1 9 12 1 9 12 1 100 1 7 1 10 12 1 1 8 1 10 12 1 1 10 12 1 10 12 1 1 10 12 1 9 7 12 1 1 1 11 100 12 1 1 1 10 7 1 9 12 1 1 9 12 1 1 10 8 1 10 12 1 9 12 1 1 10 11 12 1 1 100 1 10 100 12 1 1 1 10 12 1 1 10 12 1 10 12 1 1 11 12 1 1 9 12 1 1 10 12 1 1 18 12 1 1 10 7 12 1 1 1 100 1 10 12 1 11 100 12 1 1 1 10 12 1 9 12 1 10 12 1 1 100 1 8 1 10 12 1 10 12 1 1 9 12 1 1 11 12 1 1 9 12 1 1 8 1 10 11 12 1 1 11 12 1 1 10 12 1 1 10 12 1 1 9 12 1 10 12 1 10 10 12 1 8 1 10 12 1 8 1 8 1 10 7 12 1 1 1 10 7 12 1 1 1 10 12 1 9 12 1 11 12 1 7 1 10 12 1 10 12 1 1 9 12 1 1 7 1 10 12 1 1 9 12 1 1 10 12 1 10 12 1 11 7 12 1 1 10 7 1 10 12 1 8 1 9 12 1 10 12 1 1 9 12 1 1 10 7 12 1 1 8 1 8 1 8 1 8 1 10 12 1 1 10 12 1 10 12 1 10 12 1 10 12 1 1 10 12 1 1 8 1 10 12 1 1 9 12 1 1 10 12 1 1 9 12 1 8 1 10 7 12 1 1 1 10 12 1 8 1 100 1 8 1 10 9 12 1 1 8 1 10 7 12 1 1 10 100 12 1 1 8 1 8 1 10 12 10 100 12 1 1 1 10 7 1 10 7 12 1 1 1 18 11 100 12 1 1 1 18 12 1 11 12 1 1 7 1 10 7 12 1 1 10 12 1 1 8 10 12 1 1 10 100 12 1 1 1 10 100 12 1 1 10 12 1 8 1 10 12 1 7 1 7 1 10 12 1 1 1 1 1 1 1 1 1 1 1 1 1 1 1 1 1 1 1 1 1 1 1 1 1 1 1 1 1 1 1 1 1 1 1 1 1 1 1 1 1 1 1 1 1 1 1 1 1 1 1 1 1 1 1 1 1 1 1 1 1 1 1 1 1 1 1 1 1 1 1 1 1 1 1 100 1 1 16 1 15 10 12 16 15 11 7 12 1 1 1 16 1 16 1 15 10 12 16 15 10 100 12 1 1 1 1 1 1 1 1 100 1 100 1 1
ciInstanceKlass jdk/internal/misc/UnsafeConstants 1 1 34 10 100 12 1 1 1 9 7 12 1 1 1 9 12 1 9 12 1 1 9 12 1 9 12 1 1 1 1 1 1 1 1 1
staticfield jdk/internal/misc/UnsafeConstants ADDRESS_SIZE0 I 8
staticfield jdk/internal/misc/UnsafeConstants PAGE_SIZE I 4096
staticfield jdk/internal/misc/UnsafeConstants BIG_ENDIAN Z 0
staticfield jdk/internal/misc/UnsafeConstants UNALIGNED_ACCESS Z 1
staticfield jdk/internal/misc/UnsafeConstants DATA_CACHE_LINE_FLUSH_SIZE I 0
instanceKlass com/sun/jna/win32/W32APIOptions$2
instanceKlass com/sun/jna/win32/W32APIOptions$1
instanceKlass org/eclipse/jdt/ls/core/internal/preferences/Preferences$ReferencedLibraries$3
instanceKlass java/lang/ProcessEnvironment
instanceKlass java/util/LinkedHashMap
ciInstanceKlass java/util/HashMap 1 1 629 10 7 12 1 1 1 7 1 10 12 1 1 7 1 10 7 12 1 1 1 100 1 11 12 1 1 11 12 1 11 12 1 1 10 7 12 1 1 1 7 1 3 10 7 12 1 1 1 100 1 7 1 10 8 1 10 12 1 1 10 12 1 10 12 1 1 10 12 1 10 7 12 1 1 1 8 1 10 12 1 9 12 1 1 10 12 1 9 12 1 1 4 10 12 1 10 12 1 1 11 7 12 1 1 9 12 1 1 10 7 12 1 1 1 6 0 10 12 1 1 11 12 1 1 11 7 12 1 1 1 11 7 12 1 1 1 11 12 1 1 7 1 11 12 1 11 12 1 10 12 1 10 12 1 1 9 12 10 12 1 1 9 7 12 1 1 1 9 12 9 12 1 10 12 1 1 9 12 1 7 1 10 12 1 1 10 12 1 1 10 12 1 1 10 12 1 1 10 12 1 1 9 12 1 10 12 1 1 3 4 10 12 1 1 10 12 1 1 9 12 1 1 9 10 12 1 1 10 12 1 1 10 12 1 1 10 12 1 9 12 1 1 7 1 10 12 1 10 12 1 10 7 12 1 1 1 7 1 9 12 1 1 7 1 10 9 12 7 1 10 100 1 10 11 7 12 1 1 1 100 1 10 11 7 12 1 1 11 7 12 1 1 1 10 12 1 100 1 7 1 10 12 1 10 12 1 10 12 1 10 100 12 1 1 10 12 1 1 10 12 1 1 10 7 12 1 1 1 8 10 7 12 1 1 1 100 1 10 4 4 10 12 1 1 10 7 12 1 1 1 10 12 1 8 1 6 0 10 7 12 1 1 1 7 1 11 7 12 1 1 1 10 12 1 10 12 1 10 10 12 1 1 6 0 8 1 10 12 1 10 12 7 1 7 1 1 1 1 5 0 1 3 1 1 1 3 1 3 1 3 1 1 1 1 1 1 1 1 1 1 1 1 1 1 1 1 1 1 1 1 1 1 100 1 1 1 1 1 1 1 1 1 1 1 1 1 1 1 1 1 1 1 1 1 1 1 1 1 1 1 1 1 1 1 1 1 100 1 1 1 1 1 1 1 1 1 1 1 1 1 1 1 1 1 1 1 1 1 1 1 1 1 1 1 1 1 1 1 1 1 1 1 1 1 1 1 1 1 1 1 1 1 1 1 1 1 1 1 7 1 1 1 1 1 1 1 1 1 1 1 1 1 1 1 1 1 1 1 1 1 1 1 1 1 1 1 1 1 1 1 1 1 1 1 1 1 1 1 1 1 1 1 1 1 1 1 1 7 1 1 1 1 1 1 1 1 7 1 1 1 1 1 1 1 1 1 1 1 1 1 1 1 1 1 1 100 1 100 1 100 1 100 1 100 1 100 1 100 1 100 1 1 1 1 1 1 1 1 1 1 1 1 1 1 1 1 1 1
ciMethod java/util/HashMap get (Ljava/lang/Object;)Ljava/lang/Object; 1024 0 9667 0 688
ciMethod java/util/HashMap put (Ljava/lang/Object;Ljava/lang/Object;)Ljava/lang/Object; 1024 0 26562 0 1768
ciMethod java/util/HashMap containsKey (Ljava/lang/Object;)Z 1024 0 15019 0 712
ciMethod java/util/HashMap keySet ()Ljava/util/Set; 1024 0 11352 0 216
ciInstanceKlass java/lang/Void 1 1 31 10 7 12 1 1 1 8 1 10 7 12 1 1 1 9 7 12 1 1 1 1 1 1 1 1 1 1 1 1 1
staticfield java/lang/Void TYPE Ljava/lang/Class; java/lang/Class
ciInstanceKlass java/lang/invoke/LambdaForm 1 1 1059 7 1 100 1 10 7 12 1 1 1 9 12 1 1 9 12 1 9 12 1 9 12 1 1 9 12 1 1 9 12 1 1 9 12 1 1 9 12 1 1 9 12 1 10 7 12 1 1 9 12 1 10 12 1 1 100 1 10 10 12 1 1 10 12 1 10 12 1 10 12 1 1 10 12 1 9 12 1 9 12 1 10 12 1 1 10 7 12 1 1 1 10 12 1 1 9 100 12 1 1 1 10 12 1 1 9 7 12 1 1 10 12 1 10 12 1 1 10 12 1 1 10 12 1 1 7 1 10 7 12 1 1 1 10 12 1 1 10 12 1 10 12 1 1 9 12 1 1 9 12 1 9 12 1 1 10 12 1 9 12 1 10 100 12 1 1 1 10 12 1 1 7 1 10 12 1 9 12 1 1 10 7 12 1 1 1 10 12 1 10 12 1 7 1 10 12 1 10 12 1 10 12 1 1 10 12 1 1 10 12 1 10 12 1 10 12 1 10 12 1 1 8 1 10 12 1 10 12 1 10 10 12 1 8 1 8 1 9 12 1 9 12 1 1 10 12 1 1 10 12 1 9 12 1 10 12 1 1 10 7 12 1 1 1 10 12 1 1 10 12 1 10 12 1 10 100 12 1 1 1 9 12 1 10 12 1 8 1 8 1 8 1 8 1 8 1 8 1 8 1 8 1 10 12 1 9 12 1 7 1 10 12 1 1 9 12 1 10 12 1 10 12 1 1 10 12 10 12 1 10 12 1 1 10 12 1 1 10 10 12 1 1 10 12 1 1 7 1 8 1 10 12 1 1 10 12 1 10 12 1 1 10 8 1 10 12 1 1 8 1 8 1 8 1 10 12 1 10 12 1 10 12 1 1 100 1 10 12 1 1 10 12 1 1 10 7 12 1 1 1 10 12 1 1 9 12 1 1 8 1 10 100 12 1 1 1 10 7 12 1 1 10 12 10 12 1 1 10 12 1 1 9 12 1 8 10 12 1 1 100 1 10 12 1 1 10 12 1 9 7 12 1 1 9 7 12 1 1 1 8 1 10 100 12 1 1 10 12 1 1 7 1 7 1 10 10 12 1 1 10 12 1 1 8 1 8 1 7 1 8 1 10 12 10 12 1 10 12 1 10 12 1 1 8 1 8 1 10 12 1 10 12 1 1 8 1 8 1 8 1 7 1 8 1 7 1 8 1 7 1 8 1 10 12 1 8 1 9 10 7 12 1 1 1 10 12 1 9 12 1 1 10 12 1 10 10 12 1 10 12 1 10 12 1 10 12 1 1 10 12 1 10 12 1 1 10 12 1 1 10 12 1 1 10 12 1 1 8 1 100 10 12 1 10 12 1 9 12 1 1 10 7 12 1 1 8 1 8 1 7 1 8 1 8 1 8 1 8 1 8 1 8 1 8 1 8 1 10 12 1 1 10 12 1 1 10 12 1 10 12 1 10 12 1 10 12 1 8 1 8 1 8 1 10 12 1 8 1 10 12 1 8 1 8 1 8 1 8 1 8 1 10 12 1 10 12 1 10 12 1 1 10 7 12 1 1 1 10 12 1 10 12 1 10 12 1 10 12 1 10 12 1 10 12 1 10 12 1 9 12 1 1 8 1 10 12 1 1 9 12 1 1 10 12 1 1 9 12 1 9 12 1 1 9 12 1 9 12 1 1 7 1 10 7 12 1 1 1 9 12 1 10 12 1 10 12 1 8 1 10 12 1 9 12 1 1 7 1 10 7 12 1 1 1 8 1 100 1 10 12 1 9 12 1 9 12 1 10 12 1 10 12 1 10 7 12 1 1 1 10 12 1 9 7 12 1 1 10 12 1 1 10 12 1 10 12 1 10 12 1 9 12 10 12 1 10 10 12 1 9 12 1 9 9 12 1 7 9 12 1 1 10 12 1 1 9 12 1 10 12 1 10 7 1 9 1 1 1 1 3 1 3 1 1 3 1 3 1 1 1 1 1 1 1 1 1 1 1 1 1 1 1 1 1 1 1 1 1 1 1 1 1 1 1 1 1 1 1 1 1 1 1 1 1 1 1 1 1 1 1 1 1 1 1 1 1 1 1 100 1 1 1 1 1 1 1 1 1 1 1 1 1 1 1 1 1 1 1 1 1 1 1 1 1 1 1 1 1 1 1 1 1 1 1 1 1 1 1 1 1 1 1 1 1 1 1 1 1 1 1 1 1 1 1 1 1 1 1 1 1 1 100 1 1 1 1 1 1 1 1 1 1 1 1 1 1 1 1 1 1 1 1 1 1 1 1 1 1 1 1 1 1 1 1 1 1 7 1 1 1 1 1 1 1 1 1 1 1 1 1 1 1 1 1 1 1 1 1 1 100 1 1 1 100 1 1 7 1 1 1 1 1 1 1 1 1 1 1
staticfield java/lang/invoke/LambdaForm DEFAULT_CUSTOMIZED Ljava/lang/invoke/MethodHandle; 
staticfield java/lang/invoke/LambdaForm DEFAULT_KIND Ljava/lang/invoke/LambdaForm$Kind; java/lang/invoke/LambdaForm$Kind
staticfield java/lang/invoke/LambdaForm COMPILE_THRESHOLD I 0
staticfield java/lang/invoke/LambdaForm INTERNED_ARGUMENTS [[Ljava/lang/invoke/LambdaForm$Name; 5 [[Ljava/lang/invoke/LambdaForm$Name;
staticfield java/lang/invoke/LambdaForm IMPL_NAMES Ljava/lang/invoke/MemberName$Factory; java/lang/invoke/MemberName$Factory
staticfield java/lang/invoke/LambdaForm LF_identity [Ljava/lang/invoke/LambdaForm; 6 [Ljava/lang/invoke/LambdaForm;
staticfield java/lang/invoke/LambdaForm LF_zero [Ljava/lang/invoke/LambdaForm; 6 [Ljava/lang/invoke/LambdaForm;
staticfield java/lang/invoke/LambdaForm NF_identity [Ljava/lang/invoke/LambdaForm$NamedFunction; 6 [Ljava/lang/invoke/LambdaForm$NamedFunction;
staticfield java/lang/invoke/LambdaForm NF_zero [Ljava/lang/invoke/LambdaForm$NamedFunction; 6 [Ljava/lang/invoke/LambdaForm$NamedFunction;
staticfield java/lang/invoke/LambdaForm createFormsLock Ljava/lang/Object; java/lang/Object
staticfield java/lang/invoke/LambdaForm DEBUG_NAME_COUNTERS Ljava/util/HashMap; 
staticfield java/lang/invoke/LambdaForm DEBUG_NAMES Ljava/util/HashMap; 
staticfield java/lang/invoke/LambdaForm TRACE_INTERPRETER Z 0
staticfield java/lang/invoke/LambdaForm $assertionsDisabled Z 1
ciInstanceKlass java/lang/invoke/MemberName 1 1 724 7 1 7 1 100 1 9 12 1 1 10 7 12 1 1 1 9 12 1 1 10 12 1 1 10 12 1 1 10 12 1 1 10 12 1 10 12 1 1 10 7 12 1 1 1 10 12 1 9 7 12 1 1 10 12 1 7 1 7 1 10 12 1 8 1 10 12 1 1 10 12 1 10 12 1 1 10 12 1 9 12 1 1 8 1 10 100 12 1 1 1 7 1 10 10 12 1 1 100 1 100 1 10 12 1 9 12 1 1 100 1 8 1 10 12 1 10 12 1 10 12 1 10 12 1 10 12 1 1 10 12 1 10 12 1 10 12 1 1 8 1 8 1 10 12 1 8 1 9 12 1 1 3 10 12 1 10 12 1 10 12 1 10 10 7 12 1 1 1 10 12 1 10 12 1 10 12 1 10 12 1 7 1 8 10 12 1 1 10 12 1 1 8 1 9 7 1 8 9 7 1 10 12 1 1 10 12 1 10 12 1 8 1 10 12 1 1 10 12 1 10 12 1 10 12 1 10 12 1 1 7 1 10 12 1 1 10 12 1 8 1 10 12 1 10 12 1 8 1 10 12 1 1 10 12 1 1 7 1 10 12 1 1 10 12 8 1 8 1 7 1 10 12 1 10 100 12 1 1 1 100 1 10 12 10 12 1 10 12 1 10 12 1 10 12 1 10 10 12 1 10 12 1 10 12 1 3 10 12 1 3 10 12 1 3 3 3 3 3 3 10 12 1 3 9 12 1 10 12 1 1 3 10 12 1 10 10 7 12 1 1 1 10 12 1 1 10 7 12 1 1 10 10 12 1 10 12 1 1 10 12 1 10 10 12 1 1 10 12 1 10 12 1 10 12 1 7 1 10 10 10 12 100 1 10 10 10 12 1 1 10 12 1 1 10 10 12 1 8 10 7 1 10 12 1 10 7 1 10 12 1 10 12 1 10 12 1 10 10 12 1 10 12 1 1 10 12 1 1 10 12 1 10 12 1 10 12 1 100 1 10 12 1 1 100 1 8 1 10 7 1 10 12 1 10 12 10 12 1 1 10 12 1 10 12 1 8 1 8 1 8 1 8 1 10 12 1 10 12 1 10 7 12 1 1 1 8 1 8 1 10 12 1 8 1 10 10 10 12 1 10 12 1 8 1 8 1 10 10 12 1 8 1 10 100 12 1 1 1 8 1 100 1 10 12 1 10 12 1 1 10 12 1 8 1 8 1 8 1 8 1 100 1 10 8 1 8 1 8 1 8 1 10 12 1 7 1 100 1 7 1 10 100 1 10 7 1 10 7 12 1 1 1 9 7 12 1 1 1 7 1 7 1 1 1 1 1 1 1 3 1 3 1 3 1 3 1 3 1 3 1 1 1 1 1 1 1 1 3 1 3 1 1 1 1 1 1 1 1 1 1 1 1 1 1 1 1 1 1 1 1 1 1 1 1 1 1 1 1 1 1 1 1 1 1 1 1 1 1 1 1 1 1 1 1 1 1 1 1 1 1 1 1 1 1 1 1 1 1 1 1 1 1 1 1 1 1 1 1 1 1 1 1 1 1 1 1 1 1 1 1 1 1 1 1 1 1 1 1 1 1 1 1 1 1 1 1 7 1 1 1 1 1 1 1 1 1 1 1 1 1 1 1
staticfield java/lang/invoke/MemberName $assertionsDisabled Z 1
instanceKlass java/lang/invoke/VarHandleReferences$Array
instanceKlass java/lang/invoke/VarHandleLongs$FieldInstanceReadOnly
instanceKlass java/lang/invoke/VarHandleBooleans$FieldInstanceReadOnly
instanceKlass java/lang/invoke/VarHandleReferences$FieldInstanceReadOnly
instanceKlass java/lang/invoke/VarHandleByteArrayAsDoubles$ByteArrayViewVarHandle
instanceKlass java/lang/invoke/VarHandleByteArrayAsFloats$ByteArrayViewVarHandle
instanceKlass java/lang/invoke/VarHandleByteArrayAsChars$ByteArrayViewVarHandle
instanceKlass java/lang/invoke/VarHandleByteArrayAsShorts$ByteArrayViewVarHandle
instanceKlass java/lang/invoke/VarHandleInts$FieldInstanceReadOnly
instanceKlass java/lang/invoke/VarHandleByteArrayAsLongs$ByteArrayViewVarHandle
instanceKlass java/lang/invoke/VarHandleByteArrayAsInts$ByteArrayViewVarHandle
instanceKlass java/lang/invoke/VarHandleReferences$FieldStaticReadOnly
ciInstanceKlass java/lang/invoke/VarHandle 1 1 474 10 7 12 1 1 1 10 7 12 1 1 9 12 1 1 9 12 1 1 100 1 10 8 1 10 12 1 1 10 7 12 1 1 1 10 12 1 1 10 7 12 1 1 1 9 100 12 1 1 1 10 12 1 1 10 7 12 1 1 1 10 12 1 1 9 12 1 10 12 1 9 12 1 1 10 7 12 1 1 10 12 1 9 7 12 1 1 1 9 12 1 1 10 12 1 1 100 1 7 1 10 8 1 10 12 1 1 10 12 1 8 1 10 12 1 10 12 1 9 12 1 1 9 12 1 10 12 1 10 12 1 1 10 12 1 10 10 100 12 1 1 1 10 12 1 1 10 12 1 1 10 7 12 1 1 1 10 100 12 1 1 1 10 100 12 1 1 1 9 12 1 1 9 10 12 1 10 12 1 1 10 12 1 1 10 12 1 10 7 12 1 1 1 9 12 1 1 10 12 1 1 9 12 1 10 12 1 10 12 1 10 7 12 1 1 100 1 10 9 7 12 1 1 1 9 12 1 1 10 7 12 1 1 1 10 12 1 10 12 1 10 12 1 10 12 1 10 12 1 10 12 1 1 8 10 12 1 1 7 1 10 12 1 1 7 1 1 1 1 1 1 1 1 1 1 1 1 1 1 1 1 1 1 1 1 1 1 1 1 1 1 1 1 1 1 1 1 1 1 1 1 1 1 1 1 1 1 1 1 1 1 1 1 1 1 1 1 1 1 1 1 1 1 1 1 1 1 1 1 1 1 1 1 100 1 1 1 1 1 1 1 1 100 1 1 1 1 1 1 1 1 1 1 1 1 100 1 100 1 1 100 1 100 1 100 1 100 1 100 1 100 1 100 1 100 1 100 1 100 1 100 1 100 1 100 1 100 1 100 1 100 1 100 1 100 1 100 1 100 1 100 1 100 1 100 1 100 1 100 1 100 1 100 1 100 1 100 1 100 1 100 1 100 1 100 1 100 1 100 1 1 1 1 1 1 100 1 1 1 100 1 1 100 1 100 1 100 1 100 1 100 1 100 1 1 1 1 100 1 100 1 100 1 100 1 100 1 100 1 100 1 100 1
staticfield java/lang/invoke/VarHandle VFORM_OFFSET J 16
staticfield java/lang/invoke/VarHandle $assertionsDisabled Z 1
ciInstanceKlass java/util/Collections 1 1 933 10 7 12 1 1 1 11 7 12 1 1 1 7 1 11 12 1 1 7 1 10 12 1 1 10 12 1 11 12 1 1 7 1 11 12 1 1 11 12 1 1 10 12 1 11 100 12 1 1 11 12 1 1 11 12 1 10 12 1 10 12 1 10 12 11 100 12 1 1 1 10 12 1 1 11 12 1 11 12 1 1 9 12 1 1 100 1 10 10 12 1 1 10 12 1 11 100 12 1 1 1 11 12 1 1 10 12 1 11 12 1 100 1 8 1 10 12 1 11 7 12 1 1 1 11 7 1 11 12 1 1 10 12 1 1 10 12 1 10 12 1 1 10 12 1 11 12 1 1 10 12 1 1 10 12 1 1 10 12 1 1 11 12 1 1 7 1 10 12 1 11 7 1 100 1 10 12 1 11 7 1 7 1 10 12 1 11 100 1 100 1 10 12 1 11 7 1 7 1 10 12 1 11 100 1 100 1 10 12 1 11 7 1 11 7 1 10 12 10 11 7 1 7 1 10 12 1 11 100 1 100 1 10 11 100 1 100 1 10 12 1 11 100 1 100 1 10 12 1 7 1 10 10 12 1 7 1 10 10 12 1 100 1 10 100 1 10 100 1 10 100 1 10 10 12 1 10 7 1 10 7 1 10 100 1 10 100 1 10 12 1 10 100 12 1 1 1 100 1 100 1 10 12 1 100 1 10 12 1 100 1 10 12 1 100 1 10 12 1 100 1 10 12 1 100 1 10 100 1 10 12 1 100 1 10 12 1 100 1 10 12 1 9 7 12 1 1 1 9 100 12 1 1 9 7 12 1 1 1 9 12 1 1 9 12 1 1 9 12 1 1 9 12 1 1 9 12 1 1 7 1 10 12 7 1 10 100 1 10 7 1 10 7 1 10 12 1 100 1 7 1 10 8 1 10 12 1 1 10 12 1 10 12 1 1 10 7 1 10 12 1 9 7 12 1 1 1 9 7 12 1 1 1 7 1 9 12 1 1 10 12 7 1 10 7 1 10 11 7 12 1 1 11 12 1 10 12 1 11 11 12 1 11 11 12 1 8 1 7 1 10 11 100 1 10 12 1 100 1 10 100 12 1 1 1 100 1 10 12 1 7 1 10 7 1 10 7 1 10 1 1 1 3 1 3 1 3 1 3 1 3 1 3 1 3 1 3 1 1 1 1 1 1 1 1 1 1 1 1 1 1 1 1 1 1 1 1 1 1 1 1 1 1 1 1 1 1 1 1 1 1 1 1 1 1 1 1 1 1 1 1 1 1 1 1 1 1 1 1 1 1 1 1 1 1 1 1 1 1 1 1 1 1 1 1 1 1 1 1 1 1 1 1 1 1 1 1 1 1 1 1 1 1 1 1 1 1 1 1 1 1 1 1 1 1 1 1 1 1 1 1 1 1 1 1 1 1 1 1 1 1 1 1 1 1 1 1 1 1 1 1 1 1 1 1 1 1 1 1 1 1 1 1 1 1 1 1 1 1 1 1 1 1 1 1 1 1 1 1 1 1 1 1 1 1 1 1 1 1 1 1 1 1 1 1 1 1 1 1 1 1 1 1 1 1 1 1 1 1 1 1 1 1 1 1 1 1 1 1 1 1 1 1 1 1 1 1 1 1 1 1 1 1 1 1 1 1 1 1 1 1 1 1 1 1 1 1 1 1 1 1 1 1 1 1 1 1 1 1 1 1 1 1 1 1 1 1 1 1 1 1 1 1 1 1 1 1 1 1 1 1 1 1 1 1 1 1 1 1 1 1 1 1 1 1 1 1 1 1 1 1 1 1 1 1 1 1 1 1 1 1 1 1 1 1 1 1 1 1 1 1 1 1 1 1 1 1 1 1 1 1 1 1 1 1 1 1 1 1 1 1 1 1 1 1 1 1 1 1 1 1 1 1 1 1 1 1 1 1 100 1 100 1 100 1 100 1 100 1 100 1 100 1 100 1 100 1 100 1 100 1 100 1 100 1 1 1 1 1 1 1 1 1 1 1 1 1 1 1 1 1 1 1 1 1 1 1 1 1 1 1 1 1 1 1 1 1 1 1 1 1 1 1 1 1 1 100 1 1 1 1 1 1 1 1 1 1 1 1 1 1 1
staticfield java/util/Collections EMPTY_SET Ljava/util/Set; java/util/Collections$EmptySet
staticfield java/util/Collections EMPTY_LIST Ljava/util/List; java/util/Collections$EmptyList
staticfield java/util/Collections EMPTY_MAP Ljava/util/Map; java/util/Collections$EmptyMap
instanceKlass jdk/internal/reflect/FieldAccessorImpl
instanceKlass jdk/internal/reflect/ConstructorAccessorImpl
instanceKlass jdk/internal/reflect/MethodAccessorImpl
ciInstanceKlass jdk/internal/reflect/MagicAccessorImpl 1 1 16 10 7 12 1 1 1 100 1 1 1 1 1 1 1 1
instanceKlass jdk/internal/reflect/DirectMethodHandleAccessor
ciInstanceKlass jdk/internal/reflect/MethodAccessorImpl 1 1 38 10 7 12 1 1 1 10 100 12 1 1 1 100 1 1 1 1 1 1 1 100 1 100 1 1 1 1 1 1 1 1 1 1 1 1 1 1
ciInstanceKlass jdk/internal/reflect/MethodAccessor 1 0 17 100 1 100 1 1 1 1 100 1 100 1 1 1 1 1 1
instanceKlass jdk/internal/reflect/SerializationConstructorAccessorImpl
instanceKlass jdk/internal/reflect/DirectConstructorHandleAccessor$NativeAccessor
instanceKlass jdk/internal/reflect/DirectConstructorHandleAccessor
instanceKlass jdk/internal/reflect/NativeConstructorAccessorImpl
ciInstanceKlass jdk/internal/reflect/ConstructorAccessorImpl 1 1 27 10 7 12 1 1 1 100 1 100 1 1 1 1 1 1 1 1 1 100 1 100 1 100 1 1 1
ciInstanceKlass jdk/internal/reflect/ConstructorAccessor 1 0 16 100 1 100 1 1 1 1 100 1 100 1 100 1 1 1
ciInstanceKlass jdk/internal/reflect/DelegatingClassLoader 1 1 18 10 7 12 1 1 1 100 1 1 1 1 1 1 1 1 1 1
ciInstanceKlass jdk/internal/reflect/Reflection 1 1 385 10 7 12 1 1 1 10 7 12 1 1 1 10 12 1 1 10 7 12 1 1 1 10 7 12 1 1 1 10 12 1 10 100 12 1 1 1 11 100 12 1 1 1 10 7 12 1 1 1 10 12 1 1 10 12 1 1 10 7 12 1 1 1 10 12 1 1 10 12 1 10 12 1 10 12 1 10 12 1 10 12 1 1 10 7 12 1 1 1 10 12 1 10 12 1 10 12 1 1 10 12 1 1 9 12 1 1 10 12 1 1 9 12 1 11 7 12 1 1 100 1 7 1 10 8 1 10 12 1 1 10 12 1 10 12 1 10 12 1 7 1 10 12 1 11 7 12 1 1 1 11 12 1 1 10 12 1 1 7 1 7 1 11 7 12 1 1 8 1 11 12 1 1 10 100 12 1 1 1 100 1 11 12 1 10 7 12 1 1 10 7 12 1 1 1 7 1 10 12 1 1 10 12 1 1 11 100 12 1 1 1 10 12 1 8 1 10 12 1 1 8 1 8 1 8 1 8 1 10 12 1 1 8 1 8 1 8 1 100 1 10 8 1 8 1 8 1 10 12 8 1 11 12 1 1 9 12 1 1 7 1 8 1 8 1 11 12 1 7 1 7 1 7 1 8 1 11 12 1 11 12 1 1 1 1 1 1 1 1 1 1 1 1 1 1 1 1 1 1 1 1 1 1 1 1 1 1 1 1 1 1 1 1 1 1 1 1 1 1 1 1 1 1 1 1 1 1 1 1 1 1 1 1 1 1 1 1 1 1 1 1 1 1 1 1 1 1 1 1 1 1 1 1 1 1 1 1 1 1 1 1 1 1 1 1 1 1 1 1 1 1 1 1 1 1 1 7 1 1 1 1 1 1 1
staticfield jdk/internal/reflect/Reflection ALL_MEMBERS Ljava/util/Set; java/util/ImmutableCollections$Set12
ciInstanceKlass jdk/internal/reflect/CallerSensitive 1 0 17 100 1 100 1 100 1 1 1 1 1 1 1 1 1 1 1
ciMethod jdk/internal/reflect/Reflection getCallerClass ()Ljava/lang/Class; 256 0 128 0 -1
ciInstanceKlass jdk/internal/reflect/NativeConstructorAccessorImpl 0 0 125 10 7 12 1 1 1 9 7 12 1 1 1 100 1 10 12 1 9 12 1 1 9 12 1 1 10 100 12 1 1 1 10 7 12 1 1 1 10 7 12 1 1 1 9 12 1 9 12 1 1 9 12 1 1 10 7 12 1 1 1 100 1 10 10 12 1 1 10 12 1 10 12 1 1 10 12 1 7 1 10 12 1 1 10 12 1 1 8 10 12 1 1 1 1 1 1 1 1 1 1 1 1 1 1 1 1 1 1 1 1 1 1 100 1 100 1 100 1 1 1 1 1 1 1
ciInstanceKlass jdk/internal/reflect/ConstantPool 1 1 142 10 7 12 1 1 1 9 7 12 1 1 1 10 12 1 1 10 12 1 1 10 12 1 10 12 1 1 10 12 1 1 10 12 1 10 12 1 1 10 12 1 10 12 1 1 10 12 1 10 12 1 10 12 1 10 12 1 1 10 12 1 1 10 12 1 1 10 12 1 1 10 12 1 10 12 1 1 10 100 12 1 1 1 8 11 7 12 1 1 1 10 7 12 1 1 1 1 1 1 1 1 1 1 1 1 1 1 1 1 1 1 1 1 1 1 1 1 1 1 1 1 1 1 1 1 1 1 1 1 1 1 1 1 1 1 1 1 1 1 1 1
ciInstanceKlass jdk/internal/reflect/UnsafeStaticFieldAccessorImpl 0 0 47 10 7 12 1 1 1 9 7 12 1 1 1 10 7 12 1 1 1 9 12 1 1 8 11 100 12 1 1 1 10 100 12 1 1 1 1 1 1 1 1 1 1 1 1 1 1
ciInstanceKlass jdk/internal/reflect/FieldAccessor 1 0 48 100 1 100 1 1 1 1 100 1 1 1 1 1 1 1 1 1 1 1 1 1 1 1 1 1 1 1 100 1 1 1 1 1 1 1 1 1 1 1 1 1 1 1 1 1 1 1
instanceKlass jdk/internal/reflect/MethodHandleFieldAccessorImpl
instanceKlass jdk/internal/reflect/UnsafeFieldAccessorImpl
ciInstanceKlass jdk/internal/reflect/FieldAccessorImpl 1 1 269 10 7 12 1 1 1 9 7 12 1 1 1 10 7 12 1 1 1 10 7 12 1 1 10 7 12 1 1 1 10 12 1 1 7 1 10 10 12 1 1 10 12 1 1 8 1 10 10 12 1 100 1 8 1 10 12 1 8 1 10 12 1 8 1 10 12 1 100 1 10 12 1 1 10 8 1 10 12 1 1 8 1 10 7 12 1 1 8 1 10 7 12 1 1 8 1 10 7 12 1 1 8 1 10 7 12 1 1 8 1 10 7 12 1 1 8 1 10 7 12 1 1 8 1 10 7 12 1 1 8 1 10 7 12 1 1 10 12 1 1 8 1 10 12 1 1 10 100 12 1 1 1 8 1 10 12 1 8 1 8 1 8 1 8 1 10 7 12 1 1 1 8 1 8 1 8 1 10 12 7 1 1 1 1 1 1 1 1 1 1 1 1 1 1 1 1 1 1 1 1 1 1 1 1 1 1 1 1 1 1 1 1 1 1 1 1 1 1 1 1 1 1 1 1 1 1 1 1 1 1 1 1 1 1 1 1 1 1 1 1 1 1 1 1 1 1 1 1 1 1 1 1 1 1 1 1 1 1 1 1 1 1 1 1 1 1 1 1
instanceKlass jdk/internal/reflect/UnsafeStaticFieldAccessorImpl
ciInstanceKlass jdk/internal/reflect/UnsafeFieldAccessorImpl 0 0 62 10 100 12 1 1 1 10 100 12 1 1 1 10 100 12 1 1 1 9 100 12 1 1 10 12 1 9 12 1 1 10 100 12 1 1 1 9 12 1 1 10 12 1 10 12 1 1 1 1 1 1 1 1 1 1 1 1 1 1 1 1
instanceKlass java/lang/invoke/VolatileCallSite
instanceKlass java/lang/invoke/MutableCallSite
instanceKlass java/lang/invoke/ConstantCallSite
ciInstanceKlass java/lang/invoke/CallSite 1 1 296 10 7 12 1 1 1 10 7 12 1 1 1 9 12 1 1 10 7 12 1 1 1 10 12 1 7 1 10 12 1 1 10 12 1 1 9 100 12 1 1 1 10 7 12 1 1 10 12 1 1 100 1 7 1 10 10 7 12 1 1 1 10 12 1 1 8 1 10 12 1 10 12 1 1 10 12 1 10 12 1 1 10 12 1 1 10 10 100 12 1 1 10 12 1 1 9 12 1 9 100 12 1 1 1 8 1 10 7 12 1 1 1 10 12 1 1 7 1 10 12 1 1 9 12 1 8 1 100 1 10 12 1 10 12 1 100 1 8 1 10 10 12 1 10 12 1 1 100 1 10 12 1 1 10 12 1 10 12 1 10 12 1 1 10 12 1 1 9 12 1 1 8 10 12 1 1 9 12 1 1 100 1 10 10 12 1 10 7 12 1 1 1 10 12 1 1 10 12 1 1 10 12 1 10 7 12 1 1 1 7 1 8 1 10 10 12 10 12 1 1 7 1 7 1 7 1 8 1 10 12 1 10 7 12 1 1 1 1 1 1 1 1 1 1 1 1 1 1 1 1 1 1 1 1 1 1 1 1 1 1 1 1 1 1 1 1 1 1 1 1 1 1 1 1 1 1 1 1 1 1 1 1 1 1 1 1 1 1 1 7 1 7 1 1 1
staticfield java/lang/invoke/CallSite $assertionsDisabled Z 1
ciInstanceKlass java/lang/invoke/ConstantCallSite 1 1 65 10 7 12 1 1 1 9 7 12 1 1 1 9 12 1 1 10 7 12 1 1 1 10 12 1 100 1 10 12 9 12 1 1 100 1 10 10 12 1 1 10 12 1 1 1 1 1 1 1 1 1 1 1 1 1 100 1 1 1 1 1 1 1 1
staticfield java/lang/invoke/ConstantCallSite UNSAFE Ljdk/internal/misc/Unsafe; jdk/internal/misc/Unsafe
instanceKlass java/lang/invoke/DirectMethodHandle$StaticAccessor
instanceKlass java/lang/invoke/DirectMethodHandle$Special
instanceKlass java/lang/invoke/DirectMethodHandle$Interface
instanceKlass java/lang/invoke/DirectMethodHandle$Constructor
instanceKlass java/lang/invoke/DirectMethodHandle$Accessor
ciInstanceKlass java/lang/invoke/DirectMethodHandle 1 1 923 7 1 7 1 100 1 7 1 7 1 10 7 12 1 1 1 10 7 12 1 1 1 7 1 10 12 1 10 12 1 1 10 7 12 1 1 10 12 1 1 10 12 1 10 12 1 7 1 10 12 1 1 10 12 1 1 10 12 1 10 12 1 1 10 7 12 1 1 1 10 12 1 9 12 1 1 100 1 10 9 12 1 1 9 12 1 10 12 1 10 12 1 10 12 1 1 10 12 1 10 12 1 10 12 1 10 7 12 1 1 1 10 12 1 10 12 1 1 8 1 10 12 1 1 7 1 10 12 1 7 1 10 10 12 1 10 12 1 10 12 1 10 7 12 1 1 1 10 12 1 1 7 1 10 12 1 10 12 1 7 1 10 12 1 10 12 1 1 10 12 1 1 10 12 1 8 10 7 12 1 1 1 10 12 1 10 12 1 10 12 1 1 10 12 1 9 7 12 1 1 1 7 1 10 12 1 10 7 12 1 1 1 10 12 1 10 12 1 1 9 12 1 1 7 1 10 8 1 10 12 1 1 10 12 1 1 8 1 10 12 1 10 12 1 10 10 12 1 10 12 1 10 12 1 10 12 1 10 12 1 1 10 12 1 10 12 1 1 10 12 1 10 12 1 1 10 10 7 12 1 1 1 10 12 1 10 12 1 1 10 12 1 10 12 1 1 8 1 9 7 12 1 1 1 8 1 9 12 1 9 12 1 8 1 9 12 1 9 12 1 8 1 9 12 1 9 12 1 8 1 10 12 1 10 12 1 1 9 12 1 1 7 1 10 12 1 1 7 1 10 7 12 1 1 1 10 12 1 1 10 12 1 10 12 1 1 7 1 10 12 1 1 10 12 1 10 12 1 1 7 1 10 12 1 1 10 12 1 10 7 12 1 1 1 10 12 1 10 12 1 1 10 12 1 9 12 1 1 10 7 1 9 12 9 12 1 10 7 12 1 1 1 10 12 1 7 1 7 1 7 1 9 12 1 1 10 7 12 1 1 1 10 12 10 12 1 7 1 10 12 1 10 12 1 1 8 1 9 12 1 9 12 1 10 12 1 1 9 12 1 1 10 7 12 1 1 1 9 12 1 1 9 12 1 1 10 12 1 10 12 1 10 12 1 10 12 1 1 10 12 1 9 12 1 10 12 1 10 12 1 10 12 1 10 12 1 1 10 12 1 1 9 12 1 1 10 12 1 1 9 7 12 1 1 1 9 12 1 9 12 1 9 12 1 9 12 1 9 12 1 9 12 1 9 12 1 9 12 1 9 12 1 9 12 1 9 12 1 9 12 1 9 12 1 9 12 1 9 12 1 9 12 1 9 12 1 9 12 1 9 12 1 9 12 1 9 12 1 9 12 1 9 12 1 9 12 1 9 12 1 9 12 1 9 12 1 9 12 1 9 12 1 9 12 1 9 12 1 9 12 1 9 12 1 9 12 1 9 12 1 9 12 1 8 1 9 12 1 1 9 12 1 1 10 12 1 10 12 1 1 9 7 1 10 12 1 9 12 1 1 10 12 10 12 1 10 12 1 10 12 1 10 12 1 10 8 1 8 1 8 1 8 1 10 12 1 1 9 12 1 1 10 12 1 10 100 12 1 1 1 8 9 12 1 1 10 12 1 1 8 1 8 8 9 12 1 8 1 8 8 8 8 8 1 8 10 12 1 7 1 10 12 1 8 1 8 1 10 12 1 10 12 1 10 12 1 10 12 1 1 7 1 1 1 1 3 1 3 1 3 1 3 1 3 1 3 1 3 1 3 1 3 1 3 1 1 1 1 1 1 1 1 1 1 3 1 3 1 1 1 1 3 1 1 1 1 1 1 1 1 1 1 1 1 1 1 1 1 1 1 1 1 1 1 1 1 1 1 1 1 1 1 1 1 1 1 1 1 1 1 1 1 1 1 1 1 1 1 1 1 1 1 1 1 1 1 1 1 1 100 1 1 1 1 1 1 1 1 1 100 1 1 1 1 1 1 1 1 1 1 1 1 1 1 1 1 1 1 1 1 1 1 1 1 1 1 1 1 1 1 1 1 1 1 1 1 1 1 1 1 1 1 1 1 1 1 1 1 1 1 1 1
staticfield java/lang/invoke/DirectMethodHandle IMPL_NAMES Ljava/lang/invoke/MemberName$Factory; java/lang/invoke/MemberName$Factory
staticfield java/lang/invoke/DirectMethodHandle FT_UNCHECKED_REF I 8
staticfield java/lang/invoke/DirectMethodHandle ACCESSOR_FORMS [Ljava/lang/invoke/LambdaForm; 132 [Ljava/lang/invoke/LambdaForm;
staticfield java/lang/invoke/DirectMethodHandle ALL_WRAPPERS [Lsun/invoke/util/Wrapper; 10 [Lsun/invoke/util/Wrapper;
staticfield java/lang/invoke/DirectMethodHandle NFS [Ljava/lang/invoke/LambdaForm$NamedFunction; 12 [Ljava/lang/invoke/LambdaForm$NamedFunction;
staticfield java/lang/invoke/DirectMethodHandle OBJ_OBJ_TYPE Ljava/lang/invoke/MethodType; java/lang/invoke/MethodType
staticfield java/lang/invoke/DirectMethodHandle LONG_OBJ_TYPE Ljava/lang/invoke/MethodType; java/lang/invoke/MethodType
staticfield java/lang/invoke/DirectMethodHandle $assertionsDisabled Z 1
ciInstanceKlass java/lang/invoke/MutableCallSite 0 0 63 10 100 12 1 1 1 10 12 1 9 100 12 1 1 1 10 12 1 10 12 1 1 9 12 1 1 10 100 12 1 1 1 10 100 12 1 1 1 10 12 1 1 1 1 1 1 1 1 1 1 1 1 1 1 1 1 1 1 100 1 1 1
ciInstanceKlass java/lang/invoke/VolatileCallSite 0 0 37 10 100 12 1 1 1 10 12 1 10 100 12 1 1 1 10 12 1 10 12 1 1 1 1 1 1 1 1 1 1 1 1 1 1 1 1
ciInstanceKlass java/lang/invoke/ResolvedMethodName 1 1 16 10 100 12 1 1 1 100 1 1 1 1 1 1 1 1
ciInstanceKlass java/lang/invoke/MethodHandleNatives 1 1 685 100 1 10 7 12 1 1 1 9 7 12 1 1 1 10 12 1 1 100 1 10 10 12 1 1 10 12 1 10 12 1 8 1 8 1 8 1 8 1 8 1 8 1 8 1 8 1 8 1 8 1 10 12 1 1 7 1 10 7 12 1 1 1 10 7 12 1 1 1 7 1 10 10 12 1 1 8 1 10 12 1 8 1 10 12 1 1 8 1 10 12 1 1 9 7 12 1 1 1 8 1 10 100 12 1 1 1 7 1 10 12 100 1 100 1 8 1 7 1 10 10 12 1 7 1 9 7 12 1 1 10 12 1 1 10 12 1 10 7 12 1 1 1 10 12 1 1 9 12 1 8 1 10 12 1 1 10 12 1 8 1 10 12 1 1 7 1 10 12 1 10 7 12 1 1 1 10 12 1 10 12 1 1 10 12 1 1 8 1 10 12 1 1 8 1 10 12 1 8 1 8 1 8 1 7 1 10 12 1 8 1 10 7 12 1 1 1 10 12 1 1 10 7 12 1 1 10 10 12 1 1 10 12 1 10 100 12 1 1 1 100 1 8 1 10 100 12 1 1 1 7 1 8 1 10 12 1 8 1 8 1 8 1 8 1 8 1 10 12 1 1 10 12 1 1 10 12 1 10 12 1 1 10 12 1 1 7 1 10 12 1 7 1 7 1 10 12 1 10 12 1 8 1 8 1 10 10 12 1 1 10 12 1 1 8 1 10 7 12 1 1 8 1 8 1 10 12 1 1 10 7 12 1 1 1 100 1 10 12 1 1 7 1 9 12 1 1 10 7 12 1 1 1 10 10 12 1 9 12 1 10 12 1 9 12 1 9 12 1 10 12 1 1 10 12 1 10 12 1 1 7 1 7 1 10 12 1 1 10 12 1 10 12 1 1 10 7 12 1 1 1 10 12 1 8 1 10 12 1 10 12 1 10 12 1 1 10 12 1 10 7 12 1 1 1 10 12 1 1 100 1 8 1 10 9 7 12 1 1 1 10 12 1 1 10 12 1 1 7 1 10 12 1 1 10 12 1 1 100 1 100 1 10 10 100 1 100 1 10 100 1 10 10 12 1 1 10 7 1 10 12 1 10 12 1 1 10 12 1 1 10 12 1 1 10 12 1 10 12 1 1 10 8 1 10 12 1 10 12 1 10 12 1 10 12 1 10 12 1 1 10 12 1 10 12 1 10 12 1 10 10 7 12 1 1 10 12 1 1 1 1 1 1 1 1 1 1 1 1 1 7 1 1 1 1 1 1 1 1 1 1 1 1 1 1 1 1 1 1 1 1 1 1 1 1 1 1 1 1 1 1 1 1 1 1 1 1 1 1 1 1 1 1 1 1 1 1 1 1 1 1 1 1 1 1 1 1 1 1 1 1 1 1 1 100 1 1 1 1 1 1 1 1 1 1 1 1 1 1 1 1 1 1 1 1 1 1 1 1 1 1 1 1 1 1 1 1 1 100 1 1 1 1 1 1 1 1 1 1 1 1 1 1 1 1 1 1 1 1 1 1 1 1 1 1 1 1 1 1 1 1 100 1 1
staticfield java/lang/invoke/MethodHandleNatives $assertionsDisabled Z 1
ciInstanceKlass jdk/internal/foreign/abi/NativeEntryPoint 0 0 194 10 7 12 1 1 1 9 7 12 1 1 1 9 12 1 1 100 1 8 1 10 12 1 10 12 1 1 100 1 10 100 12 1 1 1 10 12 1 9 12 1 1 18 12 1 1 10 100 12 1 1 1 10 7 12 1 1 1 9 7 12 1 1 1 7 1 10 8 1 10 12 1 1 10 12 1 10 12 1 1 8 1 10 12 1 1 7 1 8 1 10 12 1 10 12 1 1 10 12 1 9 12 1 1 18 12 1 1 10 100 12 1 1 1 10 12 1 1 10 12 1 10 100 12 1 1 1 10 1 1 1 1 1 1 1 1 1 1 1 1 1 1 1 1 1 1 1 1 1 1 1 1 1 1 1 1 1 1 1 1 1 1 1 1 1 16 1 15 10 12 16 1 16 15 10 12 15 10 100 12 1 1 1 1 1 100 1 1 100 1 100 1 1
ciInstanceKlass jdk/internal/foreign/abi/ABIDescriptor 0 0 55 10 100 12 1 1 1 9 100 12 1 1 1 9 12 1 1 9 12 1 9 12 1 9 12 1 1 9 12 1 9 12 1 1 9 12 1 9 12 1 9 12 1 9 12 1 1 1 1 1 1 1 1 1 1
ciInstanceKlass jdk/internal/foreign/abi/VMStorage 0 0 91 10 7 12 1 1 1 9 7 12 1 1 1 9 12 1 1 9 12 1 1 9 12 1 1 7 1 10 8 1 10 12 1 1 10 12 1 10 12 1 1 10 12 1 18 12 1 18 12 1 1 18 12 1 1 1 1 1 1 1 1 1 1 1 1 1 1 1 1 1 1 1 8 1 15 15 15 15 15 10 100 12 1 1 1 1 100 1 100 1 1
ciInstanceKlass jdk/internal/foreign/abi/UpcallLinker$CallRegs 0 0 66 10 7 12 1 1 1 9 7 12 1 1 1 9 12 1 18 12 1 1 18 12 1 1 18 12 1 1 1 1 1 1 1 1 1 1 1 1 1 1 1 1 1 1 100 1 1 1 8 1 15 15 15 10 100 12 1 1 1 1 1 100 1 100 1 1
ciInstanceKlass java/lang/StackWalker 1 1 271 9 7 12 1 1 1 7 1 10 7 12 1 1 1 10 12 1 1 10 7 12 1 1 1 10 12 1 1 10 12 1 11 7 12 1 1 1 10 12 1 1 10 12 1 1 10 12 1 1 100 1 8 1 10 12 1 10 12 1 10 12 1 10 7 12 1 1 9 12 1 1 9 12 1 1 9 12 1 1 9 12 1 1 10 12 1 1 9 12 1 1 9 12 1 1 9 12 1 1 10 7 12 1 1 1 11 12 1 1 100 1 8 1 10 10 7 12 1 1 9 12 1 1 10 12 1 1 10 7 12 1 1 1 10 7 12 1 1 1 18 12 1 1 100 1 8 1 10 8 1 10 12 1 1 10 100 12 1 1 1 10 12 1 1 9 7 12 1 1 11 100 12 1 1 1 10 12 1 1 1 1 1 1 1 1 1 1 1 1 1 1 1 1 1 1 1 1 1 1 1 1 1 1 1 1 1 1 1 1 1 1 1 1 1 1 1 1 1 1 1 1 1 1 1 1 1 1 1 1 1 1 1 1 1 1 1 1 1 1 1 1 1 1 7 1 1 16 15 10 12 16 1 15 10 100 12 1 1 1 1 1 1 1 1 1 100 1 100 1 1
staticfield java/lang/StackWalker DEFAULT_EMPTY_OPTION Ljava/util/EnumSet; java/util/RegularEnumSet
staticfield java/lang/StackWalker DEFAULT_WALKER Ljava/lang/StackWalker; java/lang/StackWalker
ciInstanceKlass java/lang/StackWalker$StackFrame 1 1 41 100 1 10 12 1 1 100 1 100 1 1 1 1 1 1 1 1 1 1 1 1 1 1 1 1 1 1 1 1 1 1 1 1 1 1 1 100 1 1 1
instanceKlass java/lang/LiveStackFrameInfo
ciInstanceKlass java/lang/StackFrameInfo 1 1 142 10 7 12 1 1 1 9 7 12 1 1 1 9 7 1 9 12 1 1 11 7 12 1 1 1 9 12 1 1 11 12 1 1 10 12 1 1 10 7 12 1 1 1 10 12 1 11 12 1 11 12 1 1 11 12 1 10 12 1 1 9 12 1 1 10 12 1 1 10 7 12 1 1 10 12 1 1 11 12 1 1 9 12 1 1 10 7 1 10 12 1 9 12 1 1 10 12 1 1 100 1 8 1 10 12 1 10 7 12 1 1 1 7 1 1 1 1 1 1 1 1 1 1 1 1 1 1 1 1 1 1 7 1 1 7 1 1 1 1 1 1
staticfield java/lang/StackFrameInfo JLIA Ljdk/internal/access/JavaLangInvokeAccess; java/lang/invoke/MethodHandleImpl$1
ciInstanceKlass java/lang/LiveStackFrameInfo 0 0 97 10 7 12 1 1 1 9 7 12 1 1 1 9 12 1 9 12 1 9 12 1 9 12 1 1 7 1 10 12 1 1 10 12 1 8 1 10 12 1 1 8 1 8 1 8 1 10 100 1 10 12 1 100 1 10 12 1 7 1 7 1 1 1 3 1 3 1 1 1 1 1 1 1 1 1 1 1 1 1 1 1 1 1 1 1 1 1 1 1 1 1 1 1 100 1 1
ciInstanceKlass java/lang/LiveStackFrame 0 0 135 100 1 10 100 12 1 1 1 11 7 12 1 1 1 11 12 1 10 7 12 1 1 1 100 1 8 1 10 12 1 1 10 7 12 1 1 1 9 100 12 1 1 1 10 7 12 1 1 1 10 7 12 1 1 1 11 12 1 10 12 1 7 1 7 1 1 1 1 1 1 1 1 1 1 1 1 1 1 1 1 1 1 1 1 1 1 1 1 1 1 1 1 100 1 1 1 1 1 1 1 100 1 8 1 1 12 10 1 1 1 8 1 1 1 8 1 1 1 8 1 1 1 8 1 1 8 1 1 1 8 1 1 8 1
instanceKlass java/lang/StackStreamFactory$StackFrameTraverser
ciInstanceKlass java/lang/StackStreamFactory$AbstractStackWalker 1 1 375 7 1 7 1 3 10 7 12 1 1 1 10 7 12 1 1 10 7 12 1 1 1 9 12 1 1 10 12 1 1 9 12 1 1 9 12 1 1 9 12 1 1 9 12 1 10 7 12 1 1 1 10 12 1 1 10 7 12 1 1 9 12 1 1 9 12 1 1 10 12 1 1 9 7 12 1 1 1 10 12 1 1 10 12 1 9 12 1 1 10 7 12 1 1 1 10 12 1 1 9 12 1 1 9 7 12 1 1 1 7 1 10 8 1 10 12 1 1 10 12 1 8 1 10 12 1 1 10 100 12 1 1 1 100 1 8 1 10 12 1 8 1 10 12 10 7 12 1 1 9 12 1 8 1 5 0 8 1 8 1 9 12 1 1 10 12 1 1 18 12 1 1 10 7 12 1 1 1 10 12 1 1 10 12 1 10 12 1 9 12 1 10 12 1 10 12 1 10 12 1 10 12 1 10 12 1 10 12 1 1 8 1 10 12 1 10 12 1 10 12 1 10 12 1 1 8 1 10 12 1 1 10 12 1 1 10 12 1 1 10 12 1 10 12 1 10 7 12 1 1 1 10 12 1 10 12 1 9 12 1 8 1 10 12 1 10 12 1 10 12 1 1 10 12 1 10 12 1 10 12 1 1 10 12 1 10 12 1 10 12 1 10 12 1 10 12 1 10 12 1 1 10 12 1 1 10 12 1 8 1 1 1 1 1 1 1 1 1 1 1 1 1 7 1 1 1 1 1 1 1 7 1 1 1 1 7 1 1 1 1 1 1 1 1 1 1 1 1 1 1 1 1 1 1 1 16 15 15 10 100 12 1 1 1 1 1 1 1 1 100 1 100 1 1
ciInstanceKlass jdk/internal/module/Modules 1 1 504 10 7 12 1 1 1 9 7 12 1 1 1 11 7 12 1 1 1 11 12 1 1 11 12 1 1 11 12 1 1 11 12 1 11 12 1 11 12 1 11 12 1 11 12 1 1 10 7 12 1 1 1 10 100 12 1 1 1 18 12 1 1 10 7 12 1 1 1 7 1 10 7 12 1 1 1 10 100 12 1 1 1 10 100 12 1 1 10 12 1 1 11 12 1 9 12 1 1 11 7 12 1 1 1 10 12 1 1 10 10 12 1 10 9 12 1 1 10 100 12 1 1 10 12 1 1 10 100 12 1 1 100 1 11 100 12 1 1 1 10 100 12 1 1 1 11 100 12 1 1 10 12 1 1 10 100 12 1 1 10 100 12 1 1 1 10 12 1 1 10 12 1 1 11 12 1 1 18 12 1 1 11 100 12 1 1 10 100 12 1 1 1 11 100 12 1 1 1 7 1 11 12 1 1 11 7 12 1 1 1 11 12 1 1 10 12 1 1 10 100 12 1 1 18 12 1 1 11 12 1 1 18 12 1 1 11 12 1 1 10 12 1 18 18 10 12 1 1 9 12 1 1 11 7 12 1 1 1 100 1 10 11 12 1 11 12 1 1 11 12 1 1 10 100 1 10 12 1 1 10 100 12 1 1 10 12 1 1 11 12 10 12 1 1 7 1 10 18 12 1 10 12 1 1 7 1 8 1 10 12 1 10 100 12 1 1 18 12 1 11 11 12 10 12 1 10 10 100 1 18 12 1 10 10 10 7 12 1 1 10 7 12 1 1 1 10 12 1 1 1 1 1 1 1 1 1 1 1 1 1 1 1 1 1 1 1 1 1 1 1 1 1 1 1 1 1 1 1 1 1 100 1 1 1 1 1 1 1 1 1 1 1 1 1 1 1 1 1 1 1 1 1 1 1 1 1 1 1 1 1 1 1 1 1 1 1 7 1 1 1 1 1 1 1 1 1 1 1 1 1 1 1 1 1 1 1 1 1 1 1 16 15 10 12 1 16 16 15 10 12 1 16 1 16 1 15 10 12 1 16 1 16 1 15 10 12 16 1 15 10 16 1 15 10 12 16 1 15 10 12 16 15 10 12 16 15 10 12 15 10 100 12 1 1 1 1 1 1 100 1 100 1 1
staticfield jdk/internal/module/Modules JLA Ljdk/internal/access/JavaLangAccess; java/lang/System$2
staticfield jdk/internal/module/Modules JLMA Ljdk/internal/access/JavaLangModuleAccess; java/lang/module/ModuleDescriptor$1
staticfield jdk/internal/module/Modules $assertionsDisabled Z 1
instanceKlass org/apache/maven/artifact/versioning/ComparableVersion$ListItem
ciInstanceKlass java/util/ArrayList 1 1 509 10 7 12 1 1 1 7 1 9 7 12 1 1 1 9 12 1 100 1 7 1 10 8 1 10 12 1 1 10 12 1 10 12 1 1 10 12 1 9 12 1 11 7 12 1 1 1 9 12 1 1 11 12 1 1 7 10 7 12 1 1 1 9 12 1 10 12 1 10 12 1 1 10 7 12 1 1 1 10 7 12 1 1 1 10 12 1 1 10 12 1 1 10 12 1 1 10 12 1 10 12 1 1 100 1 7 1 10 12 1 10 10 7 12 1 1 1 10 7 12 1 1 10 12 1 100 1 10 10 12 10 12 1 1 10 12 1 1 10 12 1 10 12 10 12 1 1 7 1 10 12 1 1 10 12 1 1 10 12 1 100 1 10 11 12 1 1 11 7 12 1 1 1 11 12 1 10 12 1 10 12 1 10 12 1 1 100 1 10 12 1 1 10 10 12 1 1 10 12 1 8 1 8 1 8 1 8 1 10 12 1 1 10 12 1 1 11 12 1 7 1 10 100 12 1 1 10 12 1 10 12 1 1 10 100 12 1 1 10 12 1 10 100 12 1 1 1 11 100 12 1 1 1 10 12 1 100 1 8 1 10 7 1 10 12 1 7 1 10 12 1 10 12 1 1 7 1 10 12 1 10 12 1 1 11 7 12 1 1 7 1 10 12 1 10 12 1 1 11 7 12 1 1 10 12 1 1 10 12 1 1 10 12 1 1 10 12 1 1 11 100 12 1 1 10 12 1 1 7 1 7 1 7 1 1 1 1 5 0 1 3 1 1 1 1 1 1 1 1 1 1 1 1 1 1 1 1 1 1 1 1 1 1 1 1 1 1 1 1 1 1 1 1 1 1 1 1 1 1 1 1 1 1 1 1 1 1 1 1 1 1 1 1 1 1 1 1 1 1 1 1 1 1 1 1 1 1 1 1 1 1 1 1 1 1 1 1 1 1 1 1 1 1 1 1 1 1 1 1 1 1 1 1 1 1 1 1 1 1 1 1 1 1 1 1 100 1 1 1 1 7 1 1 1 1 1 1 1 1 1 1 1 1 1 1 1 1 1 1 1 1 1 1 1 1 1 1 1 1 1 100 1 1 1 1 1 1 1 1 1 1 1 1 1 1 1 1 1 1 100 1 100 1 1 1 1 1 1
staticfield java/util/ArrayList EMPTY_ELEMENTDATA [Ljava/lang/Object; 0 [Ljava/lang/Object;
staticfield java/util/ArrayList DEFAULTCAPACITY_EMPTY_ELEMENTDATA [Ljava/lang/Object; 0 [Ljava/lang/Object;
ciInstanceKlass java/util/RandomAccess 1 0 7 100 1 100 1 1 1
ciMethod java/util/ArrayList <init> ()V 182 0 7938 0 -1
ciMethod java/util/ArrayList <init> (I)V 514 0 5381 0 -1
instanceKlass java/nio/MappedByteBuffer
instanceKlass java/nio/HeapByteBuffer
ciInstanceKlass java/nio/ByteBuffer 1 1 446 10 7 12 1 1 1 9 7 12 1 1 1 10 7 12 1 1 1 9 12 1 1 9 12 1 9 12 1 1 9 12 1 1 10 12 1 10 12 1 7 1 10 12 1 10 12 1 1 7 1 10 12 1 10 12 1 100 1 100 1 10 12 1 10 12 1 1 10 7 12 1 1 1 10 12 1 1 10 12 1 100 1 10 10 12 1 1 10 12 1 10 12 1 10 12 100 1 5 0 9 12 1 1 9 12 1 9 12 1 1 10 12 1 1 10 12 1 1 10 7 12 1 1 1 10 7 12 1 1 1 10 12 1 10 12 1 1 10 12 1 1 100 1 10 100 1 10 10 12 1 1 9 12 1 10 12 1 100 1 10 10 12 1 10 12 1 10 12 10 12 1 9 12 100 1 10 10 12 1 10 12 10 12 1 1 10 12 1 10 12 1 10 12 1 10 12 1 7 1 10 10 7 12 1 1 1 10 7 12 1 1 1 10 12 1 1 8 1 10 12 1 8 1 8 1 10 12 1 8 1 10 12 1 10 100 12 1 1 1 10 100 12 1 1 1 10 12 1 1 10 7 1 9 12 1 8 1 10 12 1 8 1 8 1 10 10 12 1 10 12 1 1 10 12 1 1 10 12 10 12 1 1 10 12 10 12 10 12 10 12 10 12 10 12 10 12 1 1 10 12 1 9 12 1 1 7 10 7 12 1 1 1 7 1 1 1 1 1 1 1 1 1 1 1 1 100 1 1 1 1 1 1 1 1 1 1 1 1 1 1 1 1 1 1 1 1 1 7 1 1 1 1 1 1 1 1 1 1 1 1 1 1 1 1 1 1 1 1 1 1 1 1 1 1 1 1 1 1 1 1 1 1 1 1 1 1 1 1 1 1 1 1 1 1 1 1 1 1 1 1 1 1 1 1 1 1 1 1 1 1 1 1 1 1 1 1 1 1 1 1 1 1 1 1 1 1 1 1 1 1 1 1 1 1 1 1 1 1 1 1 1 1 1 100 1
staticfield java/nio/ByteBuffer ARRAY_BASE_OFFSET J 16
staticfield java/nio/ByteBuffer $assertionsDisabled Z 1
instanceKlass org/eclipse/jdt/ls/core/internal/preferences/Preferences$ReferencedLibraries$2
instanceKlass org/eclipse/jdt/ls/core/internal/preferences/Preferences$ReferencedLibraries$1
instanceKlass java/util/LinkedHashSet
ciInstanceKlass java/util/HashSet 1 1 303 10 7 12 1 1 1 7 1 10 9 7 12 1 1 1 11 7 12 1 1 1 10 7 12 1 1 1 10 12 1 1 10 12 1 1 10 12 1 10 12 1 7 1 10 10 12 1 1 11 7 12 1 1 1 10 10 12 1 1 10 12 1 1 9 12 1 1 10 12 1 1 10 12 1 1 10 12 1 10 7 12 1 1 1 10 100 1 7 1 10 12 1 10 100 12 1 1 10 12 1 10 12 1 10 12 1 1 10 12 1 1 11 7 12 1 1 11 12 1 10 12 1 1 10 100 12 1 1 1 10 12 1 100 1 7 1 10 8 1 10 12 1 1 10 12 1 10 12 1 1 10 12 1 10 12 1 10 7 12 1 1 1 8 1 10 12 1 4 4 10 12 1 1 8 1 10 12 1 1 4 10 100 12 1 1 1 100 1 10 12 1 1 11 100 12 1 1 1 100 1 10 12 1 7 1 10 12 1 10 12 1 1 10 12 1 100 1 8 1 10 10 12 1 10 10 7 1 7 1 1 1 1 5 0 1 1 1 1 1 1 1 1 1 1 1 1 1 1 1 1 1 1 1 1 1 1 1 1 1 1 1 1 1 1 1 1 1 1 100 1 1 1 1 7 1 1 1 1 1 1 1 1 1 1 1 1 1 1 1 1 1 1 1 100 1 1 100 1 7 1 1 1
staticfield java/util/HashSet PRESENT Ljava/lang/Object; java/lang/Object
instanceKlass com/google/gson/internal/LinkedTreeMap$EntrySet
instanceKlass com/google/common/collect/Sets$SetView
instanceKlass java/lang/ProcessEnvironment$CheckedEntrySet
instanceKlass java/util/concurrent/ConcurrentSkipListSet
instanceKlass java/util/AbstractMap$1
instanceKlass java/util/Hashtable$EntrySet
instanceKlass org/eclipse/osgi/framework/util/CaseInsensitiveDictionaryMap$EntrySet
instanceKlass org/eclipse/osgi/framework/util/CaseInsensitiveDictionaryMap$KeySet
instanceKlass org/eclipse/osgi/framework/eventmgr/CopyOnWriteIdentityMap$Snapshot$EntrySet
instanceKlass java/util/TreeMap$EntrySet
instanceKlass java/util/LinkedHashMap$LinkedEntrySet
instanceKlass java/util/TreeMap$KeySet
instanceKlass java/util/TreeSet
instanceKlass java/util/LinkedHashMap$LinkedKeySet
instanceKlass java/util/Collections$SingletonSet
instanceKlass java/util/WeakHashMap$EntrySet
instanceKlass java/util/IdentityHashMap$KeySet
instanceKlass java/util/EnumSet
instanceKlass jdk/internal/util/ReferencedKeySet
instanceKlass java/util/HashMap$KeySet
instanceKlass java/util/WeakHashMap$KeySet
instanceKlass java/util/Collections$SetFromMap
instanceKlass java/util/HashSet
instanceKlass java/util/ImmutableCollections$MapN$1
instanceKlass java/util/Collections$EmptySet
instanceKlass java/util/HashMap$EntrySet
ciInstanceKlass java/util/AbstractSet 1 1 96 10 7 12 1 1 1 7 1 7 1 11 12 1 1 10 7 1 10 12 1 1 100 1 100 1 10 12 1 1 11 7 12 1 1 1 11 12 1 1 10 7 12 1 1 10 7 12 1 1 1 11 10 12 1 1 11 12 1 11 12 1 1 1 1 1 1 1 1 1 1 1 1 1 1 1 1 100 1 1 1 1 1 1 1 1 1 1 1 1 1 1 1 1 1 1
ciMethod java/util/HashSet iterator ()Ljava/util/Iterator; 1024 0 13770 0 0
ciMethod java/util/HashSet contains (Ljava/lang/Object;)Z 768 0 11022 0 1464
ciInstanceKlass java/util/function/Function 1 1 77 10 7 12 1 1 1 18 12 1 1 18 18 12 1 11 7 12 1 7 1 1 1 1 1 1 1 1 1 1 1 1 1 1 1 1 1 1 1 1 1 1 1 1 1 1 1 1 1 1 1 1 1 1 16 15 11 12 15 11 12 15 11 12 15 10 7 12 1 1 1 1 100 1 100 1 1
ciInstanceKlass java/util/Optional 1 1 187 9 7 12 1 1 1 10 7 12 1 1 1 9 12 1 1 10 7 12 1 1 1 10 12 1 100 1 8 1 10 12 1 11 7 12 1 1 11 7 12 1 1 10 12 1 1 11 100 12 1 1 1 10 12 1 1 11 7 12 1 1 10 12 1 1 10 12 1 11 7 12 1 1 1 11 7 12 1 1 11 12 1 1 7 1 10 12 1 1 10 12 1 1 7 1 10 8 1 10 12 1 1 10 12 1 8 1 10 12 1 1 8 1 1 1 1 1 1 1 1 1 1 1 1 1 1 1 1 1 1 1 1 1 1 1 1 1 1 1 1 1 1 1 1 1 1 1 1 1 1 1 1 1 1 1 1 1 1 1 1 1 1 1 1 1 1 1 1 1 1 1 1 1 1 1 1 1 1 7 1 1 1 1 1 1 1
staticfield java/util/Optional EMPTY Ljava/util/Optional; java/util/Optional
ciMethod java/util/Optional orElse (Ljava/lang/Object;)Ljava/lang/Object; 866 0 8507 0 -1
ciInstanceKlass java/security/PrivilegedAction 1 0 14 100 1 100 1 1 1 1 1 1 1 1 1 1
ciMethod java/security/PrivilegedAction run ()Ljava/lang/Object; 0 0 1 0 -1
ciInstanceKlass java/lang/module/ModuleDescriptor 1 1 516 10 7 12 1 1 1 9 7 12 1 1 1 100 1 10 9 12 1 1 9 12 1 1 9 12 1 11 7 12 1 1 1 9 12 1 1 9 7 12 1 1 1 11 12 1 1 9 12 1 9 12 1 9 12 1 11 12 1 1 18 12 1 1 11 100 12 1 1 1 11 12 1 11 12 1 1 11 12 1 1 9 12 1 9 12 1 9 12 1 9 12 1 9 12 1 9 12 1 9 12 1 9 12 1 1 11 12 1 1 11 7 12 1 1 1 11 12 1 1 10 12 1 9 100 12 1 1 1 10 100 12 1 1 1 10 7 12 1 1 1 10 100 12 1 1 1 10 12 1 7 1 10 10 12 10 12 1 1 8 1 10 12 1 10 10 7 12 1 1 1 10 12 1 1 10 12 1 10 12 1 1 10 7 12 1 1 10 12 1 10 12 1 11 10 100 12 1 1 10 12 1 10 12 1 1 11 10 12 1 10 12 1 8 1 8 1 10 12 1 11 12 1 8 1 8 1 8 1 8 1 8 1 8 1 7 1 10 12 1 100 1 8 1 10 12 1 7 1 10 12 1 11 12 11 12 1 10 12 1 1 100 1 10 100 12 1 1 1 10 100 12 1 1 1 10 12 1 10 12 1 1 8 1 10 12 1 1 18 11 12 1 11 12 1 1 8 1 10 100 12 1 1 1 11 12 1 1 11 7 1 7 1 10 7 1 11 12 11 12 1 1 10 100 12 1 1 1 10 12 1 10 12 1 10 12 1 10 9 100 12 1 1 1 10 12 1 1 10 7 12 1 1 7 1 10 10 7 12 1 1 1 1 1 1 1 1 1 1 1 1 1 1 1 1 1 1 1 1 1 1 1 1 1 1 1 1 1 1 1 1 1 1 1 1 1 1 1 1 1 1 1 1 1 1 1 1 1 1 1 1 1 1 1 1 1 1 1 1 1 7 1 1 1 1 1 1 1 1 1 1 1 1 1 1 1 1 1 1 1 1 1 1 1 1 1 1 1 1 1 1 1 1 1 1 1 1 1 1 1 1 1 1 1 1 1 1 1 1 1 100 1 100 1 100 1 100 1 100 1 100 1 100 1 1 16 15 10 16 1 15 10 12 16 15 10 100 12 1 1 1 1 1 1 1 1 1 1 1 1 1 100 1 100 1 1
staticfield java/lang/module/ModuleDescriptor $assertionsDisabled Z 1
ciInstanceKlass java/util/SequencedSet 1 1 78 11 7 12 1 1 1 7 1 7 1 7 1 1 1 1 1 1 1 1 1 1 1 1 1 1 1 100 1 8 1 1 12 10 1 1 1 8 1 1 1 8 1 1 1 8 1 1 1 8 1 1 1 8 1 1 8 1 1 1 8 1 1 8 1 1 8 1 1 1 8 1 1 8 1 1 8 1
ciInstanceKlass java/lang/annotation/Annotation 1 0 17 100 1 100 1 1 1 1 1 1 1 1 1 1 1 1 1
ciInstanceKlass java/util/LinkedHashMap 1 1 386 9 7 12 1 1 1 9 12 1 1 9 12 1 9 7 12 1 1 9 12 1 10 7 12 1 1 1 10 12 1 1 10 12 1 1 9 12 1 9 12 1 1 9 12 1 10 12 1 1 100 1 10 10 12 1 1 10 12 1 10 12 1 1 9 12 1 1 9 12 1 10 12 1 1 10 100 12 1 1 1 10 12 1 10 12 1 10 12 10 12 1 1 10 7 12 1 1 1 10 12 1 1 10 12 1 1 9 7 1 10 12 1 10 12 1 1 9 12 1 1 7 1 10 12 1 7 1 100 1 10 10 12 1 1 10 12 1 1 9 12 1 1 7 1 10 7 1 10 12 1 9 12 1 7 1 10 100 1 10 11 7 12 1 1 1 100 1 10 11 7 12 1 1 100 1 7 1 10 8 1 10 12 1 1 10 12 1 10 12 1 1 10 12 1 10 12 1 1 10 100 1 10 12 1 7 1 1 1 1 5 0 1 1 1 3 1 3 1 3 1 1 1 1 1 1 1 1 1 1 1 1 1 1 1 1 1 1 1 1 1 1 1 1 1 1 1 1 1 1 1 1 1 1 1 1 1 1 1 1 1 1 1 1 1 1 1 7 1 1 1 1 1 1 1 1 100 1 1 1 1 1 1 1 1 1 1 1 1 1 1 1 1 1 1 1 1 1 1 1 1 1 1 1 1 100 1 1 1 1 1 1 1 1 1 1 1 1 1 1 100 1 1 1 1 1 1 1 1 1 7 1 1 1 1 1 1 1 1 1 1 1 1 1 1 1 1 1 1 1 1 1 1 1 1 1 1 1 1 1 1 1 100 1 100 1 100 1 100 1 1 1 1 1 100 1 7 1 1 1 1 1 1 1 1 1
ciInstanceKlass java/util/SequencedMap 1 1 157 11 7 12 1 1 1 11 100 12 1 1 1 11 7 12 1 1 1 100 1 11 12 1 1 100 1 10 12 1 1 11 12 1 1 11 12 1 1 100 1 10 12 100 1 10 12 1 100 1 10 100 1 10 7 1 7 1 1 1 1 1 1 1 1 1 1 1 1 1 1 1 1 1 1 1 1 1 1 1 1 1 1 1 1 1 1 1 1 1 1 1 1 1 1 1 1 1 1 1 1 1 1 1 1 1 1 100 1 8 1 1 12 10 1 1 1 8 1 1 1 8 1 1 8 1 1 1 8 1 1 1 8 1 1 1 8 1 1 1 8 1 1 1 8 1 1 1 8 1 1 1 8 1 1 8 1
ciMethod java/util/Map getOrDefault (Ljava/lang/Object;Ljava/lang/Object;)Ljava/lang/Object; 0 0 1 0 -1
ciMethod java/util/LinkedHashMap keySet ()Ljava/util/Set; 704 0 331 0 0
ciMethod java/util/LinkedHashMap sequencedKeySet ()Ljava/util/SequencedSet; 704 0 331 0 0
ciInstanceKlass java/util/Enumeration 1 1 32 100 1 10 12 1 1 100 1 100 1 1 1 1 1 1 1 1 1 1 1 1 1 1 1 1 1 1 1 1 1 1
ciInstanceKlass jdk/internal/misc/InternalLock 1 1 69 10 7 12 1 1 1 7 1 10 9 7 12 1 1 1 9 12 1 1 10 10 12 1 1 10 12 10 12 1 10 12 1 8 1 10 7 12 1 1 1 10 7 12 1 1 8 1 10 12 1 1 1 1 1 1 1 1 1 1 1 1 1 1 1 1 1 1 1
staticfield jdk/internal/misc/InternalLock CAN_USE_INTERNAL_LOCK Z 1
ciMethod jdk/internal/misc/InternalLock lock ()V 1024 0 248552 0 -1
ciMethod jdk/internal/misc/InternalLock unlock ()V 1024 0 248564 0 -1
instanceKlass jdk/internal/jimage/ImageBufferCache$1
instanceKlass sun/nio/ch/Invoker$1
instanceKlass org/eclipse/buildship/core/internal/launch/DefaultExternalLaunchConfigurationManager$LaunchConfigurationListener$1
instanceKlass lombok/eclipse/agent/PatchDelegate$1
instanceKlass java/lang/ThreadLocal$SuppliedThreadLocal
instanceKlass java/lang/InheritableThreadLocal
instanceKlass com/sun/jna/Native$7
instanceKlass com/sun/jna/Structure$2
instanceKlass com/sun/jna/Structure$1
instanceKlass org/apache/felix/scr/impl/ComponentRegistry$1
instanceKlass java/util/concurrent/locks/ReentrantReadWriteLock$Sync$ThreadLocalHoldCounter
instanceKlass jdk/internal/jimage/ImageBufferCache$1
instanceKlass jdk/internal/math/FloatingDecimal$1
instanceKlass jdk/internal/misc/CarrierThreadLocal
ciInstanceKlass java/lang/ThreadLocal 1 1 332 9 7 12 1 1 1 3 10 7 12 1 1 1 7 1 10 12 1 1 10 7 12 1 1 10 12 1 9 12 1 1 10 7 12 1 1 1 10 12 1 1 9 12 1 1 100 1 100 1 10 10 12 1 10 12 1 1 10 7 12 1 1 1 9 7 12 1 1 1 10 12 1 10 12 1 1 10 12 1 1 10 12 1 1 10 12 1 1 7 1 10 12 1 1 9 12 1 10 12 1 10 12 10 12 1 1 10 12 1 9 12 1 1 10 12 10 12 1 100 1 10 8 1 10 7 12 1 1 1 10 7 12 1 1 1 10 7 12 1 1 1 7 1 9 100 12 1 1 1 18 12 1 1 10 7 12 1 1 1 7 1 18 12 1 1 10 12 1 1 7 1 7 1 10 12 1 9 7 12 1 1 1 10 100 12 1 1 1 11 12 1 1 11 7 12 1 1 11 12 1 7 1 8 1 11 12 1 1 10 12 1 1 11 100 12 1 1 1 10 100 12 1 1 1 11 12 1 1 10 7 12 1 1 10 12 1 10 1 1 1 1 1 1 1 1 1 1 1 1 1 1 1 1 1 1 1 1 1 1 1 1 1 1 1 1 1 1 1 1 1 1 1 1 1 1 1 1 1 1 1 1 1 1 1 1 1 1 1 1 1 1 1 1 1 1 1 1 1 1 1 1 1 1 1 16 15 10 12 16 16 15 10 12 15 10 100 12 1 1 1 1 1 1 1 1 1 100 1 100 1 1
staticfield java/lang/ThreadLocal TRACE_VTHREAD_LOCALS Z 0
staticfield java/lang/ThreadLocal nextHashCode Ljava/util/concurrent/atomic/AtomicInteger; java/util/concurrent/atomic/AtomicInteger
staticfield java/lang/ThreadLocal $assertionsDisabled Z 1
ciMethod java/lang/ThreadLocal get ()Ljava/lang/Object; 258 0 6424 0 -1
ciMethod java/lang/ThreadLocal set (Ljava/lang/Object;)V 4580 0 9975 0 -1
ciInstanceKlass java/io/BufferedWriter 1 1 190 10 7 12 1 1 1 10 7 12 1 1 1 10 12 1 7 1 10 7 12 1 1 1 100 1 8 1 10 12 1 9 12 1 1 9 12 1 1 9 12 1 1 9 12 1 10 12 1 1 10 12 1 100 1 8 1 10 9 12 1 7 1 3 10 12 1 1 10 100 12 1 1 1 9 12 1 1 7 1 10 12 1 10 12 1 10 12 1 10 12 1 10 12 1 1 10 12 1 1 10 12 1 10 12 1 10 12 10 7 12 1 1 1 10 7 12 1 1 1 10 12 1 10 7 12 1 1 1 10 12 1 1 10 12 10 12 1 10 12 1 10 12 1 10 12 1 7 1 10 12 1 1 1 1 3 1 3 1 1 1 1 1 1 1 1 1 1 1 1 1 1 1 1 7 1 1 1 1 1 1 100 1 1 1 1 1 1 1 1
instanceKlass org/codehaus/plexus/util/xml/XmlStreamWriter
instanceKlass com/google/gson/internal/Streams$AppendableWriter
instanceKlass com/sun/org/apache/xml/internal/serializer/WriterToASCI
instanceKlass com/sun/org/apache/xml/internal/serializer/WriterToUTF8Buffered
instanceKlass org/apache/commons/lang3/text/StrBuilder$StrBuilderWriter
instanceKlass java/io/PrintWriter
instanceKlass java/io/StringWriter
instanceKlass java/io/BufferedWriter
instanceKlass sun/nio/cs/StreamEncoder
instanceKlass java/io/OutputStreamWriter
ciInstanceKlass java/io/Writer 1 1 151 100 1 10 12 1 1 10 7 1 9 7 12 1 1 1 10 12 1 1 7 1 7 1 100 1 10 7 12 1 1 1 100 1 10 10 12 10 12 1 1 10 12 1 9 12 1 1 10 12 1 1 10 7 12 1 1 1 10 12 1 10 12 10 12 1 1 10 12 1 1 10 12 1 8 1 11 7 12 1 1 1 10 12 1 1 10 12 10 12 1 10 12 1 7 1 7 1 7 1 1 1 1 3 1 1 1 1 1 1 1 1 1 1 1 1 1 1 7 1 1 1 1 1 7 1 1 100 1 1 1 1 1 1 1 100 1 1 1 1 1 1 1 1 1 1 1 1 1 1 1
ciMethod java/io/Writer write (Ljava/lang/String;)V 436 0 218 0 -1
ciMethod java/io/BufferedWriter flushBuffer ()V 38 0 19 0 -1
instanceKlass java/io/FileWriter
ciInstanceKlass java/io/OutputStreamWriter 1 1 167 10 7 12 1 1 1 7 1 100 1 10 7 12 1 1 1 10 7 12 1 1 1 100 1 8 1 10 12 1 10 12 1 1 10 7 12 1 1 1 9 12 1 1 7 1 10 12 1 1 10 100 12 1 1 10 12 1 8 8 1 10 12 1 10 12 1 1 10 12 1 1 10 12 1 1 10 12 1 10 12 1 8 1 11 7 12 1 1 1 10 12 1 1 100 1 10 12 1 10 7 12 1 1 1 10 12 10 12 1 10 12 1 10 12 1 1 1 1 1 1 1 1 1 1 1 7 1 1 1 1 1 1 100 1 1 100 1 1 1 1 1 1 1 1 1 1 100 1 100 1 1 1 1 1 1 1 1 1 1 1 1 1 1 1 1 1
ciMethod java/io/OutputStreamWriter flushBuffer ()V 0 0 1 0 -1
ciInstanceKlass java/util/function/BiFunction 1 1 65 10 100 12 1 1 1 18 12 1 1 11 7 12 1 1 11 100 12 1 7 1 1 1 1 1 1 1 1 1 1 1 1 1 1 1 1 1 1 1 1 1 1 1 1 1 1 1 16 15 11 12 15 10 100 12 1 1 1 1 100 1 100 1 1
instanceKlass jdk/internal/module/ModuleReferenceImpl
ciInstanceKlass java/lang/module/ModuleReference 1 1 48 10 7 12 1 1 1 10 7 12 1 1 1 7 1 9 7 12 1 1 1 9 12 1 1 10 7 12 1 1 1 1 1 1 1 1 1 1 1 1 1 1 1 1 100 1 1 1
ciInstanceKlass jdk/internal/loader/URLClassPath 1 1 495 10 7 12 1 1 1 7 1 10 9 7 12 1 1 1 7 1 10 9 12 1 1 9 12 1 1 10 12 1 7 1 10 10 12 1 1 10 9 12 1 9 12 1 1 8 1 11 100 12 1 1 1 9 12 1 1 9 12 1 9 12 1 1 10 12 1 9 7 12 1 1 1 10 7 12 1 1 1 10 12 1 1 10 12 1 10 12 1 1 10 12 1 1 10 12 1 1 10 12 1 1 7 1 7 1 10 10 100 12 1 1 1 10 12 1 1 11 7 12 1 1 11 12 1 1 7 1 10 12 1 100 1 11 7 1 10 12 1 10 12 1 1 10 12 1 1 10 12 1 10 12 1 1 10 7 12 1 1 1 10 12 1 1 100 1 10 12 1 1 10 12 1 1 9 12 1 9 7 12 1 1 1 7 1 10 8 1 10 12 1 1 8 1 10 12 1 1 10 100 12 1 1 10 12 1 1 7 1 10 12 1 10 100 1 10 10 12 1 1 10 12 1 10 7 12 1 1 1 10 12 1 10 12 1 10 12 1 1 10 12 1 1 100 1 8 1 10 12 1 8 1 10 12 1 1 7 1 10 12 1 10 7 12 1 1 1 100 1 10 12 1 1 9 12 1 1 11 100 12 1 1 1 10 12 1 10 12 1 7 1 10 12 1 1 10 12 1 1 10 100 12 1 1 1 10 7 12 1 1 1 100 1 10 100 12 1 1 8 1 10 12 1 10 12 1 10 12 1 100 1 8 1 100 1 10 12 1 1 10 12 1 10 12 1 10 12 1 1 10 7 12 1 1 1 8 1 10 7 12 1 1 1 9 12 1 8 1 8 1 8 1 10 12 1 9 12 1 8 1 8 1 9 12 1 8 1 9 12 1 10 7 12 1 1 1 1 1 8 1 1 1 1 1 1 1 1 1 1 1 1 1 1 1 1 1 1 7 1 1 1 1 1 1 1 1 1 1 1 1 1 1 1 1 1 1 7 1 1 1 1 1 1 1 1 1 1 1 1 1 1 1 1 1 1 1 1 1 1 1 1 1 1 1 1 1 1 1 1 1 1 1 1 1 1 1 1 1 1 100 1 100 1 100 1 100 1 100 1 100 1 1 1 1 1
staticfield jdk/internal/loader/URLClassPath JAVA_VERSION Ljava/lang/String; "21.0.11"
staticfield jdk/internal/loader/URLClassPath DEBUG Z 0
staticfield jdk/internal/loader/URLClassPath DISABLE_JAR_CHECKING Z 0
staticfield jdk/internal/loader/URLClassPath DISABLE_ACC_CHECKING Z 0
staticfield jdk/internal/loader/URLClassPath DISABLE_CP_URL_CHECK Z 0
staticfield jdk/internal/loader/URLClassPath DEBUG_CP_URL_CHECK Z 0
staticfield jdk/internal/loader/URLClassPath JNUA Ljdk/internal/access/JavaNetURLAccess; java/net/URL$3
ciInstanceKlass jdk/internal/loader/BuiltinClassLoader$LoadedModule 1 1 95 10 7 12 1 1 1 10 7 12 1 1 1 10 7 12 1 1 1 7 1 9 7 12 1 1 1 8 1 10 12 1 1 10 7 12 1 1 1 10 12 1 1 9 12 1 1 9 12 1 1 9 12 1 1 10 12 1 1 10 7 12 1 1 10 12 1 1 100 1 100 1 1 1 1 1 1 1 1 1 1 1 7 1 7 1 1 1 7 1 1 1 1 1 1
ciMethod jdk/internal/loader/BuiltinClassLoader$LoadedModule loader ()Ljdk/internal/loader/BuiltinClassLoader; 256 0 128 0 0
ciMethod jdk/internal/loader/BuiltinClassLoader$LoadedModule mref ()Ljava/lang/module/ModuleReference; 92 0 46 0 -1
ciMethod jdk/internal/loader/BuiltinClassLoader$LoadedModule codeSourceURL ()Ljava/net/URL; 92 0 46 0 -1
ciInstanceKlass java/lang/module/ModuleReader 1 1 107 11 100 12 1 1 1 10 100 12 1 1 1 10 12 1 1 100 1 10 12 1 1 10 100 12 1 1 1 10 12 1 1 10 12 1 1 11 12 1 100 1 10 12 1 1 10 100 12 1 1 1 10 12 1 1 100 1 10 12 1 1 10 100 12 1 1 1 100 1 100 1 1 100 1 1 1 1 1 1 1 1 1 1 1 1 1 1 1 1 1 1 1 1 1 100 1 1 1 1 1 1 1 1 1 1 1
ciMethod java/lang/module/ModuleReader read (Ljava/lang/String;)Ljava/util/Optional; 0 0 1 0 -1
ciMethod java/lang/module/ModuleReader release (Ljava/nio/ByteBuffer;)V 0 0 1 0 -1
instanceKlass sun/net/www/protocol/jrt/JavaRuntimeURLConnection$1
instanceKlass jdk/internal/loader/URLClassPath$JarLoader$2
ciInstanceKlass jdk/internal/loader/Resource 1 1 117 10 7 12 1 1 1 9 7 12 1 1 1 10 12 1 1 10 12 1 10 7 12 1 1 1 10 12 1 1 100 1 7 1 3 10 7 12 1 1 1 10 7 12 1 1 1 10 7 12 1 1 1 100 1 8 1 10 12 1 10 12 1 100 1 10 12 1 1 10 12 1 7 1 11 12 1 1 1 1 1 1 1 1 1 1 1 1 1 1 1 1 1 1 1 1 1 1 1 1 1 1 1 1 100 7 1 1 1 1 1 1 1 1 1 1 1
ciMethod jdk/internal/loader/Resource getByteBuffer ()Ljava/nio/ByteBuffer; 536 0 591 0 -1
ciMethod jdk/internal/loader/Resource getCodeSourceURL ()Ljava/net/URL; 0 0 1 0 -1
ciInstanceKlass jdk/internal/loader/ClassLoaders$BootClassLoader 1 1 42 10 7 12 1 1 1 9 7 12 1 1 1 11 7 12 1 1 1 100 1 1 1 1 1 1 1 1 1 1 1 1 1 1 1 1 1 1 1 1 1 1
ciMethod jdk/internal/loader/ClassLoaders$BootClassLoader loadClassOrNull (Ljava/lang/String;Z)Ljava/lang/Class; 768 0 3216 0 0
instanceKlass java/util/concurrent/ConcurrentHashMap$ForwardingNode
instanceKlass java/util/concurrent/ConcurrentHashMap$ReservationNode
ciInstanceKlass java/util/concurrent/ConcurrentHashMap$Node 1 1 97 10 7 12 1 1 1 9 7 12 1 1 1 9 12 1 1 9 12 1 10 12 1 9 12 1 1 10 12 1 1 10 100 12 1 1 1 100 1 10 100 1 11 12 1 1 11 12 1 10 12 1 1 1 1 1 1 1 1 1 1 1 1 1 1 1 1 1 1 1 1 1 1 1 1 1 1 1 1 1 1 1 1 1 1 1 1 1 1 1 100 1 1 1 100 1 1
ciMethod java/util/concurrent/ConcurrentHashMap$Node find (ILjava/lang/Object;)Ljava/util/concurrent/ConcurrentHashMap$Node; 0 0 1 0 -1
ciMethod java/util/concurrent/ConcurrentHashMap$Node <init> (ILjava/lang/Object;Ljava/lang/Object;)V 768 0 20966 0 -1
ciInstanceKlass java/util/concurrent/ConcurrentHashMap$ReservationNode 1 1 34 100 1 10 7 12 1 1 1 100 1 1 1 1 1 1 1 1 1 1 1 1 1 1 1 1 1 1 1 1 1 1 1 1
ciInstanceKlass java/util/concurrent/ConcurrentHashMap$ForwardingNode 1 1 71 100 1 10 7 12 1 1 1 9 7 12 1 1 1 10 12 1 1 9 12 1 1 9 12 1 1 10 100 12 1 1 1 10 12 1 1 9 12 1 1 1 1 1 1 1 1 1 1 1 1 1 1 1 1 1 1 1 1 1 1 1 100 1 1 1 1 1 1 1 1
instanceKlass java/util/ArrayList$ListItr
ciInstanceKlass java/util/ArrayList$Itr 1 1 104 9 7 12 1 1 1 10 7 12 1 1 1 9 12 1 1 9 7 12 1 1 9 12 1 9 12 1 9 12 1 10 12 1 100 1 10 9 12 1 1 100 1 10 100 1 10 10 12 1 1 100 1 10 100 12 1 1 1 10 12 1 1 11 100 12 1 1 1 100 1 1 1 1 1 1 1 1 1 1 1 1 1 1 1 1 100 1 1 1 1 1 1 1 1 1 1 1 1 1 1 1 1 1
ciInstanceKlass java/util/ArrayList$SubList 1 1 270 10 7 12 1 1 1 9 7 12 1 1 1 9 12 1 1 9 12 1 1 9 12 1 9 7 12 1 1 9 10 7 12 1 1 1 10 12 1 10 12 1 1 9 12 1 10 12 1 1 10 12 1 1 10 12 1 10 12 1 10 12 1 1 10 12 1 1 11 7 12 1 1 10 10 12 1 1 10 12 1 1 9 10 12 1 10 12 1 1 10 7 12 1 1 1 10 7 12 1 1 1 10 12 1 10 7 12 1 1 1 7 1 10 12 1 1 10 12 1 10 12 1 1 10 12 1 10 12 1 1 10 12 1 1 7 1 10 12 1 10 12 1 1 10 12 1 100 1 10 12 1 1 10 12 1 7 1 10 8 1 10 12 1 1 10 12 1 8 1 10 12 1 1 100 1 10 100 1 10 12 1 7 1 1 1 1 1 1 1 1 1 1 1 1 1 1 1 1 1 1 1 1 1 1 1 1 1 1 1 1 1 1 1 1 1 1 1 1 1 1 1 1 1 1 1 1 1 1 1 1 1 1 1 1 1 1 1 1 1 1 1 1 1 1 1 1 1 1 1 1 1 1 1 1 1 1 1 1 1 1 1 1 1 1 1 1 1 1 1
instanceKlass java/util/LinkedHashMap$Entry
ciInstanceKlass java/util/HashMap$Node 1 1 95 10 7 12 1 1 1 9 7 12 1 1 1 9 12 1 1 9 12 1 9 12 1 1 7 1 10 10 12 1 1 8 1 10 12 1 10 12 1 1 10 100 12 1 1 1 7 1 11 12 1 1 10 12 1 1 11 12 1 1 1 1 1 1 1 1 1 1 1 1 1 1 1 1 1 1 1 1 1 1 1 1 1 1 1 1 1 1 100 1 1 1 7 1 1
ciInstanceKlass java/util/HashMap$TreeNode 0 0 250 100 1 10 100 12 1 1 1 9 100 12 1 1 1 9 12 1 1 9 12 1 9 12 1 1 9 12 1 1 10 12 1 1 100 1 10 12 1 9 12 1 9 12 1 9 12 1 1 10 100 12 1 1 1 10 12 1 1 10 12 1 1 10 12 1 1 10 12 1 1 10 12 1 1 10 100 12 1 1 1 10 100 12 1 1 1 10 100 12 1 1 1 9 12 1 10 12 1 1 10 12 1 1 10 12 1 1 10 12 1 1 9 100 1 10 12 1 1 10 12 1 1 10 12 1 10 12 1 1 10 12 1 10 12 1 10 12 1 1 1 1 1 1 1 1 1 1 1 1 1 1 1 1 1 1 1 1 1 1 1 1 1 1 100 1 1 1 1 1 1 1 1 1 1 1 1 1 1 1 1 1 1 1 1 1 1 1 1 1 1 1 1 1 1 1 1 1 1 1 1 1 1 1 1 1 1 1 1 1 1 1 1 1 1 1 1 1 1 1 1 1 1 1 1 1 1 1 1 1 1 1 1 1 1 1 1 1 1 1 1 1 1 1 1 100 1 1 1 1
instanceKlass java/util/HashMap$TreeNode
ciInstanceKlass java/util/LinkedHashMap$Entry 1 1 41 10 7 12 1 1 1 100 1 1 1 1 1 1 1 1 1 1 1 1 1 1 1 1 1 1 1 1 1 1 1 1 1 1 100 1 1 100 1 1 1
ciMethod java/util/HashMap$TreeNode getTreeNode (ILjava/lang/Object;)Ljava/util/HashMap$TreeNode; 0 0 1 0 -1
ciInstanceKlass java/util/HashMap$KeySet 1 1 129 9 7 12 1 1 1 10 7 12 1 1 1 9 7 12 1 1 1 10 12 1 7 1 10 12 1 10 12 1 1 10 12 1 1 10 12 1 1 100 1 10 12 1 100 1 10 12 1 1 10 12 1 100 1 10 9 12 1 1 9 12 1 9 100 12 1 1 1 11 100 12 1 1 1 9 12 1 1 100 1 10 1 1 1 1 1 1 1 1 1 1 1 1 1 1 1 1 1 1 1 1 1 1 1 1 1 1 1 1 1 1 1 1 1 1 1 1 100 1 1 1 1 1 1 1 1 1 1
ciMethod java/util/HashMap$KeySet iterator ()Ljava/util/Iterator; 1024 0 13740 0 0
ciMethod java/util/HashMap$KeySet <init> (Ljava/util/HashMap;)V 292 0 182 0 0
instanceKlass java/util/HashMap$ValueIterator
instanceKlass java/util/HashMap$KeyIterator
instanceKlass java/util/HashMap$EntryIterator
ciInstanceKlass java/util/HashMap$HashIterator 1 1 91 9 7 12 1 1 1 10 7 12 1 1 1 9 7 12 1 1 1 9 12 1 9 12 1 1 9 12 1 1 9 12 1 9 12 1 9 12 1 100 1 10 100 1 10 9 7 1 100 1 10 9 12 1 9 12 1 1 10 12 1 1 1 1 1 1 1 1 1 1 1 1 1 1 1 100 1 1 1 1 1 1 1 1 1 1 1 1 1 1 1
ciMethod java/util/HashMap$HashIterator <init> (Ljava/util/HashMap;)V 1024 1998 9329 0 0
ciMethod java/util/HashMap$HashIterator hasNext ()Z 1024 0 6878 0 88
ciMethod java/util/HashMap$HashIterator nextNode ()Ljava/util/HashMap$Node; 1024 1482 3641 0 528
ciInstanceKlass java/util/HashMap$KeyIterator 1 1 45 10 7 12 1 1 1 10 7 12 1 1 1 9 7 12 1 1 1 100 1 1 1 1 1 1 1 1 1 1 1 1 1 1 1 1 1 1 1 100 1 1 1 1 1
ciMethod java/util/HashMap$KeyIterator <init> (Ljava/util/HashMap;)V 1024 0 13740 0 0
ciMethod java/util/HashMap$KeyIterator next ()Ljava/lang/Object; 1024 0 10054 0 536
ciInstanceKlass jdk/internal/util/Preconditions$4 1 1 61 9 7 12 1 1 1 10 7 12 1 1 1 10 100 12 1 1 1 11 100 12 1 1 1 100 1 100 1 100 1 10 12 1 100 1 1 1 1 1 1 1 1 1 1 1 1 1 1 1 1 1 1 1 1 1 12 1 1 1 1
ciInstanceKlass java/util/Arrays$ArrayList 1 1 149 10 7 12 1 1 1 10 7 12 1 1 1 7 1 9 7 12 1 1 10 7 12 1 1 1 10 12 1 1 10 7 12 1 1 1 10 100 12 1 1 1 10 12 1 1 10 12 1 1 100 1 10 100 12 1 1 1 11 100 12 1 1 1 11 100 12 1 1 10 12 1 1 7 1 10 12 1 100 1 100 1 1 1 1 5 0 1 1 1 1 1 1 1 1 1 1 1 1 1 1 1 1 1 1 1 1 1 1 1 1 1 1 1 1 1 1 1 1 1 1 1 1 1 1 1 1 1 1 1 1 1 1 1 1 1 1 1 1 1 1 1 1 1 1 1 1 1 1
ciInstanceKlass java/nio/HeapByteBuffer 1 1 360 10 7 12 1 1 1 9 7 12 1 1 1 9 12 1 9 12 1 10 12 1 1 10 12 1 9 12 1 1 9 12 1 1 9 12 1 1 10 12 1 10 7 12 1 1 1 10 12 1 10 12 1 100 1 10 10 12 1 10 12 1 1 10 12 1 10 12 1 1 100 1 10 12 10 7 12 1 1 1 10 12 1 10 12 1 100 1 10 10 12 1 1 10 12 1 9 12 1 1 100 1 10 10 12 10 12 1 9 12 1 1 10 12 1 1 10 12 10 12 1 1 9 12 1 10 7 12 1 1 1 10 12 1 10 12 10 12 1 1 100 1 10 12 1 7 1 10 10 12 1 1 10 12 1 1 100 1 10 100 1 10 10 12 1 1 10 12 1 1 100 1 10 7 1 10 10 12 1 1 10 12 1 1 100 1 10 100 1 10 10 100 12 1 1 1 10 12 1 1 100 1 10 100 1 10 10 100 12 1 1 1 10 12 1 1 100 1 10 100 1 10 10 12 1 1 10 12 1 1 10 12 10 7 12 1 1 1 9 12 1 1 7 10 7 12 1 1 1 10 12 1 1 1 1 1 1 1 1 1 1 1 1 1 1 1 1 1 1 1 1 1 1 1 1 1 1 1 1 1 1 1 1 1 1 1 1 1 1 1 1 1 1 1 1 1 1 1 1 1 1 1 100 1 1 1 1 1 1 1 1 1 1 100 1 1 1 1 1 100 1 1 1 1 1 1 1 1 1 100 1 1 1 1 1 1 1 1 1 1 100 1 1 1 1 1 1 1 1 1 1 100 1 1 1 1 1 1 1 1
staticfield java/nio/HeapByteBuffer ARRAY_BASE_OFFSET J 16
staticfield java/nio/HeapByteBuffer ARRAY_INDEX_SCALE J 1
staticfield java/nio/HeapByteBuffer $assertionsDisabled Z 1
instanceKlass java/util/Collections$UnmodifiableList
instanceKlass java/util/Collections$UnmodifiableSet
ciInstanceKlass java/util/Collections$UnmodifiableCollection 1 1 136 10 7 12 1 1 1 100 1 10 9 7 12 1 1 1 11 7 12 1 1 1 11 12 1 1 11 12 1 1 11 12 1 1 11 12 1 11 12 1 11 12 1 1 7 1 10 12 1 100 1 10 11 12 1 1 11 12 1 1 11 12 1 1 11 12 1 1 11 12 1 100 1 1 1 1 5 0 1 1 1 1 1 1 1 1 1 1 1 1 1 1 1 1 1 1 1 1 1 1 1 1 1 1 1 1 1 1 1 1 1 1 1 1 1 1 1 1 1 1 1 1 1 1 1 1 1 1 1 1 1 1 100 1 1 1
ciMethod java/util/Collections$UnmodifiableCollection iterator ()Ljava/util/Iterator; 9290 0 15304 0 1640
ciMethod java/util/Collections$UnmodifiableCollection contains (Ljava/lang/Object;)Z 4996 0 8259 0 1536
instanceKlass java/util/Collections$UnmodifiableSortedSet
instanceKlass java/util/Collections$UnmodifiableMap$UnmodifiableEntrySet
ciInstanceKlass java/util/Collections$UnmodifiableSet 1 1 57 10 7 12 1 1 1 9 100 12 1 1 1 11 100 12 1 1 1 11 12 1 1 100 1 100 1 1 1 1 5 0 1 1 1 1 1 1 1 1 1 1 1 1 1 1 1 1 1 1 1 1 100 1 1 1 1
instanceKlass java/util/Collections$UnmodifiableRandomAccessList
ciInstanceKlass java/util/Collections$UnmodifiableList 1 1 127 10 7 12 1 1 1 9 7 12 1 1 1 11 7 12 1 1 1 11 12 1 1 11 12 1 1 100 1 10 12 1 11 12 1 1 11 12 1 10 12 1 1 100 1 10 12 1 11 12 1 1 10 12 1 100 1 100 1 10 1 1 1 5 0 1 1 1 1 1 1 1 1 1 1 1 1 1 1 1 1 1 1 1 1 1 1 1 1 1 1 1 1 1 1 1 1 1 1 1 1 1 1 1 1 1 1 1 1 1 1 1 1 1 1 100 1 1 1 1 1 100 1 1 1 1 1
ciInstanceKlass java/util/Collections$UnmodifiableRandomAccessList 1 1 52 10 7 12 1 1 1 7 1 9 12 1 1 11 7 12 1 1 1 10 100 1 1 1 1 5 0 1 1 1 1 1 1 1 1 1 1 1 1 1 1 1 1 1 1 1 1 100 1 1 1 1
ciInstanceKlass java/util/Collections$UnmodifiableMap 1 1 175 10 7 12 1 1 1 100 1 10 9 7 12 1 1 1 11 7 12 1 1 1 11 12 1 1 11 12 1 1 11 12 1 11 12 1 1 100 1 10 9 12 1 1 11 12 1 10 7 12 1 1 1 9 12 1 7 1 11 12 10 12 1 9 12 1 1 11 12 1 10 12 1 1 11 12 1 11 12 1 11 12 1 1 11 12 1 1 11 12 1 1 100 1 1 1 1 5 0 1 1 1 1 1 1 1 1 1 1 1 1 1 1 1 1 1 1 1 1 1 1 1 1 1 1 1 1 1 1 1 1 1 1 1 1 1 1 1 1 1 1 1 1 1 1 1 1 1 1 1 1 1 1 1 1 1 1 1 1 1 1 1 1 1 1 1 1 1 1 1 1 1 100 1 1
ciInstanceKlass java/util/Collections$EmptyIterator 1 1 57 10 7 12 1 1 1 100 1 10 100 1 10 10 100 12 1 1 1 7 1 10 9 12 1 1 100 1 1 1 1 1 1 1 1 1 1 1 1 1 1 1 1 1 1 1 1 1 1 1 1 1 1 100 1 1 1
staticfield java/util/Collections$EmptyIterator EMPTY_ITERATOR Ljava/util/Collections$EmptyIterator; java/util/Collections$EmptyIterator
ciMethod java/util/Collections$EmptyIterator hasNext ()Z 258 0 129 0 0
ciInstanceKlass java/util/Collections$EmptyList 1 1 150 10 7 12 1 1 1 10 7 12 1 1 1 10 12 1 1 11 7 12 1 1 1 7 1 100 1 7 1 10 8 1 10 12 1 1 10 12 1 10 12 1 1 10 12 1 7 1 11 10 100 12 1 1 1 10 100 12 1 1 1 9 12 1 1 7 1 7 1 7 1 1 1 1 5 0 1 1 1 1 1 1 1 1 1 1 1 1 1 1 1 1 1 1 1 1 1 1 1 1 1 1 1 1 1 1 1 1 1 1 1 1 1 1 1 1 1 1 1 1 1 1 1 1 1 1 1 1 1 1 1 1 1 1 1 1 1 1 1 1 1 1 1 1 1 1 1 1 1 1
ciMethod java/util/Collections$EmptyList iterator ()Ljava/util/Iterator; 512 0 5377 0 88
ciInstanceKlass java/util/Collections$EmptyMap 1 1 125 10 7 12 1 1 1 10 7 12 1 1 1 100 1 11 12 1 1 10 100 12 1 1 1 100 1 10 9 12 1 1 100 1 100 1 1 1 1 5 0 1 1 1 1 1 1 1 1 1 1 1 1 1 1 1 1 1 1 1 1 1 1 1 1 1 1 1 1 1 1 1 1 1 1 1 1 1 1 1 1 1 1 1 1 1 1 1 1 1 1 1 1 1 1 1 1 1 1 1 1 1 1 1 1 1 1 1 1 1 1 1 1 1 1 1 1 1 1 1 1 1 100 1 1
ciInstanceKlass java/util/Collections$UnmodifiableCollection$1 1 1 71 9 7 12 1 1 1 10 7 12 1 1 1 9 7 12 1 1 1 11 7 12 1 1 1 9 12 1 1 11 7 12 1 1 1 11 12 1 1 100 1 10 11 12 1 1 1 1 1 1 1 1 1 1 1 1 1 1 1 1 1 1 1 1 1 1 1 100 1 1 1
ciMethod java/util/Collections$UnmodifiableCollection$1 hasNext ()Z 512 0 8084 0 152
ciMethod java/util/Collections$UnmodifiableCollection$1 next ()Ljava/lang/Object; 13190 0 18142 0 608
ciMethod java/util/Collections$UnmodifiableCollection$1 <init> (Ljava/util/Collections$UnmodifiableCollection;)V 528 0 10923 0 0
ciInstanceKlass jdk/internal/module/SystemModuleFinders$SystemModuleReader 1 1 252 10 7 12 1 1 1 10 100 12 1 1 1 10 7 12 1 1 1 10 100 12 1 1 1 10 7 12 1 1 1 100 1 100 1 10 12 1 1 10 7 12 1 1 10 7 12 1 1 1 9 12 1 1 10 7 12 1 1 1 9 12 1 1 8 1 10 12 1 10 7 12 1 1 1 10 7 12 1 1 1 10 12 1 1 10 12 1 1 9 7 12 1 1 1 8 1 7 1 10 8 1 10 12 1 1 10 12 1 1 11 7 12 1 1 1 10 7 12 1 1 1 10 12 1 1 10 12 1 1 18 12 1 1 10 12 1 1 10 7 12 1 1 1 10 12 1 1 7 1 10 12 1 10 12 1 1 10 12 1 1 10 12 1 1 10 12 1 100 1 10 10 100 12 1 1 1 7 1 1 1 1 1 1 1 1 1 1 1 1 1 1 1 1 1 1 1 1 1 1 1 1 1 1 1 1 1 1 1 1 1 1 7 1 1 1 100 1 1 1 1 1 1 1 1 1 1 1 1 1 1 16 15 10 12 16 15 10 7 12 1 1 1 1 1 1 1 100 1 100 1 1
instanceKlass java/util/LinkedHashMap$LinkedValueIterator
instanceKlass java/util/LinkedHashMap$LinkedEntryIterator
instanceKlass java/util/LinkedHashMap$LinkedKeyIterator
ciInstanceKlass java/util/LinkedHashMap$LinkedHashIterator 1 1 100 9 7 12 1 1 1 10 7 12 1 1 1 9 12 1 1 9 7 12 1 1 1 9 12 1 9 12 1 9 12 1 1 9 12 1 9 12 1 100 1 10 100 1 10 9 7 12 1 1 9 12 1 100 1 10 9 100 12 1 1 9 12 1 1 10 12 1 1 1 1 1 1 1 1 1 1 1 1 1 1 1 1 1 1 1 1 1 1 1 1 1 1 1 1 1 1 100 1 1
ciMethod java/util/LinkedHashMap$LinkedHashIterator <init> (Ljava/util/LinkedHashMap;Z)V 1024 0 4337 0 0
ciInstanceKlass java/util/concurrent/ThreadFactory 1 0 9 100 1 100 1 1 1 1 1
ciInstanceKlass java/util/zip/ZipFile$Source$Key 1 1 84 10 7 12 1 1 1 9 7 12 1 1 1 9 12 1 1 10 7 12 1 1 1 9 12 1 1 100 1 5 0 11 7 12 1 1 1 10 7 12 1 1 1 10 7 12 1 1 1 10 12 1 1 11 12 1 1 10 10 1 1 1 1 1 1 1 1 1 1 1 1 1 1 1 1 1 1 100 1 1 100 1 1 1
ciInstanceKlass jdk/internal/util/StrongReferenceKey 1 1 82 10 7 12 1 1 1 9 7 12 1 1 1 7 1 11 12 1 1 10 10 7 12 1 1 1 10 12 1 1 7 1 10 10 12 1 1 10 7 12 1 1 1 10 12 1 1 8 1 10 7 12 1 1 1 10 12 1 10 12 1 1 1 1 1 1 1 1 1 1 1 1 1 1 1 1 1 1 1 1 1 1
ciInstanceKlass jdk/internal/util/WeakReferenceKey 1 1 92 10 7 12 1 1 1 10 7 12 1 1 1 9 7 12 1 1 1 10 12 1 1 7 1 11 12 1 1 10 10 12 1 1 7 1 10 12 10 7 12 1 1 1 10 7 12 1 1 1 10 12 1 1 8 1 10 7 12 1 1 10 12 1 10 12 1 1 1 1 1 1 1 1 1 1 1 1 1 1 1 1 1 1 1 1 1 1 1 1 1 1
ciInstanceKlass  @bci java/security/Security <clinit> ()V 9 <appendix> argL0 ; 1 1 20 1 7 1 7 1 100 1 1 12 10 1 1 1 7 1 12 10 1 1
ciMethod java/util/Set add (Ljava/lang/Object;)Z 0 0 1 0 -1
ciMethod java/util/HashSet <init> (I)V 1066 0 533 0 -1
ciMethod java/util/AbstractSet <init> ()V 770 0 15980 0 80
ciMethod java/util/Collections emptyIterator ()Ljava/util/Iterator; 512 0 5892 0 0
ciMethod java/util/Collections emptyList ()Ljava/util/List; 5016 0 5820 0 -1
ciMethod java/util/HashMap getNode (Ljava/lang/Object;)Ljava/util/HashMap$Node; 1024 40 12859 0 704
ciMethod java/util/HashMap putVal (ILjava/lang/Object;Ljava/lang/Object;ZZ)Ljava/lang/Object; 4156 264 12361 0 -1
ciMethod java/util/HashMap hash (Ljava/lang/Object;)I 516 0 64078 0 0
ciMethod java/util/concurrent/ConcurrentHashMap addCount (JI)V 534 0 7489 0 -1
ciMethod java/util/concurrent/ConcurrentHashMap treeifyBin ([Ljava/util/concurrent/ConcurrentHashMap$Node;I)V 0 0 1 0 -1
ciMethod java/util/concurrent/ConcurrentHashMap helpTransfer ([Ljava/util/concurrent/ConcurrentHashMap$Node;Ljava/util/concurrent/ConcurrentHashMap$Node;)[Ljava/util/concurrent/ConcurrentHashMap$Node; 0 0 1 0 -1
ciMethod java/util/concurrent/ConcurrentHashMap casTabAt ([Ljava/util/concurrent/ConcurrentHashMap$Node;ILjava/util/concurrent/ConcurrentHashMap$Node;Ljava/util/concurrent/ConcurrentHashMap$Node;)Z 514 0 1281 0 -1
ciMethod java/util/concurrent/ConcurrentHashMap initTable ()[Ljava/util/concurrent/ConcurrentHashMap$Node; 22 0 514 0 -1
ciMethod java/util/concurrent/ConcurrentHashMap putVal (Ljava/lang/Object;Ljava/lang/Object;Z)Ljava/lang/Object; 652 20 24151 0 -1
ciMethod java/util/concurrent/ConcurrentHashMap tabAt ([Ljava/util/concurrent/ConcurrentHashMap$Node;I)Ljava/util/concurrent/ConcurrentHashMap$Node; 672 0 7716 0 88
ciMethod java/util/concurrent/ConcurrentHashMap spread (I)I 774 0 42163 0 96
ciMethod java/lang/ReflectiveOperationException <init> (Ljava/lang/String;Ljava/lang/Throwable;)V 594 0 580 0 -1
ciMethod java/util/Collection add (Ljava/lang/Object;)Z 0 0 1 0 -1
ciMethod java/util/Collection iterator ()Ljava/util/Iterator; 0 0 1 0 -1
ciMethod java/util/Collection contains (Ljava/lang/Object;)Z 0 0 1 0 -1
ciMethod jdk/internal/util/Preconditions outOfBoundsCheckFromToIndex (Ljava/util/function/BiFunction;III)Ljava/lang/RuntimeException; 0 0 1 0 -1
ciMethod jdk/internal/util/Preconditions checkFromToIndex (IIILjava/util/function/BiFunction;)I 512 0 26948 0 184
ciMethod jdk/internal/util/Preconditions checkIndex (IILjava/util/function/BiFunction;)I 874 0 5054 0 -1
ciMethod java/util/Arrays checkLength (II)V 526 0 75371 0 -1
ciMethod java/util/Arrays copyOfRangeByte ([BII)[B 526 0 75074 0 -1
ciMethod java/util/Arrays copyOfRange ([BII)[B 976 0 87692 0 1072
ciMethod jdk/internal/util/ArraysSupport mismatch ([BI[BII)I 602 134 6445 0 576
ciMethod jdk/internal/util/ArraysSupport vectorizedMismatch (Ljava/lang/Object;JLjava/lang/Object;JII)I 258 4052 678 0 -1
ciMethod jdk/internal/util/ArraysSupport vectorizedHashCode (Ljava/lang/Object;IIII)I 828 0 12455 0 -1
ciMethod java/lang/Math max (II)I 516 0 88477 0 -1
ciMethod java/lang/Math min (II)I 512 0 177321 0 -1
ciMethod jdk/internal/access/JavaLangAccess findBootstrapClassOrNull (Ljava/lang/String;)Ljava/lang/Class; 0 0 1 0 -1
ciMethod java/lang/Thread currentThread ()Ljava/lang/Thread; 0 0 1 0 -1
ciMethod java/lang/ClassLoader findLoadedClass0 (Ljava/lang/String;)Ljava/lang/Class; 256 0 128 0 -1
ciMethod java/lang/ClassLoader findBootstrapClass (Ljava/lang/String;)Ljava/lang/Class; 256 0 128 0 -1
ciMethod java/lang/ClassLoader checkName (Ljava/lang/String;)Z 512 0 5417 0 656
ciMethod java/lang/ClassLoader resolveClass (Ljava/lang/Class;)V 0 0 1 0 -1
ciMethod java/lang/ClassLoader findBootstrapClassOrNull (Ljava/lang/String;)Ljava/lang/Class; 512 0 3266 0 0
ciMethod java/lang/ClassLoader findLoadedClass (Ljava/lang/String;)Ljava/lang/Class; 512 0 14454 0 0
ciMethod java/lang/ClassLoader checkCreateClassLoader ()Ljava/lang/Void; 288 0 144 0 -1
ciMethod java/lang/ClassLoader <init> (Ljava/lang/Void;Ljava/lang/String;Ljava/lang/ClassLoader;)V 294 0 147 0 -1
ciMethod java/lang/ClassLoader <init> (Ljava/lang/ClassLoader;)V 284 0 142 0 -1
ciMethod jdk/internal/misc/Unsafe getReferenceAcquire (Ljava/lang/Object;J)Ljava/lang/Object; 724 0 7716 0 -1
ciMethod java/util/Iterator next ()Ljava/lang/Object; 0 0 1 0 -1
ciMethod java/util/Iterator hasNext ()Z 0 0 1 0 -1
ciMethod java/util/Set contains (Ljava/lang/Object;)Z 0 0 1 0 -1
ciMethod java/util/Set iterator ()Ljava/util/Iterator; 0 0 1 0 -1
ciMethod java/util/Set remove (Ljava/lang/Object;)Z 0 0 1 0 -1
ciMethod jdk/internal/misc/VM isModuleSystemInited ()Z 38 0 4961 0 0
ciMethod java/lang/String concat (Ljava/lang/String;)Ljava/lang/String; 512 0 20689 0 -1
ciMethod java/lang/String replace (CC)Ljava/lang/String; 770 0 7980 0 -1
ciMethod java/lang/String substring (II)Ljava/lang/String; 518 0 13656 0 1512
ciMethod java/lang/String lastIndexOf (II)I 146 0 62398 0 432
ciMethod java/lang/String lastIndexOf (I)I 144 0 74515 0 440
ciMethod java/lang/String startsWith (Ljava/lang/String;I)Z 552 0 5448 0 736
ciMethod java/lang/String startsWith (Ljava/lang/String;)Z 340 0 86031 0 984
ciMethod java/lang/String checkBoundsBeginEnd (III)V 522 0 19226 0 168
ciMethod java/lang/String isLatin1 ()Z 822 0 2054455 0 0
ciMethod java/lang/String coder ()B 830 0 1226041 0 88
ciMethod java/lang/String valueOf (Ljava/lang/Object;)Ljava/lang/String; 200 0 13608 0 -1
ciMethod java/lang/String indexOf (II)I 1014 0 8260 0 528
ciMethod java/lang/String indexOf (I)I 758 0 229403 0 488
ciMethod java/lang/String checkIndex (II)V 688 0 1924643 0 120
ciMethod java/lang/String <init> ([BB)V 784 0 67159 0 112
ciMethod java/lang/Exception <init> (Ljava/lang/String;Ljava/lang/Throwable;)V 594 0 582 0 -1
ciMethod java/io/PrintStream writeln (Ljava/lang/String;)V 0 0 1 0 -1
ciMethod java/io/PrintStream implWrite (Ljava/lang/String;)V 0 0 1 0 -1
ciMethod java/io/PrintStream ensureOpen ()V 4 0 2 0 -1
ciMethod java/io/PrintStream newLine ()V 0 0 1 0 -1
ciMethod java/io/PrintStream write (Ljava/lang/String;)V 0 0 1 0 -1
ciMethod java/lang/StringBuilder append (C)Ljava/lang/StringBuilder; 784 0 391256 0 -1
ciMethod java/lang/StringBuilder append (J)Ljava/lang/StringBuilder; 314 0 11042 0 -1
ciMethod java/lang/StringBuilder append (Ljava/lang/String;)Ljava/lang/StringBuilder; 14 0 328638 0 -1
ciMethod java/lang/StringBuilder append (Ljava/lang/Object;)Ljava/lang/StringBuilder; 4 0 11014 0 -1
ciMethod java/lang/StringBuilder <init> (Ljava/lang/String;)V 514 0 20433 0 -1
ciMethod java/lang/Class isAssignableFrom (Ljava/lang/Class;)Z 256 0 128 0 -1
ciMethod java/lang/Class getName ()Ljava/lang/String; 364 0 24096 0 -1
ciMethod java/util/Map put (Ljava/lang/Object;Ljava/lang/Object;)Ljava/lang/Object; 0 0 1 0 -1
ciMethod java/util/Map get (Ljava/lang/Object;)Ljava/lang/Object; 0 0 1 0 -1
ciMethod java/security/CodeSource <init> (Ljava/net/URL;[Ljava/security/CodeSigner;)V 536 0 637 0 -1
ciMethod java/security/AccessController isPrivileged ()Z 0 0 1 0 -1
ciMethod java/security/AccessController doPrivileged (Ljava/security/PrivilegedAction;)Ljava/lang/Object; 40 0 4455 0 0
ciMethod java/security/AccessController ensureMaterializedForStackWalk (Ljava/lang/Object;)V 258 0 129 0 -1
ciMethod java/security/AccessController executePrivileged (Ljava/security/PrivilegedAction;Ljava/security/AccessControlContext;Ljava/lang/Class;)Ljava/lang/Object; 40 0 4631 0 -1
ciMethod java/lang/Object getClass ()Ljava/lang/Class; 256 0 128 0 -1
ciMethod java/lang/Object <init> ()V 1024 0 991857 0 136
ciInstanceKlass lombok/launch/ShadowClassLoader 1 1 718 7 1 7 1 1 1 1 8 1 1 1 1 1 1 1 1 1 1 1 1 1 1 1 1 1 1 1 1 1 1 1 1 1 1 1 1 1 1 1 1 1 1 1 7 1 10 12 1 9 12 7 1 10 9 12 9 12 1 1 1 1 10 12 1 1 9 12 11 7 1 12 1 1 1 1 1 1 1 1 1 10 12 7 1 10 9 12 9 12 9 12 7 1 10 10 7 1 12 1 1 7 1 7 1 8 1 8 1 10 12 1 9 12 7 1 10 9 12 9 12 9 12 9 12 11 7 1 12 1 1 11 7 1 12 1 1 8 1 8 1 10 12 1 1 10 12 1 1 7 1 10 12 1 1 10 12 1 10 12 1 1 10 12 1 1 11 11 12 1 1 9 12 10 12 1 1 9 12 8 1 10 7 1 12 1 1 10 7 1 10 12 1 100 1 8 1 8 1 10 7 1 12 1 1 10 10 10 12 1 1 10 12 1 1 8 1 10 12 1 8 1 7 1 10 9 12 8 1 10 12 1 8 1 10 7 1 12 1 10 12 1 8 1 9 12 1 1 8 1 8 1 10 12 1 1 8 1 9 12 1 8 1 10 12 1 10 12 1 1 1 1 1 1 1 1 1 1 1 1 1 100 1 1 1 1 11 7 1 12 1 1 11 12 1 1 11 100 1 11 12 1 10 12 1 11 12 1 11 12 1 1 10 10 12 1 1 1 1 1 1 1 1 1 1 1 7 1 7 1 10 10 12 1 10 7 1 12 1 1 7 1 10 12 1 10 12 1 1 11 7 1 12 1 7 1 10 12 1 10 12 1 11 12 1 10 12 1 10 12 1 100 1 1 1 1 1 1 1 1 1 1 1 10 10 12 1 10 12 1 10 12 1 10 12 1 1 10 7 1 12 1 1 10 12 1 1 10 12 1 10 12 1 10 12 10 11 12 1 8 1 10 100 1 1 1 1 1 1 1 1 1 1 8 1 8 1 10 12 1 10 12 1 1 1 10 12 1 1 1 1 1 100 1 100 1 100 1 8 1 10 12 1 10 12 1 10 12 1 10 12 1 10 12 1 1 1 1 1 1 1 1 8 1 8 1 10 12 1 1 10 7 1 12 1 100 1 8 1 10 100 1 1 1 8 1 100 1 10 12 1 8 1 100 1 10 12 1 10 12 10 12 1 10 100 1 1 1 1 1 1 1 1 1 1 8 1 10 100 1 10 12 1 10 12 1 1 10 8 1 10 100 1 1 1 1 1 10 12 10 12 1 10 12 1 1 1 8 1 8 1 1 1 1 8 1 10 12 100 1 10 10 12 10 11 10 12 10 12 1 1 1 1 1 1 1 1 1 10 12 1 1 10 12 1 10 12 1 10 10 12 1 1 1 1 1 1 1 100 1 1 10 12 1 1 11 11 100 1 10 12 10 12 10 12 8 1 10 10 12 1 1 1 1 1 1 1 1 1 1 1 1 10 12 1 1 3 10 7 1 12 1 1 10 12 1 1 10 8 1 10 12 1 10 12 1 1 10 12 1 1 11 12 1 10 12 1 1 100 1 1 1 1 1 1 1 1 1 1 100 10 12 1 1 10 10 12 1 8 1 1 1 100 1 1 1 1 1
staticfield lombok/launch/ShadowClassLoader highlanderMap Ljava/util/concurrent/ConcurrentMap; java/util/concurrent/ConcurrentHashMap
staticfield lombok/launch/ShadowClassLoader mapTrackerToJarPath Ljava/util/Map; java/util/WeakHashMap
staticfield lombok/launch/ShadowClassLoader mapTrackerToJarContents Ljava/util/Map; java/util/WeakHashMap
ciInstanceKlass org/eclipse/equinox/launcher/Main$StartupClassLoader 1 1 103 7 1 7 1 1 1 1 1 1 9 12 10 12 1 1 1 1 1 1 1 1 1 1 1 9 100 1 12 1 1 10 12 10 100 1 12 1 11 100 1 12 1 1 11 100 1 12 1 1 100 1 100 1 10 12 1 10 12 1 1 10 12 1 1 11 12 1 1 1 1 1 1 1 1 1 1 10 12 1 1 1 1 10 12 1 1 1 1 1 1 10 12 1 100 1 1 1 1 1 1 1 1
ciInstanceKlass java/util/EventListener 1 0 7 100 1 100 1 1 1
ciInstanceKlass java/util/NoSuchElementException 0 0 34 10 100 12 1 1 1 10 12 1 10 12 1 10 12 1 100 1 1 1 1 5 0 1 1 1 1 1 1 1 1 1 1 1
ciInstanceKlass java/util/concurrent/atomic/AtomicBoolean 1 1 143 10 7 12 1 1 1 9 7 12 1 1 1 9 12 1 1 10 7 12 1 1 1 10 12 1 10 12 1 1 10 12 1 1 10 12 1 1 10 100 12 1 1 1 10 12 1 10 12 1 10 12 1 10 12 1 10 12 1 10 12 1 1 10 12 1 10 12 1 10 12 1 10 12 1 10 12 1 10 7 12 1 1 1 8 9 7 12 1 1 1 10 7 12 1 1 1 100 1 100 1 10 12 1 100 1 1 1 1 5 0 1 1 1 1 1 1 1 1 1 1 1 1 1 1 1 1 1 1 1 1 1 1 1 1 1 1 1 1 1 1 1 1
staticfield java/util/concurrent/atomic/AtomicBoolean VALUE Ljava/lang/invoke/VarHandle; java/lang/invoke/VarHandleInts$FieldInstanceReadWrite
instanceKlass org/apache/maven/repository/LocalRepositoryNotAccessibleException
instanceKlass org/eclipse/core/internal/content/LowLevelIOException
instanceKlass java/io/UTFDataFormatException
instanceKlass java/nio/channels/ClosedChannelException
instanceKlass com/google/gson/stream/MalformedJsonException
instanceKlass org/codehaus/plexus/util/xml/XmlReaderException
instanceKlass java/net/ProtocolException
instanceKlass java/net/UnknownHostException
instanceKlass java/net/SocketException
instanceKlass java/io/InterruptedIOException
instanceKlass java/io/ObjectStreamException
instanceKlass java/nio/file/FileSystemException
instanceKlass java/io/CharConversionException
instanceKlass java/io/EOFException
instanceKlass java/net/UnknownServiceException
instanceKlass java/io/SyncFailedException
instanceKlass java/util/zip/ZipException
instanceKlass java/io/UnsupportedEncodingException
instanceKlass java/io/FileNotFoundException
instanceKlass java/net/MalformedURLException
ciInstanceKlass java/io/IOException 1 1 34 10 7 12 1 1 1 10 12 1 10 12 1 10 12 1 100 1 1 1 1 5 0 1 1 1 1 1 1 1 1 1 1 1
ciInstanceKlass java/io/FileNotFoundException 1 1 49 10 7 12 1 1 1 10 12 1 7 1 10 10 12 1 1 8 1 8 1 8 1 10 12 1 1 100 1 1 1 1 5 0 1 1 1 1 1 1 1 1 1 1 1 100 1 1 1
ciInstanceKlass java/util/Arrays$ArrayItr 1 1 48 10 7 12 1 1 1 9 7 12 1 1 1 9 12 1 1 100 1 10 100 1 1 1 1 1 1 1 1 1 1 1 1 1 1 1 1 1 1 1 1 1 1 1 100 1 1 1
ciInstanceKlass java/lang/AssertionError 0 0 79 10 100 12 1 1 1 10 12 1 10 100 12 1 1 1 10 100 1 100 1 10 12 1 1 10 12 1 10 12 1 10 12 1 10 12 1 10 12 1 10 12 1 10 12 1 1 1 1 5 0 1 1 1 1 1 1 1 1 1 1 100 1 1 1 1 1 1 1 1 1 1 1 1 1 1 1 1 1
instanceKlass java/nio/channels/NonWritableChannelException
instanceKlass java/nio/file/ClosedDirectoryStreamException
instanceKlass java/nio/file/ClosedFileSystemException
instanceKlass org/eclipse/m2e/core/internal/project/registry/StaleMutableProjectRegistryException
instanceKlass java/util/concurrent/CancellationException
instanceKlass java/nio/channels/OverlappingFileLockException
ciInstanceKlass java/lang/IllegalStateException 1 0 35 10 100 12 1 1 1 10 12 1 10 12 1 10 12 1 100 1 1 1 1 5 0 1 1 1 1 1 1 1 1 1 1 1 1
ciInstanceKlass sun/security/jca/ProviderList$2 1 1 33 10 7 12 1 1 1 7 1 10 10 7 12 1 1 1 100 1 1 1 1 1 1 1 1 1 1 1 1 12 1 1 1
ciInstanceKlass java/security/Provider$UString 1 1 56 10 7 12 1 1 1 9 7 12 1 1 1 9 7 12 1 1 1 10 7 12 1 1 1 9 12 1 10 12 1 1 10 12 1 1 1 1 1 1 1 1 1 1 1 1 1 1 1 1 1 1 100 1 1 1
ciInstanceKlass java/util/LinkedHashMap$LinkedKeySet 1 1 177 9 7 12 1 1 1 10 7 12 1 1 1 9 12 1 1 9 7 12 1 1 1 10 12 1 7 1 10 12 1 10 12 1 1 10 100 12 1 1 1 10 12 1 1 100 1 10 100 12 1 1 1 100 1 10 12 1 1 10 12 1 1 100 1 10 9 12 1 9 12 1 1 9 100 12 1 1 1 11 100 12 1 1 1 9 12 1 9 12 1 9 12 1 100 1 10 100 1 10 10 12 1 1 9 100 1 9 12 10 12 1 1 10 10 12 100 1 1 1 1 1 1 1 1 1 1 1 1 1 1 1 1 1 1 1 1 1 1 1 1 1 1 1 1 1 1 1 1 1 1 1 1 1 1 1 1 1 1 1 1 1 1 1 1 1 1 1 1 1 1 1 1 1 1 1 1
ciInstanceKlass java/util/LinkedHashMap$LinkedKeyIterator 1 1 46 10 7 12 1 1 1 10 7 12 1 1 1 10 7 12 1 1 1 100 1 1 1 1 1 1 1 1 1 1 1 1 1 1 1 1 1 1 1 1 100 1 1 1 1 1
ciInstanceKlass java/security/CodeSigner 1 1 121 10 7 12 1 1 1 9 7 12 1 1 1 100 1 10 9 12 1 1 9 12 1 1 10 100 12 1 1 1 10 100 1 10 12 1 1 10 12 1 1 10 12 1 1 10 100 1 10 8 1 10 12 1 1 8 1 10 12 1 1 11 100 12 1 1 1 10 12 1 8 1 8 1 10 12 1 1 10 100 12 1 1 100 1 8 1 10 12 1 100 1 1 1 1 5 0 1 1 1 1 1 1 1 1 1 1 1 1 1 1 1 1 1 1 100 1 100 1 1 1
ciInstanceKlass org/osgi/framework/BundleListener 1 0 15 100 1 100 1 100 1 1 1 1 1 1 1 1 1
ciInstanceKlass org/osgi/framework/BundleException 1 1 76 7 1 7 1 1 1 1 5 0 1 1 1 3 1 3 1 3 1 3 1 3 1 3 1 3 1 3 1 3 1 3 1 3 1 3 1 3 1 1 1 10 12 1 1 1 1 1 1 1 1 1 1 10 12 1 10 12 9 12 10 12 1 1 10 12 1 10 1 1 10 12 1 1 1 1
ciInstanceKlass org/osgi/framework/Bundle 1 1 91 100 1 100 1 100 1 1 1 1 3 1 3 1 3 1 3 1 3 1 3 1 1 1 1 1 1 1 1 1 1 7 1 1 1 1 1 1 1 1 1 1 1 1 1 1 1 1 1 1 1 1 1 1 1 1 1 1 1 7 1 1 1 1 7 1 1 1 1 1 1 1 1 1 1 1 1 1 1 1 1 1 1 1 1 1 1 1 1 1 1
ciInstanceKlass org/osgi/framework/SynchronousBundleListener 1 0 13 100 1 100 1 100 1 1 1 1 1 1 1
ciInstanceKlass org/osgi/framework/BundleReference 1 0 11 100 1 100 1 1 1 1 1 1 1
ciInstanceKlass org/eclipse/osgi/internal/framework/EquinoxContainer 1 1 619 7 1 7 1 100 1 100 1 1 1 1 8 1 1 1 1 1 1 1 1 1 1 1 1 1 1 1 1 1 1 1 1 1 1 1 1 1 1 1 1 1 1 1 1 1 1 1 1 1 1 1 1 10 7 1 12 1 1 10 7 1 12 1 1 9 12 1 1 1 1 1 10 12 9 12 7 1 8 1 7 1 10 12 1 1 10 7 1 12 1 1 100 1 10 12 1 1 10 12 1 9 12 7 1 7 1 10 12 1 10 12 1 9 12 7 1 10 12 1 9 12 10 12 1 1 7 1 10 12 1 9 12 10 12 1 1 10 12 1 1 10 12 1 10 7 1 12 1 1 9 12 100 1 8 1 10 12 1 7 1 10 9 12 100 1 8 1 10 12 1 1 8 1 10 7 1 12 1 1 7 1 10 12 1 7 1 10 8 1 10 7 1 12 1 1 10 12 1 11 7 1 10 12 1 1 10 12 1 1 8 1 10 12 1 1 11 12 1 10 9 12 9 12 11 12 1 1 11 12 1 11 12 1 1 100 9 12 10 12 1 1 11 12 1 1 11 7 1 12 1 1 7 1 10 12 1 11 12 1 9 12 7 1 100 1 1 1 1 1 1 1 1 1 1 1 1 1 1 1 1 1 1 1 1 1 1 1 1 1 1 1 1 1 100 1 100 1 10 12 1 1 10 100 1 12 1 1 10 100 1 12 1 1 100 1 10 100 1 12 1 1 10 12 1 10 12 1 1 10 100 1 12 1 1 11 12 1 1 1 1 1 1 1 1 1 1 1 1 1 1 1 1 10 100 1 12 18 12 1 1 100 1 1 1 1 1 1 1 1 9 12 10 7 1 12 1 7 1 1 1 11 7 1 12 1 10 12 1 1 1 1 10 12 7 1 10 9 12 10 12 1 10 7 1 12 1 1 9 12 11 7 1 12 1 1 7 1 10 9 12 1 10 12 10 11 12 1 1 1 1 10 7 1 12 1 1 8 1 8 1 10 12 1 8 1 8 1 8 1 10 12 1 10 12 1 7 1 10 12 1 9 12 10 12 1 1 100 1 9 100 1 12 1 10 12 1 1 1 1 1 1 1 1 1 1 1 1 1 1 1 1 1 10 12 1 1 10 7 1 12 1 1 100 1 10 12 10 100 1 12 1 1 1 1 1 1 1 1 10 12 1 10 12 1 1 1 100 1 1 10 1 8 1 7 1 8 1 10 10 12 1 1 10 12 1 1 1 1 1 8 1 8 1 10 12 1 8 1 10 10 12 1 10 12 1 1 10 12 1 1 1 1 1 1 1 1 1 1 1 10 12 10 12 1 1 10 100 1 12 1 1 10 100 1 12 1 1 1 1 10 100 1 12 1 1 15 16 10 12 15 16 1 100 1 100 1 1 1
staticfield org/eclipse/osgi/internal/framework/EquinoxContainer secureAction Lorg/eclipse/osgi/framework/util/SecureAction; org/eclipse/osgi/framework/util/SecureAction
ciInstanceKlass org/osgi/framework/Version 1 1 188 7 1 7 1 100 1 1 1 1 1 1 1 1 1 8 1 1 1 1 1 1 1 1 10 12 1 1 9 12 1 1 10 12 1 1 10 12 8 1 9 12 9 12 9 12 9 12 10 12 1 1 7 1 1 7 1 10 12 1 10 12 1 1 10 12 1 1 10 12 1 1 10 12 1 100 1 7 1 8 1 10 12 10 12 1 1 8 1 10 12 1 10 10 12 1 100 1 1 1 1 1 1 1 1 1 1 10 7 1 12 1 8 1 8 1 100 1 1 1 10 12 1 8 1 10 12 1 10 12 1 1 8 1 1 1 100 1 1 1 10 12 1 10 12 1 10 12 1 1 10 1 1 1 1 9 12 10 12 1 1 1 1 1 1 9 12 10 12 1 1 1 10 12 1 1 1 1 1 10 12 1 10 12 1 1 1 1
staticfield org/osgi/framework/Version emptyVersion Lorg/osgi/framework/Version; org/osgi/framework/Version
ciInstanceKlass org/eclipse/osgi/service/environment/EnvironmentInfo 1 0 23 100 1 100 1 1 1 1 1 1 1 1 1 1 1 1 1 1 1 1 1 1 1
ciInstanceKlass org/eclipse/osgi/internal/framework/EquinoxConfiguration 1 1 1290 7 1 7 1 100 1 1 1 1 8 1 1 8 1 1 8 1 1 8 1 1 8 1 1 8 1 1 8 1 1 8 1 1 8 1 1 8 1 1 8 1 1 8 1 1 8 1 1 8 1 1 1 3 1 8 1 1 1 1 1 1 1 1 1 1 1 1 1 1 1 1 1 1 1 1 1 1 1 1 1 1 1 1 1 1 1 1 1 1 1 1 1 1 1 1 1 1 1 1 3 1 3 1 3 1 1 1 1 1 1 8 1 1 8 1 1 8 1 1 8 1 1 8 1 1 8 1 1 8 1 1 8 1 1 8 1 1 8 1 1 8 1 1 8 1 1 8 1 1 8 1 1 8 1 1 8 1 1 8 1 1 8 1 1 8 1 1 8 1 1 8 1 1 8 1 1 8 1 1 8 1 1 8 1 1 8 1 1 8 1 1 8 1 1 8 1 1 8 1 1 8 1 1 8 1 1 8 1 1 8 1 1 8 1 1 8 1 1 8 1 1 1 8 1 1 8 1 1 8 1 1 8 1 1 8 1 1 8 1 1 8 1 1 8 1 1 8 1 1 8 1 1 8 1 1 8 1 1 8 1 1 1 8 1 1 8 1 1 8 1 1 8 1 1 8 1 1 8 1 1 8 1 1 8 1 1 1 1 1 8 1 1 8 1 1 8 1 1 8 1 1 8 1 1 8 1 1 8 1 1 8 1 1 8 1 1 8 1 1 1 1 1 8 1 1 8 1 1 8 1 1 8 1 1 8 1 1 8 1 1 1 1 8 1 1 8 1 1 1 1 3 1 3 1 8 1 1 8 1 1 8 1 1 8 1 1 8 1 1 1 1 8 1 1 1 1 1 7 1 10 7 1 12 1 1 10 7 1 12 1 1 9 12 1 1 1 1 1 10 12 7 1 10 9 12 9 12 9 12 9 12 7 1 10 12 1 9 12 9 12 7 1 10 12 1 9 12 10 12 1 7 1 10 7 1 10 7 1 12 1 1 10 12 1 9 12 10 12 1 1 10 12 1 1 10 12 1 7 1 10 12 1 9 12 7 1 10 12 1 9 12 9 12 1 10 12 1 1 10 12 1 1 7 1 10 12 1 8 1 10 12 1 1 10 12 1 1 100 1 10 12 1 10 10 7 1 12 1 1 10 12 1 1 10 12 1 1 10 12 1 1 100 1 10 7 1 12 1 1 11 7 1 12 1 1 10 12 1 1 9 12 9 12 9 12 10 12 1 9 12 9 12 9 12 10 7 1 12 1 10 12 1 1 9 12 100 1 8 1 10 12 1 8 1 10 7 1 12 1 10 12 1 1 10 12 1 1 7 1 10 12 1 10 10 12 1 1 10 12 1 9 12 10 12 1 10 12 1 10 12 1 10 12 1 10 12 1 1 9 12 10 12 1 1 9 12 8 1 9 12 8 1 8 1 9 12 8 1 9 12 9 12 9 12 10 12 1 9 12 10 12 1 10 12 1 1 9 12 9 12 9 12 9 12 10 12 1 1 9 12 100 1 100 1 1 1 1 1 1 1 1 1 1 1 1 1 1 1 1 1 1 1 1 100 1 10 12 1 1 100 1 10 8 1 10 12 1 10 12 1 1 100 1 10 12 1 1 10 10 12 1 10 12 1 1 100 1 1 1 1 1 1 1 1 1 1 9 12 1 1 10 10 12 1 1 11 7 1 12 1 1 11 12 1 1 10 12 1 10 12 1 1 1 1 1 1 1 10 12 1 7 1 10 8 1 8 1 11 7 1 12 1 8 1 10 12 1 1 8 1 10 12 1 8 1 1 1 1 1 1 9 7 1 12 1 1 10 7 1 12 1 10 12 1 1 8 1 1 11 100 1 12 1 1 1 9 12 1 9 12 1 9 12 1 1 1 1 1 100 1 8 1 8 1 8 1 8 1 8 1 8 1 8 1 8 1 8 1 8 1 8 1 8 1 8 1 1 1 10 12 1 1 10 12 1 8 1 8 1 8 1 10 1 10 1 10 1 1 10 12 1 10 12 1 1 1 1 1 1 10 1 10 12 1 1 1 100 1 10 12 1 100 1 1 1 1 11 100 1 12 1 11 12 1 1 10 12 1 11 12 1 1 11 12 1 1 1 1 1 1 1 1 1 10 12 10 12 100 1 1 100 1 10 10 12 1 10 100 1 12 1 10 12 1 1 8 1 1 1 1 1 1 8 1 10 100 1 12 1 1 10 100 1 12 1 1 10 100 1 12 1 8 1 10 12 1 1 8 1 10 12 1 1 100 1 10 12 1 9 100 1 12 1 8 1 10 100 1 12 1 1 10 12 1 10 12 1 1 8 1 10 100 1 10 12 1 8 1 8 1 10 12 1 8 1 10 12 1 8 1 7 1 8 1 10 12 1 10 12 1 10 12 1 1 10 12 1 7 1 10 12 1 10 10 12 1 8 1 10 7 1 12 1 1 10 12 1 8 1 8 1 8 1 10 12 1 1 10 12 1 1 10 10 12 10 12 8 1 8 1 10 7 1 12 1 1 8 1 100 1 1 1 1 1 1 1 1 1 1 1 1 1 1 1 1 1 1 1 1 1 1 1 1 1 1 9 12 1 8 1 10 12 1 8 1 1 1 10 12 1 10 10 12 1 1 10 100 1 12 1 1 10 12 1 10 100 1 1 1 1 1 1 1 100 1 10 12 10 1 9 12 1 1 8 1 10 100 1 12 1 8 1 9 12 1 8 1 10 12 1 8 1 9 12 1 10 9 12 1 10 12 1 10 12 1 1 1 1 1 1 1 1 1 1 1 11 12 1 1 11 7 1 12 1 1 11 7 1 12 1 1 100 1 8 1 11 12 1 10 12 1 11 12 1 10 12 1 10 100 1 12 1 1 11 12 1 11 12 1 1 1 1 1 1 1 1 1 1 1
staticfield org/eclipse/osgi/internal/framework/EquinoxConfiguration PROP_WITH_ECLIPSE_STARTER_DEFAULTS Ljava/util/Collection; java/util/Collections$UnmodifiableRandomAccessList
ciInstanceKlass org/eclipse/osgi/internal/hookregistry/HookRegistry 1 1 386 7 1 7 1 1 1 1 8 1 1 8 1 1 8 1 1 8 1 1 8 1 1 8 1 1 1 1 1 1 1 1 1 1 1 1 1 1 1 1 1 1 1 1 1 1 10 12 1 9 12 7 1 10 9 12 10 7 1 12 1 1 9 12 9 12 9 12 9 12 9 12 9 12 9 12 9 12 1 1 1 1 1 10 12 1 10 12 1 1 10 12 1 1 7 1 10 7 1 12 1 1 11 7 1 12 1 1 7 1 10 7 1 12 1 1 10 12 1 10 12 1 1 7 1 10 12 7 1 10 7 1 11 12 1 7 1 10 12 1 11 12 1 1 11 7 1 12 1 1 100 1 10 12 1 1 10 100 1 12 1 1 11 100 1 12 1 1 11 12 1 1 1 1 1 1 1 1 1 1 7 1 1 10 12 1 1 10 12 1 1 10 7 1 12 1 1 10 12 1 8 1 8 1 10 12 1 11 7 1 12 1 100 1 100 1 10 10 12 1 1 10 12 1 1 10 12 1 1 10 100 1 12 1 10 100 1 12 1 1 10 12 1 8 1 10 7 1 12 1 1 11 12 1 100 1 8 1 10 12 1 10 12 1 10 12 1 1 10 12 1 11 12 1 100 1 1 1 1 1 1 1 1 1 1 1 1 1 1 1 1 1 1 1 1 1 7 1 100 1 10 7 1 12 11 12 1 11 12 1 1 1 1 1 10 12 1 1 10 12 1 1 10 7 1 12 1 1 7 1 11 12 1 1 8 1 1 1 1 1 1 1 1 1 1 1 1 1 1 1 1 1 1 1 100 1 8 1 10 1 1 1 1 1 10 12 1 1 1 1 1 1 1 1 1 1 1 1 1 1 1 1 1 1 1 1
instanceKlass org/eclipse/osgi/internal/connect/ConnectHookConfigurator$2
instanceKlass org/eclipse/osgi/internal/weaving/WeavingHookConfigurator
instanceKlass org/eclipse/osgi/internal/hooks/EclipseLazyStarter
instanceKlass org/eclipse/osgi/internal/hooks/DevClassLoadingHook
ciInstanceKlass org/eclipse/osgi/internal/hookregistry/ClassLoaderHook 1 1 106 100 1 7 1 1 1 1 10 12 1 1 1 1 1 1 1 1 1 1 1 1 1 1 1 1 1 1 1 1 1 1 1 1 1 1 1 1 1 1 1 1 1 1 1 1 1 1 1 1 1 1 1 1 1 1 1 1 1 1 100 1 1 1 1 1 100 1 1 1 1 1 1 1 1 1 1 1 1 1 1 1 1 1 1 1 1 1 1 1 1 1 1 1 1 1 1 1 1 1 1 100 1 100 1 1
ciInstanceKlass org/eclipse/osgi/internal/hooks/DevClassLoadingHook 1 1 276 7 1 7 1 100 1 1 1 1 1 1 1 8 1 1 1 1 1 1 10 7 1 12 1 1 9 12 10 7 1 12 1 1 9 12 1 1 1 1 10 12 9 12 1 1 1 1 1 1 10 7 1 12 1 1 9 7 1 12 1 1 10 7 1 12 1 1 10 12 1 1 10 12 1 1 10 100 1 12 1 10 12 1 1 100 1 10 12 1 1 100 1 8 1 10 100 1 12 1 1 11 100 1 11 100 1 10 12 1 1 8 1 11 100 1 12 10 100 1 12 1 1 8 1 10 100 1 12 1 1 10 12 1 11 12 1 1 10 100 1 12 10 12 1 1 8 1 10 12 1 1 10 12 1 1 10 100 1 12 1 1 10 100 1 12 1 10 12 1 10 12 1 10 12 1 1 10 12 1 10 12 1 10 12 1 1 10 12 1 1 10 12 1 1 1 1 1 1 1 1 1 1 1 1 1 1 1 1 1 1 1 1 1 1 1 1 1 1 1 1 1 100 10 12 1 1 10 12 1 10 12 1 10 12 1 1 10 100 1 10 12 1 10 12 1 1 1 1 1 1 1 1 1 1 1 100 1 1 11 12 1 1 1 1 1 1 1 1 1 100 1 1 100 1 1
staticfield org/eclipse/osgi/internal/hooks/DevClassLoadingHook KEY Ljava/lang/String; "org.eclipse.osgi.internal.hooks.DevClassLoadingHook"
staticfield org/eclipse/osgi/internal/hooks/DevClassLoadingHook HASHCODE I 1881728068
ciInstanceKlass org/eclipse/osgi/internal/hooks/EclipseLazyStarter 1 1 427 7 1 7 1 1 1 1 1 1 1 1 1 1 1 1 1 1 1 1 1 1 1 1 9 7 1 12 1 1 9 12 1 9 12 1 10 7 1 12 1 1 9 12 10 7 1 12 1 1 10 7 1 12 1 1 9 12 1 1 1 1 10 12 7 1 10 9 12 9 12 7 1 10 10 7 1 12 1 1 9 12 9 12 1 1 1 1 1 100 1 10 12 1 1 10 12 1 1 10 7 1 12 1 1 10 7 1 12 1 1 10 7 1 12 1 1 10 7 1 12 1 1 10 7 1 12 1 1 10 12 1 1 10 12 1 1 7 1 7 1 10 12 1 11 11 12 1 1 1 1 1 1 1 1 1 1 1 1 1 1 1 1 1 11 12 1 1 7 1 10 12 1 11 12 1 11 7 1 12 1 1 11 7 1 12 1 11 7 1 12 1 10 7 1 12 1 1 9 7 1 12 1 1 10 7 1 12 1 1 7 1 9 12 1 1 10 12 1 1 10 12 1 1 10 100 1 12 1 1 9 100 1 12 1 100 1 10 100 1 12 1 1 10 12 1 10 100 1 12 1 1 10 100 1 12 1 1 10 12 1 1 8 1 100 1 10 100 1 12 1 1 9 12 1 11 100 1 12 1 1 11 12 1 10 12 1 1 10 12 1 10 12 1 11 12 1 1 10 12 1 10 12 1 1 100 1 10 10 100 1 12 1 1 11 12 1 1 1 1 1 1 1 1 1 1 1 1 1 1 1 1 1 1 7 1 100 1 9 12 1 10 12 1 9 12 1 10 12 1 1 10 7 1 12 1 1 10 7 1 12 1 9 12 1 10 12 1 10 12 1 1 1 1 10 12 1 100 1 8 1 10 12 1 1 11 11 12 1 7 1 10 12 1 1 8 1 8 1 10 12 1 1 10 12 1 1 11 1 1 1 1 1 1 1 1 1 1 1 1 1 1 1 1 100 1 1
staticfield org/eclipse/osgi/internal/hooks/EclipseLazyStarter alreadyActive Ljava/util/EnumSet; java/util/RegularEnumSet
staticfield org/eclipse/osgi/internal/hooks/EclipseLazyStarter secureAction Lorg/eclipse/osgi/framework/util/SecureAction; org/eclipse/osgi/framework/util/SecureAction
ciInstanceKlass org/eclipse/osgi/service/debug/DebugOptionsListener 1 0 11 100 1 100 1 100 1 1 1 1 1
ciInstanceKlass org/eclipse/osgi/internal/debug/Debug 1 1 284 7 1 7 1 100 1 1 1 1 8 1 1 8 1 1 8 1 1 8 1 1 8 1 1 8 1 1 8 1 1 8 1 1 8 1 1 8 1 1 8 1 1 8 1 1 8 1 1 8 1 1 8 1 1 8 1 1 8 1 1 8 1 1 8 1 1 8 1 1 8 1 1 8 1 1 8 1 1 8 1 1 1 1 1 1 1 1 1 1 1 1 1 1 1 1 1 1 1 1 1 1 1 1 1 1 1 1 1 1 1 1 9 7 1 12 9 1 1 100 1 1 1 10 12 9 12 9 12 9 12 9 12 10 7 1 12 1 1 9 12 9 12 9 12 9 12 9 12 9 12 9 12 9 12 9 12 9 12 9 12 9 12 9 12 9 12 9 12 9 12 10 12 1 1 1 1 1 11 7 1 12 1 1 8 1 8 1 11 12 1 1 7 1 8 1 10 7 1 12 1 1 10 7 1 12 1 1 10 12 1 11 7 1 12 1 1 10 12 1 1 1 1 1 1 1 1 9 12 1 1 1 10 100 1 12 1 1 1 11 100 1 12 1 1 11 100 1 12 1 1 1 1 1 1 11 12 1 1 1 1 10 7 1 12 1 1 1 1 1 11 12 1 10 100 1 12 1 1 1 1 1 1 1
ciInstanceKlass org/osgi/service/log/LoggerFactory 1 0 20 100 1 100 1 1 1 1 1 1 1 1 1 1 1 1 1 1 1 1
ciInstanceKlass org/osgi/service/log/LogService 1 0 32 100 1 100 1 100 1 1 1 1 3 1 1 1 1 3 1 3 1 3 1 1 1 1 1 1 1 1 1 1 1 1
ciInstanceKlass org/osgi/service/log/Logger 1 0 38 100 1 100 1 1 1 1 8 1 1 1 1 1 1 1 1 1 1 1 1 100 1 1 1 1 1 1 1 1 1 1 1 1 1 1 1 1
ciInstanceKlass org/osgi/resource/Resource 1 0 19 100 1 100 1 1 1 1 1 1 1 1 1 1 1 1 1 1 1
ciInstanceKlass org/eclipse/osgi/storage/BundleInfo 1 1 363 7 1 7 1 1 1 1 8 1 1 8 1 1 8 1 1 1 1 1 1 1 1 1 1 1 1 1 1 1 1 1 1 1 8 1 10 7 1 12 1 1 9 12 1 1 100 1 1 1 10 12 9 12 9 12 9 12 9 12 9 12 1 1 1 1 1 1 1 1 1 100 1 9 12 100 1 10 10 100 1 12 1 1 5 0 9 100 1 12 1 1 10 12 1 1 10 100 1 12 1 1 10 12 1 8 1 10 12 1 100 1 10 12 1 1 10 12 1 7 1 10 12 1 100 1 1 1 1 1 1 100 1 1 1 100 1 8 1 10 10 12 1 10 12 1 1 1 1 1 1 1 10 12 1 1 1 1 1 1 1 1 1 1 1 1 1 1 100 1 100 1 100 1 1 1 1 10 12 10 12 10 12 1 1 10 100 1 12 1 1 10 12 1 10 12 1 1 100 1 8 1 100 1 8 1 10 100 1 12 1 1 100 1 1 100 1 10 100 1 12 10 8 1 10 12 1 1 10 12 1 10 12 8 1 1 1 1 8 1 9 12 1 1 10 100 1 12 1 10 12 1 1 10 12 1 10 12 1 1 10 100 1 12 1 1 9 100 1 12 1 8 1 8 1 10 12 1 10 12 1 1 10 12 1 1 1 1 1 1 10 100 1 12 1 1 100 1 100 1 10 100 1 12 1 1 10 12 1 10 12 1 10 12 1 1 10 12 1 1 8 1 10 12 1 1 8 1 8 1 10 12 1 8 1 8 1 8 1 10 12 1 10 12 1 1 1 1 1 1 1 1 1 1 1 1 100 1 1 1 100 1 1
staticfield org/eclipse/osgi/storage/BundleInfo MULTI_RELEASE_FILTER_PREFIXES Ljava/util/Collection; java/util/Collections$SingletonSet
ciInstanceKlass org/eclipse/osgi/storage/BundleInfo$Generation 1 1 632 7 1 7 1 1 1 1 1 1 1 1 1 1 1 1 1 1 1 1 1 1 1 1 1 1 1 1 1 1 1 1 1 1 1 1 1 1 1 1 1 1 1 9 12 10 12 1 9 12 9 12 7 1 10 7 1 12 1 1 10 12 1 9 12 1 1 1 1 1 1 9 12 9 12 9 12 9 12 9 12 9 12 1 1 1 1 9 12 10 7 1 12 1 1 9 7 1 12 1 100 1 10 10 12 1 1 10 7 1 12 1 1 1 100 1 1 10 7 1 12 100 1 1 1 1 1 1 9 12 10 12 100 1 100 1 10 12 1 1 10 12 1 8 1 10 12 1 1 10 7 1 12 1 1 7 1 10 10 7 1 12 1 1 8 1 11 7 1 12 1 1 7 1 10 7 1 12 1 1 10 12 1 1 10 7 1 12 1 1 7 1 8 1 10 12 1 10 12 1 1 8 1 10 12 1 10 12 1 1 100 1 8 1 8 1 11 12 1 1 10 12 1 1 100 1 8 1 10 12 1 100 1 1 1 1 1 1 1 1 1 1 1 1 1 1 1 1 1 1 1 1 1 10 12 1 1 10 7 1 12 1 1 1 1 10 100 1 12 1 1 10 10 12 1 1 10 12 1 1 9 12 10 12 10 12 1 1 7 1 8 1 8 1 10 12 1 10 12 1 1 10 12 1 1 1 1 1 1 1 1 1 1 10 12 1 1 10 100 1 12 1 1 10 12 1 10 100 1 12 1 1 9 12 1 1 10 100 1 12 1 10 12 1 1 1 1 100 1 10 12 1 10 12 1 1 1 1 9 12 10 12 1 10 12 1 1 1 1 11 100 1 12 1 1 11 100 1 12 1 1 100 1 10 12 1 1 10 11 12 1 1 1 1 1 1 1 100 1 1 1 9 12 1 1 100 1 1 1 10 12 1 10 7 1 12 1 1 9 12 100 1 8 1 10 10 12 1 1 10 12 1 1 10 100 1 12 1 1 1 1 1 10 12 1 1 10 10 12 1 10 12 1 10 12 10 12 1 1 1 1 1 1 1 1 10 12 1 1 9 100 1 12 1 8 1 8 1 10 12 1 10 12 1 1 10 12 1 10 10 12 1 10 12 8 1 9 100 1 12 1 10 12 1 10 100 1 12 1 1 10 8 1 8 1 10 100 1 12 1 1 10 100 1 12 1 1 10 12 1 10 12 1 10 12 1 1 10 12 1 1 10 12 1 1 1 1 1 1 1 1 1 10 12 1 1 10 12 1 10 12 1 1 1 100 1 8 1 10 12 1 1 7 1 10 12 1 10 12 1 1 1 1 1 1 1 1 1 1 9 12 100 1 10 12 10 12 1 1 1 1 1 10 12 1 1 1 1 1 1 1 100 1 100 1 100 1 1 1 1 100 1 1 1 100 1 1 1 1 100 1 1
ciInstanceKlass org/osgi/framework/wiring/BundleRevision 1 1 45 100 1 100 1 100 1 100 1 1 1 1 8 1 1 8 1 1 8 1 1 1 3 1 1 1 1 1 1 1 1 1 1 1 1 1 1 1 1 1 1 1 1 1 1
ciInstanceKlass org/eclipse/osgi/storage/Storage 1 1 2558 7 1 7 1 1 1 1 3 1 1 3 1 3 1 3 1 1 8 1 1 8 1 1 8 1 1 8 1 1 8 1 1 8 1 1 8 1 1 8 1 1 1 8 1 1 1 1 1 1 1 1 1 1 1 1 1 1 1 1 1 1 1 1 1 1 1 1 1 1 1 1 1 1 1 1 1 1 1 1 1 1 1 1 1 1 1 1 1 7 1 10 12 1 1 9 12 10 7 1 12 1 1 10 7 1 12 1 1 9 12 1 1 1 1 1 100 1 100 1 10 12 1 10 12 1 1 10 12 1 10 12 1 10 12 1 1 10 7 1 12 1 1 1 1 1 1 10 12 9 12 5 0 9 12 100 1 8 1 8 1 8 1 10 7 1 12 1 1 9 12 7 1 10 12 1 9 12 8 1 10 7 1 12 1 1 7 1 8 1 10 7 1 12 1 1 7 1 8 1 10 12 1 10 12 1 1 8 1 10 12 1 1 10 7 1 12 1 1 10 12 1 10 12 1 1 9 12 9 12 7 1 10 7 1 12 1 1 10 12 1 1 10 12 1 1 10 12 1 9 12 9 12 7 1 10 12 1 9 12 8 1 10 12 10 7 1 12 1 1 9 12 10 12 1 1 10 7 1 12 1 1 11 7 1 12 1 1 10 7 1 12 1 9 12 10 12 1 11 12 1 1 8 1 11 12 1 1 11 12 1 1 11 12 1 1 9 12 7 1 10 12 1 9 12 8 1 10 12 1 10 12 1 10 12 1 1 10 12 1 9 12 8 1 10 12 1 1 10 12 1 10 12 1 1 10 12 1 1 7 1 7 1 10 12 1 10 10 12 1 1 10 12 1 1 100 1 7 1 8 1 10 10 100 1 12 1 10 12 1 1 10 12 1 10 100 1 12 1 1 7 1 10 12 1 10 12 1 1 9 12 7 1 10 12 1 9 12 7 1 10 12 1 9 12 7 1 10 12 1 9 12 10 12 1 9 12 10 12 1 1 10 12 1 1 8 1 11 7 1 12 1 10 12 1 1 1 1 1 1 1 1 1 1 1 1 1 1 1 1 1 1 1 1 1 1 1 1 1 1 1 1 100 100 1 7 1 1 1 1 1 8 1 100 1 1 1 1 1 10 12 1 1 10 7 1 12 1 1 10 7 1 12 1 1 7 1 10 100 1 8 1 10 7 1 12 1 1 11 7 1 12 1 1 11 7 1 12 1 1 7 1 10 12 1 11 7 1 12 1 1 11 12 1 10 12 1 1 10 12 1 1 10 10 1 1 1 1 1 1 1 1 1 1 1 1 7 1 10 10 12 1 1 1 10 10 12 1 1 10 12 1 1 10 7 1 12 1 10 12 1 7 1 10 12 1 1 10 12 1 1 10 12 1 10 12 1 10 12 1 1 11 12 1 1 11 12 1 10 12 1 1 1 1 1 1 1 1 10 12 1 7 1 10 12 1 8 1 10 12 1 10 10 12 1 10 12 1 8 1 10 12 1 10 12 1 10 12 1 1 10 12 1 100 1 1 1 1 1 1 7 1 8 1 10 12 1 10 12 1 1 10 12 1 9 7 1 12 1 1 10 12 1 1 10 12 1 1 10 12 1 10 12 1 10 12 1 1 10 12 1 1 10 7 1 12 1 1 10 12 1 1 8 1 10 10 12 1 1 10 12 1 1 10 12 1 1 10 12 1 1 8 1 10 12 1 100 1 8 1 10 12 1 10 12 1 1 7 1 10 12 1 1 10 12 1 10 12 1 8 1 10 100 1 8 1 10 10 12 1 100 1 1 1 1 1 1 1 1 1 1 1 1 1 1 1 1 1 1 1 1 100 1 8 1 100 1 8 1 8 1 10 12 1 1 10 12 1 10 12 1 1 10 12 1 1 11 100 1 12 1 1 11 100 1 11 12 1 1 11 100 1 12 1 1 11 100 1 12 1 11 12 1 8 1 11 12 1 1 1 1 1 1 1 1 100 1 1 10 12 1 8 1 10 12 1 1 10 12 1 8 1 10 12 1 1 10 100 1 12 1 10 10 12 1 10 12 1 10 12 1 1 1 1 1 10 12 1 10 12 1 10 100 1 10 1 1 10 7 1 12 1 1 8 1 1 1 1 1 1 1 1 1 10 12 1 1 10 7 1 12 1 7 1 10 12 1 100 1 10 12 1 8 1 10 10 12 1 10 12 1 1 8 1 10 1 1 1 1 1 1 1 1 10 12 1 1 10 12 1 18 12 1 1 10 12 1 1 8 1 10 100 1 10 12 1 10 12 1 10 12 1 1 10 12 1 1 1 1 10 12 1 10 100 1 12 1 1 18 12 1 10 12 1 100 1 10 100 1 12 1 1 1 1 100 1 100 1 8 1 100 1 8 1 10 10 12 1 10 1 10 12 8 1 10 12 1 10 10 12 1 10 12 1 10 10 11 12 1 1 11 100 1 12 1 9 100 1 12 1 100 1 11 12 1 11 10 100 1 12 1 1 10 12 1 1 11 100 1 12 1 1 11 10 12 1 10 12 1 10 12 1 10 12 1 1 10 12 1 1 10 7 1 12 1 10 12 1 10 12 1 10 12 1 1 10 10 12 1 10 100 1 10 12 1 1 8 1 1 1 1 1 1 1 1 1 1 1 1 1 1 1 1 1 1 100 1 10 12 1 10 10 12 1 11 12 1 10 12 1 1 11 10 12 1 1 10 12 1 10 12 1 1 1 1 1 1 1 1 10 10 12 1 1 11 7 1 12 1 11 12 1 1 11 12 1 10 12 1 9 12 1 8 1 10 100 1 12 1 1 10 12 1 10 12 1 100 1 8 1 10 12 1 8 1 8 1 100 1 10 10 12 1 8 1 1 1 1 1 1 1 1 1 1 1 1 1 10 8 1 10 12 1 8 1 8 1 100 1 8 1 8 1 8 1 8 1 10 12 1 8 1 10 12 1 8 1 10 12 1 8 1 10 12 1 8 1 10 12 1 8 1 8 1 8 1 10 12 1 1 10 7 1 12 1 1 10 12 1 1 8 1 8 1 10 12 1 8 1 8 1 8 1 8 1 8 1 8 1 10 12 1 1 1 1 1 1 1 1 1 1 1 10 10 12 1 1 1 1 8 1 8 1 1 1 9 12 1 8 1 10 12 1 10 12 1 1 10 100 1 10 12 1 1 1 1 1 8 1 1 1 10 12 1 18 12 1 1 1 10 12 1 8 1 10 12 1 10 8 1 10 10 12 1 1 8 1 10 12 1 1 1 1 1 1 100 1 10 12 1 1 1 10 12 1 1 1 1 8 1 10 12 1 1 10 12 1 1 11 100 1 12 1 11 12 1 8 1 10 10 12 1 1 8 1 1 1 1 1 1 1 10 12 1 18 12 1 8 1 10 100 1 12 1 1 10 12 1 8 1 10 12 1 1 10 12 10 12 1 1 10 12 1 1 10 12 1 1 9 12 1 1 1 1 1 1 8 1 8 1 8 1 10 100 1 12 1 1 8 1 8 1 10 100 1 12 1 1 11 12 1 1 10 12 1 1 10 100 1 12 1 10 12 1 1 1 1 1 1 1 1 10 12 1 1 10 10 100 1 12 1 1 10 12 1 1 8 1 9 12 1 1 10 10 12 100 1 10 12 1 7 1 9 12 1 10 12 1 8 1 10 12 1 1 1 1 1 1 1 100 1 1 1 10 12 1 10 12 1 1 1 7 1 10 12 1 1 10 12 1 11 100 1 10 12 1 100 1 11 12 1 1 1 1 1 1 1 1 1 1 10 12 9 100 1 12 1 8 1 8 1 10 8 1 10 12 1 10 12 1 1 10 12 1 8 1 8 1 10 1 1 1 1 18 12 1 10 12 1 1 10 10 12 1 18 12 1 10 12 1 10 12 1 10 100 1 12 1 10 100 1 10 7 1 10 12 1 1 10 12 1 1 100 1 10 12 1 10 10 12 1 1 10 12 1 10 12 1 1 1 1 1 1 1 1 1 10 10 12 1 10 12 1 9 12 1 10 12 1 1 10 12 1 10 12 1 10 12 1 10 12 1 10 12 1 100 1 10 10 12 1 1 10 12 10 12 1 10 12 1 1 1 1 1 1 9 7 1 12 1 1 10 12 1 1 10 12 1 1 1 1 10 12 1 10 12 1 10 12 1 1 10 12 1 10 12 1 100 1 10 10 12 1 10 12 1 1 10 12 1 1 10 12 1 10 10 12 1 1 1 1 1 1 1 1 8 1 10 12 1 8 1 8 1 10 12 1 10 12 1 10 12 10 7 1 12 1 10 12 1 1 10 12 1 10 12 1 10 12 1 10 12 1 10 10 12 8 1 10 12 1 1 10 12 1 1 10 12 1 1 1 1 1 1 1 1 1 1 1 1 1 1 100 1 18 12 1 1 11 12 1 1 1 11 12 1 7 1 10 10 12 1 1 10 12 1 1 10 12 1 10 12 1 1 10 12 1 1 1 1 1 1 1 1 1 1 100 1 8 1 8 1 10 12 1 8 1 1 10 12 1 1 10 7 1 8 1 8 1 8 1 10 12 1 8 1 8 1 8 1 10 12 1 1 1 1 1 1 1 10 12 1 10 12 1 1 10 8 1 8 1 10 12 1 1 8 1 8 1 8 1 10 100 1 10 12 10 12 8 1 8 1 10 12 1 8 1 10 12 1 1 1 1 1 1 1 1 1 10 12 1 1 10 12 1 1 8 1 1 8 1 10 12 1 1 10 12 1 10 12 1 10 12 1 1 10 12 1 1 1 8 1 10 12 1 10 12 1 8 1 8 1 8 1 8 1 1 1 7 1 8 10 12 1 1 10 7 1 12 1 1 8 1 10 12 1 1 8 1 8 8 1 8 1 8 1 8 1 8 1 8 1 8 1 8 1 8 1 7 1 11 10 11 10 12 1 8 1 1 1 1 1 1 1 1 1 1 1 1 1 1 1 1 1 1 10 12 1 1 1 8 1 1 10 12 1 1 10 100 1 10 12 1 1 10 100 1 12 1 1 10 12 1 1 1 1 1 1 1 1 1 10 12 1 1 11 12 1 18 12 1 1 11 7 1 12 1 1 18 12 1 1 11 12 1 11 10 7 1 12 1 1 1 1 1 1 1 1 1 1 1 7 1 10 100 1 10 12 1 1 10 12 1 1 10 12 1 10 12 10 8 1 10 12 1 10 7 1 12 1 1 7 1 10 10 12 1 100 1 1 1 1 1 1 1 1 1 7 1 10 10 12 1 8 1 10 1 1 1 1 1 10 12 1 1 10 12 1 10 12 1 8 1 10 11 12 1 1 1 1 1 1 1 1 1 1 1 10 12 1 3 10 12 1 10 12 1 1 1 1 1 1 11 12 1 100 1 10 100 1 12 1 100 1 10 12 1 1 1 1 1 8 1 8 1 10 12 1 10 12 8 1 10 12 1 9 12 1 10 12 1 100 1 8 1 8 1 10 12 1 8 1 9 12 1 8 1 9 12 1 8 1 8 1 1 1 1 1 1 10 12 1 1 1 1 1 9 12 100 1 100 1 1 1 1 1 1 1 1 1 10 12 1 10 1 1 1 18 12 1 11 12 1 1 1 1 10 12 1 1 1 10 7 1 12 1 1 15 16 10 12 15 16 16 10 12 15 1 16 16 10 12 15 16 16 10 12 15 16 16 10 12 15 16 16 10 12 15 16 1 16 10 12 15 16 16 10 12 15 1 16 16 10 7 1 12 1 15 1 16 16 10 12 15 1 16 1 100 1 100 1 1 1 1 1 1 1 1
staticfield org/eclipse/osgi/storage/Storage NUL Ljava/lang/String; "\u0000"
staticfield org/eclipse/osgi/storage/Storage secureAction Lorg/eclipse/osgi/framework/util/SecureAction; org/eclipse/osgi/framework/util/SecureAction
instanceKlass org/eclipse/osgi/internal/loader/FragmentLoader
instanceKlass org/eclipse/osgi/internal/loader/BundleLoader
ciInstanceKlass org/eclipse/osgi/container/ModuleLoader 1 1 31 100 1 7 1 1 1 1 10 12 1 1 1 1 1 1 1 1 1 1 1 1 1 1 1 1 1 1 1 1 1
instanceKlass org/eclipse/osgi/internal/loader/SystemBundleLoader
ciInstanceKlass org/eclipse/osgi/internal/loader/BundleLoader 1 1 1174 7 1 7 1 1 1 1 8 1 1 8 1 1 1 1 1 1 1 3 1 3 1 3 1 3 1 3 1 3 1 1 1 1 1 1 1 1 1 1 1 1 1 1 1 1 1 1 1 1 1 1 1 1 1 1 1 1 1 1 1 1 1 1 1 1 1 1 1 1 1 7 1 10 12 1 10 7 1 12 1 1 7 1 9 12 7 1 10 12 1 1 9 12 8 1 10 7 1 12 1 1 9 12 1 1 1 1 10 7 1 12 1 1 10 12 1 1 1 1 1 1 10 12 1 1 10 12 1 1 10 12 1 1 1 1 1 10 7 1 10 9 12 9 12 9 12 7 1 10 9 12 7 1 10 12 1 9 12 9 12 9 12 9 12 10 12 1 1 10 7 1 12 1 1 9 12 9 12 7 1 10 12 1 9 12 100 1 8 1 10 7 1 12 1 1 10 7 1 12 1 1 11 7 1 12 1 7 1 10 12 1 7 1 10 10 12 1 1 9 12 10 12 1 1 10 12 1 10 12 1 1 100 1 8 1 10 12 1 11 12 1 1 10 12 1 1 9 12 10 12 1 1 100 1 8 1 10 7 1 11 12 1 1 7 1 10 12 1 1 8 1 11 7 1 12 1 7 1 10 12 1 1 10 7 1 12 1 1 10 7 1 12 1 1 10 12 1 1 10 12 1 9 12 10 12 1 1 10 7 1 12 1 1 11 7 1 12 1 1 10 12 1 1 1 1 1 1 1 1 1 1 1 1 1 1 1 7 1 100 1 1 1 1 1 1 11 12 1 1 11 7 1 12 1 1 10 12 1 1 11 7 1 12 1 1 10 12 1 1 11 12 1 11 12 1 1 1 1 1 1 1 1 10 7 1 12 1 1 10 12 1 1 7 1 10 12 1 1 10 12 1 1 1 1 1 1 1 1 1 1 10 12 1 1 11 11 7 1 7 1 11 12 1 1 7 1 10 12 1 1 1 1 1 1 1 1 1 100 1 1 9 12 10 12 1 1 10 7 1 12 1 10 12 1 7 1 10 7 1 12 1 1 10 12 1 1 10 7 1 10 10 12 1 1 100 1 10 12 1 7 1 9 12 7 1 10 12 1 9 7 1 12 1 8 1 7 1 8 1 10 12 1 10 12 1 1 8 1 10 12 1 10 12 1 1 10 12 1 1 1 1 1 1 1 1 100 1 1 1 1 10 12 10 12 1 10 12 1 1 1 10 12 1 100 1 8 1 10 12 1 10 12 1 1 1 1 1 10 12 1 1 7 1 10 12 1 1 7 1 10 12 1 1 1 1 1 1 1 1 10 12 10 12 1 1 10 12 1 1 1 10 12 1 1 1 7 1 1 10 12 1 8 1 8 1 10 12 1 1 10 12 8 1 8 1 10 12 1 8 1 10 12 1 1 100 1 1 1 1 1 1 1 1 1 1 7 1 1 10 12 1 1 1 1 1 10 12 1 1 10 12 1 10 12 10 12 1 8 1 10 12 1 10 12 1 1 10 12 1 8 1 10 10 12 1 10 12 1 1 8 1 10 10 12 1 1 10 12 1 9 12 1 10 12 1 100 1 1 1 1 1 1 10 12 1 1 8 1 10 8 1 8 1 1 1 10 12 1 1 10 12 1 10 12 1 1 10 12 1 10 12 1 1 10 12 1 1 1 1 9 12 1 10 12 1 1 10 12 1 1 10 12 1 8 1 10 12 1 10 12 1 1 1 1 1 100 1 10 12 100 1 10 12 1 1 10 12 1 10 12 8 1 10 100 1 10 10 12 1 10 12 1 1 1 1 1 100 1 1 8 1 10 12 1 1 10 12 1 10 12 1 1 7 1 10 10 12 1 11 12 1 10 12 1 1 1 1 1 1 1 1 8 1 10 12 1 1 1 1 1 1 1 8 1 10 12 1 100 1 10 10 12 1 1 11 12 1 1 10 12 11 10 12 1 10 12 10 12 1 1 100 1 10 11 100 1 10 12 1 10 10 10 12 1 11 10 12 1 1 1 1 1 1 1 1 1 1 1 1 1 1 1 1 1 1 1 1 1 1 1 1 1 1 1 1 10 12 1 10 12 1 1 11 12 1 10 12 1 1 1 1 1 1 1 1 10 10 10 12 1 8 1 10 12 1 1 1 1 1 7 1 9 12 9 12 9 12 1 1 1 7 1 1 1 10 12 1 10 12 1 10 12 1 8 1 10 12 1 1 10 7 1 12 1 8 1 10 12 1 1 10 12 1 10 12 1 1 8 1 10 10 12 1 1 100 1 10 100 1 10 10 100 1 12 1 1 10 12 1 1 1 1 1 1 10 12 1 1 1 10 12 1 1 8 1 100 1 8 1 8 1 7 1 10 12 1 1 10 7 1 12 1 10 12 1 10 12 1 1 1 1 1 1 1 1 10 12 8 1 8 1 1 1 1 10 10 7 1 12 1 1 10 12 1 1 10 10 100 1 8 1 11 12 1 1 10 7 1 12 1 1 10 12 1 1 100 1 10 12 1 1 1 1 1 1 1 1 1 1 1 100 1 1 1 10 12 1 10 12 1 8 1 10 12 1 1 10 7 1 12 1 10 12 1 10 12 1 1 8 1 1 10 12 1 10 7 1 12 1 1 1 10 12 1 1 1 10 12 1 1 1 1 1
staticfield org/eclipse/osgi/internal/loader/BundleLoader CLASS_CONTEXT Lorg/eclipse/osgi/internal/loader/BundleLoader$ClassContext; org/eclipse/osgi/internal/loader/BundleLoader$ClassContext
staticfield org/eclipse/osgi/internal/loader/BundleLoader FW_CLASSLOADER Ljava/lang/ClassLoader; org/eclipse/equinox/launcher/Main$StartupClassLoader
staticfield org/eclipse/osgi/internal/loader/BundleLoader PACKAGENAME_FILTER Ljava/util/regex/Pattern; java/util/regex/Pattern
ciInstanceKlass org/eclipse/osgi/internal/loader/SystemBundleLoader 1 1 130 7 1 7 1 1 1 1 8 1 1 1 1 1 1 1 1 10 7 1 12 1 1 10 12 9 12 7 1 10 7 1 12 1 1 10 7 1 12 1 1 10 7 1 12 1 1 7 1 10 12 1 9 12 1 1 1 1 1 1 1 1 1 1 1 1 100 1 1 1 10 12 1 10 12 1 1 1 1 1 1 1 100 1 10 12 1 1 1 1 1 10 12 1 1 1 1 10 12 1 100 1 1 1 10 12 1 10 12 1 1 1 1 1 1 10 100 1 12 1 1 1 1 1 1 1 1 100 1 1
instanceKlass org/eclipse/osgi/internal/framework/EquinoxBundle$EquinoxModule
instanceKlass org/eclipse/osgi/container/SystemModule
ciInstanceKlass org/eclipse/osgi/container/Module 1 1 702 7 1 7 1 100 1 100 1 100 1 1 1 1 1 1 1 1 1 1 1 1 1 1 1 1 1 1 1 1 1 1 1 1 1 1 1 1 1 1 1 1 1 9 7 1 12 1 9 12 1 9 12 1 9 12 1 10 7 1 12 1 1 9 12 9 12 1 10 12 1 9 12 9 7 1 12 1 1 10 12 1 9 12 9 12 1 9 12 1 9 12 1 10 12 1 9 12 1 1 1 1 1 10 12 7 1 10 9 12 10 12 1 1 9 12 7 1 10 12 1 9 12 9 12 1 9 12 9 12 9 12 7 1 10 12 1 9 12 7 1 10 12 1 1 9 12 9 12 1 1 1 1 1 1 7 1 7 1 7 1 1 1 1 1 1 1 1 1 10 12 1 1 10 12 1 1 1 1 1 1 10 12 1 1 10 12 1 1 1 1 9 12 1 1 10 12 1 1 1 9 12 1 1 1 1 1 9 12 1 1 1 1 1 7 1 10 7 1 12 1 10 12 1 9 7 1 12 1 1 10 12 1 1 10 7 1 12 1 1 10 12 1 10 12 1 10 12 1 10 12 1 1 10 12 1 10 12 1 10 12 1 1 10 12 1 100 1 9 7 1 12 1 10 100 1 12 1 1 10 12 1 100 1 9 12 1 10 12 1 1 10 12 1 10 100 1 10 12 1 10 10 12 1 1 7 1 10 10 12 1 10 10 12 1 1 10 12 1 10 9 12 1 10 12 1 10 12 1 100 1 1 1 1 1 1 1 1 1 1 1 1 1 1 1 100 1 7 1 1 10 12 1 100 1 8 1 10 10 12 1 1 1 1 10 12 1 1 1 10 9 12 1 10 100 1 12 1 10 12 1 1 100 1 8 1 10 12 1 1 7 1 9 12 1 1 10 12 1 1 10 12 1 10 12 1 10 12 9 12 1 10 12 10 12 1 10 12 1 10 12 1 10 12 10 9 12 1 9 12 1 10 12 1 10 12 10 12 1 10 12 1 1 10 12 1 1 11 7 1 12 1 1 10 7 1 12 1 1 10 11 12 1 1 9 12 1 10 12 1 1 10 12 9 12 1 9 12 1 8 1 10 12 1 10 12 1 1 100 1 8 1 9 12 1 10 12 1 1 10 12 1 8 1 8 1 10 7 1 12 1 1 1 1 1 1 1 1 1 1 1 1 1 100 10 12 1 1 1 1 1 100 1 10 12 1 10 12 1 1 10 1 1 100 10 7 1 12 1 100 1 9 12 1 1 1 1 1 10 12 10 12 1 1 1 1 9 12 9 12 1 9 12 1 8 1 100 1 8 1 10 10 12 1 1 10 12 1 10 12 1 9 12 10 12 1 9 12 9 12 1 1 1 10 12 1 1 10 7 1 12 1 1 1 10 10 12 1 1 10 7 1 12 1 100 1 1 1 1 10 12 1 9 12 1 10 8 1 8 1 9 12 1 9 12 9 12 1 1 10 7 1 12 1 1 9 12 1 10 12 1 1 1 9 12 1 1 1 1 1 10 12 1 10 10 12 1 1 10 12 9 12 10 12 1 1 9 12 9 12 100 1 100 1 1 1 1 1 1 1 1 1
staticfield org/eclipse/osgi/container/Module ACTIVE_SET Ljava/util/EnumSet; java/util/RegularEnumSet
staticfield org/eclipse/osgi/container/Module RESOLVED_SET Ljava/util/EnumSet; java/util/RegularEnumSet
staticfield org/eclipse/osgi/container/Module VALID_RESOLVED_TRANSITION Ljava/util/EnumSet; java/util/RegularEnumSet
staticfield org/eclipse/osgi/container/Module VALID_STOPPED_TRANSITION Ljava/util/EnumSet; java/util/RegularEnumSet
ciInstanceKlass org/eclipse/osgi/container/ModuleContainer 1 1 1431 7 1 7 1 100 1 1 1 1 1 1 1 1 1 1 1 1 1 1 1 1 1 1 1 1 1 1 1 1 1 1 1 1 1 1 1 1 1 1 1 10 7 1 12 1 1 10 7 1 12 1 1 9 12 1 1 1 1 10 12 7 1 10 9 12 9 12 7 1 10 9 12 9 12 9 12 7 1 10 9 12 7 1 10 9 12 9 12 7 1 10 12 1 9 12 9 12 7 1 10 12 1 9 12 7 1 10 9 12 5 0 100 1 8 1 10 7 1 12 1 1 10 7 1 12 1 1 9 12 10 12 1 1 100 1 8 1 11 7 1 12 1 1 8 1 10 7 1 12 1 1 10 12 1 1 9 12 8 1 9 12 100 1 1 1 1 1 1 1 1 1 1 1 7 1 7 1 1 1 1 1 1 10 12 1 1 10 12 1 1 10 12 1 1 1 1 7 1 10 12 1 1 1 1 1 1 1 1 1 100 1 8 1 11 100 1 12 1 1 10 12 1 1 7 1 8 1 10 12 1 10 12 1 10 12 1 1 10 12 100 1 8 1 8 1 100 1 8 1 8 1 10 1 1 1 11 100 1 12 1 1 11 7 1 12 1 1 11 7 1 12 1 1 100 1 8 1 11 12 1 1 11 7 1 12 1 1 8 1 100 1 11 12 1 1 8 1 10 12 1 1 1 1 1 1 1 1 1 7 1 10 12 1 11 12 1 11 12 1 10 12 1 1 10 12 1 1 1 1 11 7 1 8 1 100 1 8 1 10 12 1 1 8 1 8 1 8 1 1 1 11 100 1 8 1 100 1 8 1 10 12 1 10 10 7 1 12 1 1 8 1 10 12 1 10 12 1 1 8 1 100 1 1 1 1 1 1 1 1 1 1 1 1 1 11 12 1 1 8 1 8 1 8 1 11 12 1 1 10 11 7 1 7 1 8 1 11 12 1 11 12 1 11 12 1 11 12 1 10 12 1 1 10 7 1 12 1 10 12 1 1 10 12 1 1 10 12 1 8 1 8 1 10 12 1 10 12 1 1 8 1 1 1 1 1 1 1 1 1 1 1 1 1 1 1 1 1 1 1 1 1 1 1 100 1 10 100 1 12 1 1 10 12 9 7 1 12 1 1 10 12 1 1 10 12 1 1 10 12 1 5 0 9 100 1 12 1 1 10 12 1 1 8 1 100 1 10 12 1 10 10 12 1 8 1 10 100 1 12 1 1 10 12 1 8 1 10 7 1 12 1 10 12 1 10 12 1 1 10 12 1 1 10 12 1 1 7 1 10 12 7 1 10 12 1 1 10 7 1 12 1 10 12 1 1 10 7 1 12 1 11 7 1 12 1 11 12 1 10 12 1 10 7 1 12 1 1 11 100 1 12 1 1 10 12 1 10 12 1 11 100 1 12 1 9 100 1 12 1 100 1 11 11 10 100 1 12 1 10 12 1 10 12 1 1 11 10 12 1 1 100 1 11 12 1 1 9 12 1 10 12 1 10 12 1 10 12 1 1 100 1 1 1 1 1 1 1 1 1 1 1 1 1 1 1 1 1 1 1 1 1 1 1 1 1 1 100 1 1 1 9 12 1 100 1 8 1 10 12 1 1 8 1 10 10 12 1 1 10 12 1 10 12 1 1 9 12 1 1 10 7 1 100 1 9 12 1 1 10 12 1 1 9 12 1 9 7 1 12 1 10 12 1 1 9 12 1 10 12 10 12 1 100 1 9 12 1 1 10 12 1 1 9 100 1 12 1 1 100 1 10 12 1 1 1 1 1 1 1 1 9 12 1 9 12 10 10 12 1 1 10 12 1 1 1 1 1 1 1 1 10 12 1 1 1 1 10 12 1 7 1 10 12 1 100 1 8 1 10 10 12 1 10 12 1 1 10 12 1 1 10 100 1 12 1 1 10 12 1 10 12 1 10 7 1 12 1 10 12 1 8 1 10 12 1 100 1 1 1 1 1 1 1 1 1 100 1 1 11 10 10 12 1 10 12 1 11 10 12 1 11 12 1 10 12 1 1 10 12 1 10 12 1 1 11 11 12 1 10 12 1 1 1 1 1 1 1 1 1 1 1 1 1 1 1 1 1 1 10 12 1 10 7 1 12 1 10 12 1 1 10 12 1 1 10 12 1 7 1 10 12 1 1 10 12 1 100 1 9 100 1 12 1 1 11 12 1 10 1 1 1 1 1 1 1 1 1 1 1 1 1 7 1 10 12 1 11 10 12 1 1 10 8 1 10 12 1 1 10 8 1 1 1 1 1 1 1 10 12 1 10 12 9 12 1 11 100 1 9 12 1 10 10 10 12 1 10 12 1 10 12 1 10 12 1 10 12 1 1 10 12 1 10 12 1 10 12 1 10 12 1 10 12 1 10 12 1 11 12 1 10 10 12 1 100 1 10 12 1 11 12 1 1 10 12 1 10 12 1 7 1 9 12 1 1 9 12 1 10 12 1 1 9 12 10 12 1 1 7 1 10 12 10 12 1 10 12 1 10 12 1 11 9 12 1 1 1 1 1 1 1 1 1 1 1 1 1 1 10 1 1 1 100 1 10 12 1 10 12 1 1 10 12 1 1 1 1 1 1 10 12 1 1 1 10 12 1 10 12 1 1 10 10 10 10 12 1 10 12 1 10 12 1 11 12 11 10 12 1 11 12 1 1 11 7 1 12 1 11 12 1 11 8 1 8 1 10 10 100 1 12 1 1 10 100 1 12 1 1 10 12 1 10 12 1 10 12 1 1 10 12 1 1 10 10 12 1 10 12 1 1 1 1 1 1 1 1 1 1 1 1 1 1 1 1 1 1 1 1 1 1 1 1 1 1 1 10 12 1 10 1 1 1 1 1 1 1 10 12 1 1 1 1 10 12 1 10 12 1 1 10 12 1 1 1 10 12 1 10 12 10 10 12 10 10 10 12 1 10 8 1 11 12 1 10 12 1 100 1 1 1 10 12 1 1 1 10 10 12 1 1 1 1 1 11 10 12 1 1 1 1 1 1 1 10 12 1 1 1 1 1 10 7 1 12 1 1 10 12 10 100 1 12 1 1 1 1 1 100 1 10 12 1 10 12 1 100 1 10 12 1 10 12 1 10 12 1 1 1 10 12 9 12 1 8 1 8 1 10 8 1 10 12 1 1 1 1 10 12 1 10 8 1 1 1 100 1 10 12 1 1 1 1 1 1 1 1 1 1 1 1 1 1 1 1 1 1 1 1 1
staticfield org/eclipse/osgi/container/ModuleContainer secureAction Lorg/eclipse/osgi/framework/util/SecureAction; org/eclipse/osgi/framework/util/SecureAction
ciInstanceKlass org/osgi/resource/Wire 1 0 20 100 1 100 1 1 1 1 1 1 1 1 1 1 1 1 1 1 1 1
instanceKlass org/eclipse/osgi/internal/loader/EquinoxClassLoader
ciInstanceKlass org/eclipse/osgi/internal/loader/ModuleClassLoader 1 1 657 7 1 7 1 100 1 1 1 1 1 1 1 1 1 1 1 1 10 12 1 1 7 1 10 12 1 10 12 1 1 9 12 10 7 1 12 1 1 7 1 1 1 1 1 1 1 10 12 7 1 9 7 1 12 1 1 10 12 1 9 12 7 1 10 9 12 1 1 1 1 1 1 1 1 1 1 1 1 1 1 1 1 1 1 100 1 1 10 12 10 7 1 12 1 1 10 12 1 1 1 1 1 1 1 1 1 1 7 1 1 1 10 12 1 1 1 1 1 1 1 10 12 9 7 1 12 1 8 1 7 1 8 1 10 12 1 10 12 1 1 8 1 10 12 1 8 1 10 12 1 1 10 12 1 1 10 12 1 8 1 1 1 100 1 1 10 12 1 1 1 100 1 1 8 1 10 12 1 11 100 1 12 1 1 1 1 10 12 1 1 1 10 12 10 7 1 12 1 1 1 7 1 10 12 1 1 10 12 1 1 1 1 1 1 1 10 12 1 1 10 12 1 10 12 1 1 10 12 1 7 1 10 12 1 1 1 1 1 1 1 1 7 1 1 1 10 12 1 1 1 1 10 12 1 1 1 1 1 1 1 1 1 1 100 1 10 1 10 10 10 7 1 10 100 1 12 1 10 12 9 7 1 12 1 10 12 1 1 100 1 11 7 1 12 1 1 11 12 1 11 12 1 1 11 100 1 12 1 1 10 7 1 12 1 1 7 1 7 1 10 7 1 12 1 1 10 12 1 10 12 10 12 1 100 1 1 1 1 1 1 1 1 1 1 1 1 1 1 1 1 100 10 12 1 1 10 7 1 1 1 1 10 12 1 1 1 1 1 1 1 10 12 1 10 12 10 10 12 1 11 12 1 11 12 1 1 8 1 11 12 1 1 10 12 1 8 1 1 1 1 1 10 12 1 1 1 10 12 1 1 1 10 12 1 1 1 1 1 1 100 1 1 1 1 12 10 1 1 12 10 1 8 1 1 12 10 1 1 100 1 8 1 1 12 10 1 8 1 1 12 10 1 8 1 1 12 10 1 7 1 12 10 1 8 1 12 10 1 8 1 8 1 12 10 1 8 1 7 10 1 8 1 8 1 1 12 10 1 1 12 10 1 8 1 7 1 8 1 1 12 10 1 100 1 1 12 10 3 7 1 1 12 10 1 100 1 8 1 8 10 10 1 8 1 8 1 8 1 8 1 8 1 1 12 10 1 8 1 7 1 8 1 8 1 7 1 7 1 1 12 10 1 7 1 12 9 8 1 12 10 10 1 8 1 1 12 10 1 1 12 10 1 8 1 1 12 10 1 7 10 1 8 1 7 1 1 12 10 1 8 1 1 12 10 1 100 9 8 1 1 12 9 12 10 1 100 1 1 12 10 1 100 1 100 1 12 10 1 1 1 1 1 1 1 1 1 1 1 1 1 1 1 1 1 1 1 1 1 1 1 1 1 1 1 1 1 1 1 1 1 1 1 1 1 8 1
staticfield org/eclipse/osgi/internal/loader/ModuleClassLoader ALLPERMISSIONS Ljava/security/PermissionCollection; java/security/AllPermissionCollection
ciInstanceKlass org/eclipse/osgi/container/ModuleRevisions 1 1 128 7 1 7 1 100 1 1 1 1 1 1 1 1 1 1 1 1 1 1 1 1 1 1 10 12 1 9 12 7 1 10 12 1 9 12 9 12 9 12 9 12 1 1 1 1 1 1 1 1 1 1 10 7 1 12 1 1 1 10 12 1 1 100 1 1 1 1 1 9 12 11 7 1 12 1 1 11 12 1 1 7 1 1 1 11 12 1 1 1 1 1 11 12 1 1 10 12 1 1 1 1 100 1 100 1 8 1 10 12 1 10 12 1 1 10 12 1 1 10 8 1 10 12 1 1 1 1
ciInstanceKlass org/eclipse/osgi/container/ModuleRevision 1 1 243 7 1 7 1 100 1 1 1 1 1 1 1 1 1 1 1 1 1 1 1 1 1 1 1 1 1 1 1 10 12 1 9 12 9 12 9 12 9 12 10 12 1 1 9 12 10 12 1 9 12 9 12 9 12 1 1 1 1 1 1 1 1 1 1 7 1 10 12 1 9 7 1 12 1 1 10 7 1 12 1 1 10 12 1 1 1 7 1 10 9 12 1 1 1 1 10 7 1 12 1 1 1 1 1 1 1 10 12 1 10 7 1 12 1 1 1 1 1 10 12 1 1 10 12 1 1 1 1 1 1 10 12 1 1 10 7 1 12 1 1 1 10 12 1 1 10 12 1 1 1 1 1 1 10 7 1 12 1 100 1 8 1 10 12 11 7 1 12 1 11 12 1 1 7 1 8 1 11 12 1 1 8 1 11 7 1 12 1 10 7 1 12 1 1 10 12 1 1 1 1 1 1 1 1 1 1 1 1 10 12 1 10 12 1 1 10 1 100 1 8 1 10 12 7 1 10 1 1 1 1 1 10 12 1 1 1 100 1 100 1 1 1
ciInstanceKlass org/osgi/resource/Wiring 1 0 20 100 1 100 1 1 1 1 1 1 1 1 1 1 1 1 1 1 1 1
ciInstanceKlass org/osgi/framework/wiring/BundleWiring 1 1 66 100 1 100 1 100 1 100 1 1 1 1 3 1 1 3 1 1 1 1 1 1 1 1 1 1 1 1 1 1 1 1 1 1 1 1 1 1 1 1 1 1 1 1 1 1 1 1 11 12 1 1 1 1 1 1 1 100 1 8 1 1 12 10 1 1
ciInstanceKlass org/eclipse/osgi/internal/container/NamespaceList 1 1 112 7 1 7 1 1 1 1 1 1 1 1 1 1 1 1 1 1 1 1 1 1 1 1 7 1 10 12 1 9 12 7 1 10 9 12 7 1 10 9 12 1 1 1 1 1 10 7 1 12 1 1 10 12 1 1 10 12 1 1 1 10 9 12 9 12 9 12 1 1 1 1 1 1 1 11 7 1 12 1 1 1 11 7 1 12 1 1 1 1 1 1 1 1 10 7 1 12 1 1 10 12 1 1 1 1 1 1 1 1 1 1
staticfield org/eclipse/osgi/internal/container/NamespaceList WIRE Ljava/util/function/Function; org/eclipse/osgi/internal/container/NamespaceList$1
staticfield org/eclipse/osgi/internal/container/NamespaceList CAPABILITY Ljava/util/function/Function; org/eclipse/osgi/internal/container/NamespaceList$2
staticfield org/eclipse/osgi/internal/container/NamespaceList REQUIREMENT Ljava/util/function/Function; org/eclipse/osgi/internal/container/NamespaceList$3
ciInstanceKlass org/eclipse/osgi/container/ModuleCapability 1 1 141 7 1 7 1 100 1 1 1 1 1 1 1 1 1 1 1 1 1 1 1 1 10 12 1 9 12 9 12 9 12 100 1 8 1 10 7 1 12 1 1 7 1 10 12 1 9 12 9 12 1 1 1 1 1 1 7 1 7 1 1 1 1 1 1 1 1 1 1 10 12 1 11 12 1 10 7 1 12 1 1 1 1 1 1 100 1 7 1 10 12 1 1 10 12 1 8 1 10 12 1 1 10 12 1 10 10 12 1 10 12 1 1 10 7 1 12 1 1 7 1 8 1 10 12 1 11 12 1 1 10 7 1 12 1 1 1 10 12 1 1
ciInstanceKlass org/osgi/framework/wiring/BundleWire 1 1 35 100 1 100 1 100 1 1 1 1 1 1 1 1 1 1 1 1 1 11 12 1 1 1 11 12 1 11 12 11 12 1 1 1 1
ciInstanceKlass org/eclipse/osgi/container/ModuleWire 1 1 90 7 1 7 1 100 1 1 1 1 1 1 1 1 1 1 1 1 1 10 12 1 9 12 9 12 9 12 9 12 9 12 1 1 1 1 1 1 1 1 1 1 10 7 1 12 1 1 1 1 1 1 1 1 100 1 10 10 12 10 12 1 1 8 1 10 12 1 10 12 10 12 1 1 10 12 1 1 10 12 1 1 10 12 1 1 10 12 1 1
ciInstanceKlass org/eclipse/osgi/container/ModuleWiring 1 1 601 7 1 7 1 100 1 1 1 1 1 1 8 1 1 1 1 1 1 1 1 1 1 1 1 1 1 1 1 1 1 1 1 1 1 1 1 1 1 1 1 7 1 8 1 10 12 1 1 9 12 1 1 1 1 10 12 7 1 10 9 12 7 1 10 12 1 9 12 9 12 7 1 10 9 12 9 12 9 12 9 12 9 12 9 12 11 7 1 12 1 1 10 7 1 12 1 1 9 12 1 1 1 1 7 1 7 1 1 1 10 12 1 10 12 1 10 10 10 12 1 100 1 10 12 1 1 100 1 8 1 10 12 1 1 11 100 1 1 1 1 1 1 10 12 1 1 1 1 1 1 100 1 10 12 1 11 12 1 1 11 100 1 12 1 1 7 1 100 1 8 1 10 12 1 1 10 7 1 12 1 1 8 1 10 12 1 1 11 7 1 12 1 1 11 12 1 11 12 1 1 1 1 1 1 1 1 1 1 10 12 10 7 1 12 1 1 1 1 10 12 1 1 10 12 1 1 1 1 10 12 1 1 1 1 100 1 10 12 1 1 1 1 1 1 1 1 1 1 1 1 1 1 1 1 10 7 1 12 1 1 10 100 1 12 1 1 10 12 1 1 10 7 1 12 1 1 1 1 10 12 1 1 1 1 10 12 10 12 1 1 1 1 1 10 12 1 10 12 1 1 1 1 1 1 1 10 12 1 1 1 1 1 1 1 1 1 1 1 1 1 1 1 1 1 10 12 1 1 1 10 12 1 10 12 1 1 10 7 1 12 1 1 10 7 1 12 1 1 10 7 1 12 1 1 1 1 1 1 10 7 1 10 12 1 11 12 1 1 1 1 1 1 1 1 1 10 12 1 1 100 1 10 8 1 10 12 1 100 1 1 1 1 1 10 7 1 12 1 1 18 12 1 1 9 12 1 1 10 7 1 12 1 1 9 12 1 1 18 12 1 1 10 7 1 12 1 1 1 1 1 1 1 1 1 1 10 100 1 100 1 10 10 12 1 1 10 12 1 1 11 12 1 1 1 1 1 11 1 1 11 12 1 1 1 1 10 12 1 1 11 12 1 10 12 1 10 12 1 1 11 100 1 11 1 1 1 1 1 1 1 1 1 10 12 1 10 12 1 1 10 7 1 100 1 100 1 8 1 10 10 12 1 1 10 10 7 1 10 10 12 1 10 11 12 1 1 100 1 8 1 8 1 10 12 1 1 1 1 1 1 1 1 1 1 10 12 1 10 12 1 10 12 1 18 12 1 10 12 1 1 1 1 11 12 1 1 1 1 1 10 7 1 12 1 1 15 16 10 12 15 16 16 10 12 15 16 16 10 12 15 16 1 100 1 100 1 1 1 1 1
staticfield org/eclipse/osgi/container/ModuleWiring GET_CLASSLOADER_PERM Ljava/lang/RuntimePermission; java/lang/RuntimePermission
ciInstanceKlass org/eclipse/osgi/internal/framework/EquinoxEventPublisher 1 1 546 7 1 7 1 1 1 1 3 1 3 1 3 1 3 1 1 1 1 1 1 1 1 1 1 1 1 1 1 7 1 1 1 1 10 12 1 9 12 7 1 10 9 12 9 12 9 12 9 12 1 1 1 1 1 7 1 7 1 8 1 10 12 1 10 7 1 12 1 1 10 12 1 1 10 10 10 12 1 1 1 10 12 1 11 7 1 12 1 9 12 10 12 1 1 1 100 1 1 1 1 7 1 10 12 1 1 1 1 7 1 10 12 10 12 1 10 12 1 1 1 1 1 10 7 1 12 1 1 10 12 1 18 12 1 1 10 100 1 12 1 1 1 1 10 12 11 12 1 1 10 12 1 11 12 1 1 11 7 1 12 1 1 11 7 1 12 1 1 7 1 11 12 1 7 1 10 12 1 10 11 12 1 7 1 10 12 1 1 10 7 1 12 1 1 11 12 1 1 11 12 1 10 12 1 11 12 1 10 12 1 1 7 1 10 12 1 10 12 1 1 11 12 1 1 11 10 12 7 1 10 12 1 1 10 12 1 1 10 12 1 1 1 1 1 1 1 1 1 1 1 1 1 1 1 1 1 1 1 1 1 1 1 1 1 1 1 1 1 1 1 1 1 1 1 100 1 1 10 12 1 1 10 7 1 12 1 1 9 7 1 12 1 1 8 1 8 1 10 12 1 8 1 10 12 1 1 10 12 1 8 1 8 1 10 12 1 1 10 12 1 1 7 1 8 18 12 1 1 10 7 1 12 1 1 1 1 1 1 1 1 1 10 12 1 1 1 10 12 1 1 10 7 1 12 1 1 10 7 1 12 1 1 10 7 1 10 12 10 12 1 1 18 12 1 1 1 7 1 10 11 7 1 12 1 1 10 10 1 1 1 1 1 1 1 1 1 1 1 1 100 1 1 1 1 1 7 1 10 100 1 8 10 12 1 1 11 12 1 1 10 10 1 1 100 1 1 10 12 1 1 1 100 1 1 1 1 11 18 12 1 1 10 100 1 12 1 1 100 1 10 5 0 9 100 1 12 1 1 10 12 1 1 10 100 1 12 1 1 10 12 1 100 1 1 1 1 1 1 1 1 1 1 1 1 100 1 11 12 1 1 1 1 1 1 1 1 1 10 12 1 1 1 1 1 1 1 1 10 7 1 12 1 1 15 16 10 12 15 1 16 1 16 10 12 15 1 16 16 10 12 15 16 1 16 10 12 15 16 1 100 1 100 1 1 1
instanceKlass org/eclipse/osgi/internal/loader/sources/SingleSourcePackage
instanceKlass org/eclipse/osgi/internal/loader/sources/MultiSourcePackage
instanceKlass org/eclipse/osgi/internal/loader/sources/NullPackageSource
ciInstanceKlass org/eclipse/osgi/internal/loader/sources/PackageSource 1 1 232 7 1 7 1 1 1 1 1 1 10 12 1 10 7 1 12 1 1 9 12 1 1 1 1 1 1 1 1 1 10 12 10 12 1 1 1 1 1 10 12 1 1 1 1 1 100 1 1 1 1 1 1 1 100 1 1 1 10 12 10 7 1 1 1 1 1 1 1 1 100 1 100 1 10 10 12 1 1 8 1 8 1 10 12 10 12 1 10 12 1 1 10 12 1 1 1 1 1 1 1 1 1 1 1 1 10 7 1 12 1 1 8 1 10 12 1 1 10 12 1 1 10 12 1 1 10 7 1 12 1 100 1 10 100 1 12 1 1 10 12 1 1 10 12 1 1 10 12 1 1 1 1 1 1 1 1 1 1 1 1 1 1 1 1 1 1 1 10 12 1 10 12 1 10 12 1 1 10 7 1 12 1 10 12 1 1 1 1 1 1 100 1 1 10 12 1 1 10 12 1 1 1 1 1 1 100 7 1 10 12 1 1 10 7 1 12 1 1 10 7 1 10 12 1 1 1 1 1 1 1 1
ciInstanceKlass org/eclipse/osgi/internal/loader/sources/NullPackageSource 1 1 71 7 1 7 1 1 1 1 1 1 1 1 7 1 10 12 1 9 12 1 1 1 10 12 1 1 1 1 1 1 1 1 1 1 1 1 1 1 1 1 1 1 11 7 1 12 1 1 10 11 12 1 1 1 1 1 1 1 10 100 1 12 1 1 1 1 1 10 12 1 1
ciInstanceKlass org/eclipse/osgi/internal/loader/sources/MultiSourcePackage 1 1 116 7 1 7 1 1 1 1 1 1 10 12 1 9 12 1 1 1 1 1 1 1 1 1 1 1 100 1 1 1 10 7 1 12 1 1 1 1 1 1 1 1 100 1 100 1 100 1 1 10 12 1 100 1 1 1 1 10 12 10 100 1 12 1 1 1 1 1 100 1 1 1 1 100 1 10 12 1 10 12 11 100 1 12 1 1 11 100 1 12 1 1 11 100 1 12 1 1 11 12 1 11 12 1 1 1 1 1 1 1 1 1 1 1 1 1
instanceKlass org/eclipse/osgi/internal/loader/SystemBundleLoader$SystemModuleClassLoader
ciInstanceKlass org/eclipse/osgi/internal/loader/EquinoxClassLoader 1 1 75 7 1 7 1 1 1 1 1 1 1 1 1 1 1 1 1 1 10 7 1 12 1 1 7 1 1 1 1 1 1 10 12 1 9 12 10 7 1 12 1 1 9 12 9 12 9 12 7 1 10 12 1 9 12 1 1 1 1 1 1 1 1 1 1 1 1 1 1 1 100 1 100 1 1
ciInstanceKlass org/eclipse/osgi/internal/loader/BundleLoader$ClassContext 1 1 26 100 1 7 1 1 1 1 10 12 1 1 1 1 1 1 1 1 10 12 1 1 1 100 1 1
ciInstanceKlass org/eclipse/osgi/internal/loader/BundleLoaderSources 1 1 125 7 1 7 1 1 1 1 1 1 1 1 1 1 1 1 10 7 1 12 1 1 10 7 1 12 1 1 9 12 1 1 1 1 10 12 7 1 10 9 12 9 12 1 1 1 1 11 7 1 12 1 1 7 1 7 1 10 12 1 10 12 1 1 11 12 1 1 1 1 1 1 1 1 1 1 1 10 7 1 12 1 1 100 1 8 1 11 7 1 8 1 1 1 1 1 1 1 1 1 10 12 1 8 1 7 1 100 1 10 12 1 10 12 10 12 1 1 1 1 1 1 1 1 1
instanceKlass org/eclipse/osgi/internal/loader/sources/FilteredSourcePackage
ciInstanceKlass org/eclipse/osgi/internal/loader/sources/SingleSourcePackage 1 1 92 7 1 7 1 1 1 1 1 1 10 12 1 9 12 1 1 1 1 1 1 1 1 1 1 1 1 1 100 1 1 1 10 7 1 12 1 1 1 1 10 12 1 1 1 1 10 12 1 1 1 9 12 10 12 1 1 1 1 1 1 1 1 10 100 1 12 10 100 1 1 1 1 1 1 1 10 12 1 1 10 100 1 12 1 1 1 1 1 1 1 1
ciInstanceKlass org/eclipse/osgi/internal/container/KeyBasedLockStore 1 1 91 7 1 7 1 1 1 1 1 1 1 1 1 1 1 1 1 1 1 10 12 1 7 1 10 9 12 7 1 10 9 12 9 12 1 1 1 1 1 1 1 1 1 10 12 1 10 12 1 7 1 10 12 1 11 7 1 12 1 10 12 1 10 12 1 1 10 12 1 1 1 1 1 1 1 1 1 1 1 1 1 9 12 10 12 1 1 1 1 1 1
ciInstanceKlass org/eclipse/osgi/internal/loader/ModuleClassLoader$ClassNameLock 1 1 49 7 1 7 1 1 1 1 1 1 1 1 1 1 7 1 10 12 1 9 12 1 1 1 10 9 12 1 1 1 1 100 1 8 1 10 12 10 12 1 1 10 12 1 1 1 100 1 1
staticfield org/eclipse/osgi/internal/loader/ModuleClassLoader$ClassNameLock SUPPLIER Ljava/util/function/Function; org/eclipse/osgi/internal/loader/ModuleClassLoader$ClassNameLock$1
ciInstanceKlass org/eclipse/osgi/internal/loader/classpath/ClasspathManager 1 1 955 7 1 7 1 1 1 1 1 1 1 1 1 1 1 1 1 1 1 1 1 1 1 1 1 1 1 1 1 1 7 1 9 12 7 1 8 1 9 12 1 1 1 1 10 12 9 12 7 1 10 9 12 10 7 1 12 1 1 10 7 1 12 1 1 10 7 1 12 1 1 10 7 1 12 1 1 9 12 10 12 1 1 9 12 9 12 9 12 10 12 1 1 10 12 1 1 10 12 1 1 9 12 10 12 1 1 9 12 1 1 1 1 1 100 1 8 1 10 7 1 12 1 1 11 7 1 12 1 1 11 12 1 1 7 1 10 12 1 1 8 1 11 7 1 12 1 11 12 1 1 11 12 1 1 7 1 1 1 1 1 1 1 1 10 7 1 12 1 1 10 7 1 12 1 1 100 1 8 1 10 7 1 12 1 7 1 10 12 1 11 12 1 1 11 7 1 12 1 1 7 1 10 12 1 10 12 1 10 12 1 10 12 1 1 11 12 1 7 1 1 1 1 1 1 1 1 1 1 1 1 1 10 12 1 1 10 12 1 1 10 7 1 12 1 1 10 7 1 12 1 1 10 7 1 12 1 1 11 12 1 1 11 7 1 11 12 1 11 12 1 1 11 11 12 1 1 1 1 1 1 1 1 1 10 7 1 12 10 12 1 1 9 100 1 12 1 1 100 1 10 100 1 12 1 1 10 12 1 1 10 100 1 1 1 1 1 1 1 7 10 12 1 1 10 10 1 1 1 1 1 1 10 7 1 12 1 1 7 1 10 12 1 1 10 100 1 9 100 1 12 1 10 12 1 1 10 100 1 12 1 1 10 12 1 9 12 1 1 1 1 1 1 1 1 1 1 1 10 12 1 10 12 1 1 10 12 1 10 12 1 1 10 12 1 1 10 10 12 1 1 1 1 1 10 12 1 1 10 12 1 1 100 1 8 1 10 12 1 1 10 12 1 10 12 1 1 10 12 1 10 12 1 1 1 8 1 100 1 8 1 10 12 1 10 12 1 10 12 1 1 10 8 1 8 1 10 12 1 8 1 9 12 1 8 1 1 1 1 8 1 8 1 8 1 1 10 7 1 12 1 1 10 7 1 12 1 8 1 10 12 1 10 12 1 1 10 12 1 1 10 12 1 1 1 1 1 1 1 7 1 10 10 12 1 1 1 1 10 100 1 12 1 1 10 12 11 7 1 1 1 1 1 10 12 1 10 12 1 10 12 1 1 10 12 1 1 1 10 10 12 1 1 10 12 1 1 1 10 12 1 1 10 12 1 1 10 12 1 1 100 1 1 1 1 1 1 100 1 100 1 10 12 1 1 10 12 1 10 12 1 1 1 1 1 1 1 1 1 100 10 12 1 1 1 1 1 10 12 1 10 7 1 12 1 1 10 12 1 1 1 1 100 1 1 1 1 10 12 1 1 10 12 1 10 12 1 1 1 1 100 1 1 10 12 1 10 12 1 10 12 1 1 10 12 1 1 1 1 1 100 1 1 10 12 1 1 10 12 1 1 1 10 7 1 12 1 8 1 10 12 1 8 1 10 8 1 8 1 10 12 1 1 10 12 1 1 8 1 10 12 1 10 12 1 1 8 1 8 1 100 1 8 1 10 10 12 1 1 8 1 10 12 1 8 1 8 1 8 1 10 12 1 1 8 1 7 1 1 1 1 1 1 1 1 100 1 10 12 1 1 10 12 7 1 10 10 12 1 10 12 1 1 10 7 1 12 1 9 12 1 11 12 1 9 7 1 12 1 9 12 1 10 12 1 1 11 10 12 1 10 12 1 1 11 12 1 9 12 1 10 12 1 1 1 1 1 1 10 12 1 7 1 10 12 1 1 1 1 1 10 12 1 1 10 12 1 10 12 1 1 9 12 1 10 12 1 1 10 7 1 12 1 1 10 12 1 10 7 1 12 1 10 12 1 10 12 1 10 12 1 1 1 1 1 1 1 1 1 1 1 1 1 1 1 1 1 1 1 100 1 10 10 10 12 1 10 12 1 1 1 1 10 12 1 1 10 12 10 12 1 100 1 1 1 1 1 1 10 10 12 1 10 12 1 10 12 1 1 10 12 1 1 1 1 1 1 1 1 1 1 1 1 1 10 12 1 1 10 12 1 1 10 12 1 1 1 1 1 1 1 1 1 1 1
staticfield org/eclipse/osgi/internal/loader/classpath/ClasspathManager emptyFragments [Lorg/eclipse/osgi/internal/loader/classpath/FragmentClasspath; 0 [Lorg/eclipse/osgi/internal/loader/classpath/FragmentClasspath;
staticfield org/eclipse/osgi/internal/loader/classpath/ClasspathManager DEFAULT_CLASSPATH [Ljava/lang/String; 1 [Ljava/lang/String;
ciInstanceKlass java/util/ConcurrentModificationException 0 0 34 10 100 12 1 1 1 10 12 1 10 12 1 10 12 1 100 1 1 1 1 5 0 1 1 1 1 1 1 1 1 1 1 1
ciInstanceKlass jdk/internal/module/ModulePatcher$PatchedModuleReader 0 0 269 10 100 12 1 1 1 100 1 10 11 100 12 1 1 1 11 100 12 1 1 1 11 12 1 1 100 1 100 1 10 100 12 1 1 1 100 1 10 12 1 11 12 1 1 100 1 10 10 100 12 1 1 1 100 1 100 1 10 12 1 9 12 1 1 9 12 1 1 10 12 1 1 9 12 1 1 100 1 11 12 1 10 100 12 1 1 1 10 100 12 1 1 10 12 1 100 1 10 12 1 1 100 1 9 12 1 1 10 12 1 1 8 1 10 100 12 1 1 11 12 1 1 10 12 1 10 12 11 100 12 1 1 1 10 12 1 1 100 1 100 1 10 12 1 10 100 12 1 1 10 100 12 1 1 1 10 12 1 1 10 12 1 1 11 12 10 12 1 1 11 12 10 12 1 1 9 12 1 1 10 12 1 100 1 10 11 12 1 1 100 1 10 12 1 11 12 1 1 11 11 100 12 1 1 1 11 12 1 11 100 1 10 100 12 1 1 1 1 1 1 1 1 1 1 1 1 1 1 1 1 1 1 1 100 1 1 1 1 1 1 1 1 1 1 1 1 1 1 1 1 1 1 1 1 1 1 1 1 1 1 1 1 1 1 1 1 1 1
ciInstanceKlass org/eclipse/osgi/internal/loader/BundleLoader$3 1 1 66 7 1 7 1 100 1 1 1 1 1 1 1 1 1 1 9 12 9 12 9 12 10 12 1 1 1 1 1 1 1 11 7 1 12 1 1 11 7 1 12 1 7 1 10 12 1 1 11 12 1 1 1 1 1 1 1 1 1 1 100 1 12 1 1 1
ciInstanceKlass org/eclipse/osgi/internal/loader/buddy/PolicyHandler 1 1 355 7 1 7 1 100 1 1 1 1 8 1 1 8 1 1 8 1 1 8 1 1 8 1 1 8 1 1 8 1 1 1 1 1 1 1 1 1 1 1 1 1 1 1 1 1 1 1 1 10 12 1 9 12 9 12 9 12 11 7 1 12 1 1 7 1 10 9 12 9 12 9 12 1 1 1 1 1 1 1 1 1 10 100 1 12 1 1 8 1 10 12 1 1 100 1 10 100 1 8 1 10 12 1 10 12 1 10 12 1 11 12 1 10 12 1 1 11 12 1 11 12 1 1 11 12 1 1 1 1 1 1 1 1 100 1 1 100 1 10 12 1 100 1 100 1 10 12 1 1 100 1 10 100 1 10 12 1 10 100 1 12 1 1 10 12 1 10 12 1 1 10 100 1 12 1 1 100 1 10 12 1 1 10 100 1 12 1 1 10 100 1 12 1 1 9 100 1 12 1 1 100 1 100 1 8 1 10 12 1 10 12 1 1 10 12 1 10 100 1 10 100 1 12 1 1 1 1 1 1 1 1 100 1 1 1 1 10 12 1 1 10 12 11 12 1 10 12 1 1 1 1 1 1 1 1 1 100 1 1 1 11 12 1 1 100 1 1 1 1 11 12 1 10 12 1 11 100 1 12 1 1 11 12 1 11 12 1 10 100 1 12 1 1 1 1 1 1 1 1 1 1 11 12 1 1 1 1 1 1 100 1 10 12 1 11 100 1 10 10 12 1 1 11 1 11 12 1 1 1 11 7 1 12 1 1 1 1 1 11 12 1 1 1 10 7 1 12 1 1 1 1 1 1 1
ciMethodData java/lang/Object <init> ()V 2 991373 orig 80 1 0 0 0 0 0 0 0 0 0 0 0 0 0 0 0 0 0 0 0 0 0 0 0 0 0 0 0 0 0 0 0 0 0 0 0 0 0 0 0 0 0 0 0 0 0 0 0 0 0 0 0 0 0 0 0 0 0 0 0 0 0 0 0 0 0 0 0 0 0 0 0 0 0 0 0 0 0 0 0 data 4 0x0 0x9 0x1 0x0 oops 0 methods 0
ciMethodData java/lang/String isLatin1 ()Z 2 2054044 orig 80 1 0 0 0 0 0 0 0 0 0 0 0 186 1 0 0 0 0 0 0 0 0 0 0 0 0 0 0 0 0 0 0 0 0 0 0 0 0 0 3 0 0 0 0 0 0 0 0 0 0 0 0 0 0 0 0 0 0 0 0 0 0 0 0 0 0 0 0 0 0 0 0 0 0 0 0 0 0 0 0 data 18 0x30007 0x0 0x58 0x1f57d1 0x80000006000a0007 0x46 0x38 0x1f57c2 0xe0003 0x1f57fe 0x18 0x0 0x0 0x0 0x0 0x9 0x1 0x0 oops 0 methods 0
ciMethodData java/lang/String hashCode ()I 2 6443 orig 80 0 0 0 0 0 0 0 0 0 0 0 0 0 0 0 0 0 0 0 0 0 0 0 0 0 0 0 0 0 0 0 0 0 0 0 0 0 0 0 0 0 0 0 0 0 0 0 0 0 0 0 0 0 0 0 0 0 0 0 0 0 0 0 0 0 0 0 0 0 0 0 0 0 0 0 0 0 0 0 0 data 42 0x60007 0x147c 0x108 0x4b0 0xd0007 0x3 0xe8 0x4ad 0x110005 0x4ad 0x0 0x0 0x0 0x0 0x0 0x140007 0x0 0x48 0x4ad 0x1b0002 0x4ad 0x1e0003 0x4ad 0x28 0x250002 0x0 0x2a0007 0x4ac 0x38 0x1 0x320003 0x1 0x18 0x0 0x0 0x0 0x0 0x0 0x0 0x9 0x1 0xe oops 0 methods 0
ciMethodData java/lang/StringLatin1 hashCode ([B)I 2 12220 orig 80 0 0 0 0 0 0 0 0 0 0 0 0 186 1 0 0 0 0 0 0 0 0 0 0 0 0 0 0 0 0 0 0 0 0 0 0 0 0 0 0 0 0 0 0 0 0 0 0 0 0 0 0 0 0 0 0 0 0 0 0 0 0 0 0 0 0 0 0 0 0 0 0 0 0 0 0 0 0 0 0 data 25 0x20008 0x6 0x2fad 0x70 0x1 0x40 0xe 0x58 0x1d0003 0x1 0x40 0x270003 0xe 0x28 0x300002 0x2fad 0x0 0x0 0x0 0x0 0x0 0x0 0x9 0x1 0xffffffffffffffff oops 0 methods 0
ciMethodData java/lang/String equals (Ljava/lang/Object;)Z 2 7619 orig 80 0 0 0 0 0 0 0 0 0 0 0 0 0 0 0 0 0 0 0 0 0 0 0 0 0 0 0 0 0 0 0 0 0 0 0 0 0 0 0 0 0 0 0 0 0 0 0 0 0 0 0 0 0 0 0 0 0 0 0 0 0 0 0 0 0 0 0 0 0 0 0 0 0 0 0 0 0 0 0 0 data 49 0x20007 0x1a28 0x20 0x39c 0x80104 0x0 0x0 0x1bae4f6c388 0x1a27 0x0 0x0 0xb0007 0x1 0xe0 0x1a27 0xf0004 0x0 0x0 0x1bae4f6c388 0x1a27 0x0 0x0 0x160007 0x0 0x40 0x1a27 0x210007 0x0 0x68 0x1a27 0x2c0002 0x1a27 0x2f0007 0x1949 0x38 0xde 0x330003 0xde 0x18 0x0 0x0 0x0 0x0 0x0 0x0 0x9 0x2 0x0 0x0 oops 2 7 java/lang/String 18 java/lang/String methods 0
ciMethodData java/util/AbstractCollection <init> ()V 2 71378 orig 80 0 0 0 0 0 0 0 0 0 0 0 0 186 1 0 0 0 0 0 0 0 0 0 0 0 0 0 0 0 0 0 0 0 0 0 0 0 0 0 0 0 0 0 0 0 0 0 0 0 0 0 0 0 0 0 0 0 0 0 0 0 0 0 0 0 0 0 0 0 0 0 0 0 0 0 0 0 0 0 0 data 7 0x10002 0x116d4 0x0 0x0 0x9 0x1 0x0 oops 0 methods 0
ciMethodData java/lang/String coder ()B 2 1226064 orig 80 0 0 0 0 0 0 0 0 0 0 0 0 186 1 0 0 0 0 0 0 0 0 0 0 0 0 0 0 0 0 0 0 0 0 0 0 0 0 0 0 0 0 0 0 0 0 0 0 0 0 0 0 0 0 0 0 0 0 0 0 0 0 0 0 0 0 0 0 0 0 0 0 0 0 0 0 0 0 0 0 data 14 0x30007 0x0 0x38 0x12b571 0xa0003 0x12b585 0x18 0x0 0x0 0x0 0x0 0x9 0x1 0x0 oops 0 methods 0
ciMethodData java/lang/String length ()I 2 981102 orig 80 0 0 0 0 0 0 0 0 0 0 0 0 186 1 0 0 0 0 0 0 0 0 0 0 0 0 0 0 0 0 0 0 0 0 0 0 0 0 0 0 0 0 0 0 0 0 0 0 0 0 0 0 0 0 0 0 0 0 0 0 0 0 0 0 0 0 0 0 0 0 0 0 0 0 0 0 0 0 0 0 data 16 0x60005 0xef8c7 0x0 0x0 0x0 0x0 0x0 0x0 0x0 0x0 0x0 0x0 0x0 0x9 0x1 0x0 oops 0 methods 0
ciMethodData java/lang/String charAt (I)C 2 1917974 orig 80 1 0 0 0 0 0 0 0 0 0 0 0 186 1 0 0 0 0 0 0 0 0 0 0 0 0 0 0 0 0 0 0 0 0 0 0 0 0 0 0 0 0 0 0 0 0 0 0 0 0 0 0 0 0 0 0 0 0 0 0 0 0 0 0 0 0 0 0 0 0 0 0 0 0 0 0 0 0 0 0 data 25 0x10005 0x1d44cc 0x0 0x0 0x0 0x0 0x0 0x40007 0x2f 0x30 0x1d4643 0xc0002 0x1d46f0 0x150002 0x2f 0x0 0x0 0x0 0x0 0x0 0x0 0x9 0x2 0x0 0x0 oops 0 methods 0
ciMethodData java/lang/StringLatin1 charAt ([BI)C 2 1918792 orig 80 0 0 0 0 0 0 0 0 0 0 0 0 186 1 0 0 0 0 0 0 0 0 0 0 0 0 0 0 0 0 0 0 0 0 0 0 0 0 0 0 0 0 0 0 0 0 0 0 0 0 0 0 0 0 0 0 0 0 0 0 0 0 0 0 0 0 0 0 0 0 0 0 0 0 0 0 0 0 0 0 data 12 0x30002 0x1d477e 0x0 0x0 0x0 0x0 0x0 0x0 0x9 0x2 0x0 0x0 oops 0 methods 0
ciMethodData java/lang/String checkIndex (II)V 2 1924299 orig 80 0 0 0 0 0 0 0 0 0 0 0 0 186 1 0 0 0 0 0 0 0 0 0 0 0 0 0 0 0 0 0 0 0 0 0 0 0 0 0 0 0 0 0 0 0 0 0 0 0 0 0 0 0 0 0 0 0 0 0 0 0 0 0 0 0 0 0 0 0 0 0 0 0 0 0 0 0 0 0 0 data 12 0x50002 0x1d5cd8 0x0 0x0 0x0 0x0 0x0 0x0 0x9 0x2 0x0 0x0 oops 0 methods 0
ciMethodData java/lang/StringUTF16 charAt ([BI)C 2 1522 orig 80 0 0 0 0 0 0 0 0 0 0 0 0 186 1 0 0 0 0 0 0 0 0 0 0 0 0 0 0 0 0 0 0 0 0 0 0 0 0 0 0 0 0 0 0 0 0 0 0 0 0 0 0 0 0 0 0 0 0 0 0 0 0 0 0 0 0 0 0 0 0 0 0 0 0 0 0 0 0 0 0 data 14 0x20002 0x5f2 0x70002 0x5c4 0x0 0x0 0x0 0x0 0x0 0x0 0x9 0x2 0x0 0x0 oops 0 methods 0
ciMethodData java/util/concurrent/ConcurrentHashMap tabAt ([Ljava/util/concurrent/ConcurrentHashMap$Node;I)Ljava/util/concurrent/ConcurrentHashMap$Node; 2 7380 orig 80 0 0 0 0 0 0 0 0 0 0 0 0 186 1 0 0 0 0 0 0 0 0 0 0 0 0 0 0 0 0 0 0 0 0 0 0 0 0 0 0 0 0 0 0 0 0 0 0 0 0 0 0 0 0 0 0 0 0 0 0 0 0 0 0 0 0 0 0 0 0 0 0 0 0 0 0 0 0 0 0 data 27 0xf000b 0x1cd4 0x0 0x0 0x0 0x0 0x0 0x2 0x1 0x1bafe95b210 0x120104 0x0 0x0 0x1bafe95b160 0xcee 0x1bac5a1ffa0 0xf0 0x0 0x0 0x0 0x0 0x0 0x0 0x9 0x2 0x0 0x0 oops 3 9 [Ljava/util/concurrent/ConcurrentHashMap$Node; 13 java/util/concurrent/ConcurrentHashMap$Node 15 java/util/concurrent/ConcurrentHashMap$ForwardingNode methods 0
ciMethodData java/util/concurrent/ConcurrentHashMap spread (I)I 2 41810 orig 80 0 0 0 0 0 0 0 0 0 0 0 0 186 1 0 0 0 0 0 0 0 0 0 0 0 0 0 0 0 0 0 0 0 0 0 0 0 0 0 0 0 0 0 0 0 0 0 0 0 0 0 0 0 0 0 0 0 0 0 0 0 0 0 0 0 0 0 0 0 0 0 0 0 0 0 0 0 0 0 0 data 5 0x0 0x0 0x9 0x1 0x0 oops 0 methods 0
ciMethodData java/util/concurrent/ConcurrentHashMap putIfAbsent (Ljava/lang/Object;Ljava/lang/Object;)Ljava/lang/Object; 2 13456 orig 80 0 0 0 0 0 0 0 0 0 0 0 0 186 1 0 0 0 0 0 0 0 0 0 0 0 0 0 0 0 0 0 0 0 0 0 0 0 0 0 0 0 0 0 0 0 0 0 0 0 0 0 0 0 0 0 0 0 0 0 0 0 0 0 0 0 0 0 0 0 0 0 0 0 0 0 0 0 0 0 0 data 18 0x40005 0x3490 0x0 0x0 0x0 0x0 0x0 0x0 0x0 0x0 0x0 0x0 0x0 0x9 0x3 0x0 0x0 0x0 oops 0 methods 0
ciMethodData java/util/concurrent/ConcurrentHashMap putVal (Ljava/lang/Object;Ljava/lang/Object;Z)Ljava/lang/Object; 2 24065 orig 80 2 0 0 0 0 0 0 0 0 0 0 0 186 1 0 0 0 0 0 0 0 0 0 0 0 0 0 0 0 0 0 0 0 0 0 0 0 0 0 2 0 0 0 0 0 0 0 0 0 0 0 0 0 0 0 0 0 0 0 0 0 0 0 0 0 0 0 0 0 0 0 0 0 0 0 0 0 0 0 0 data 250 0x10007 0x0 0x40 0x5e01 0x50007 0x5e02 0x30 0x0 0xc0002 0x0 0x110005 0x11fd 0x0 0x1baff520410 0xaf7 0x1bae4f6c388 0x410e 0x140002 0x5e04 0x240007 0x182 0x40 0x5e08 0x2d0007 0x5e09 0x70 0x0 0x310005 0x182 0x0 0x0 0x0 0x0 0x0 0x360003 0x182 0x5f8 0x450002 0x5e08 0x4b0007 0x2aa6 0x78 0x3362 0x5b0002 0x3363 0x5e0002 0x3363 0x8000000600610007 0x3 0x590 0x3361 0x640003 0x3361 0x588 0x700007 0x2aa6 0x70 0x0 0x780005 0x0 0x0 0x0 0x0 0x0 0x0 0x7d0003 0x0 0x500 0x810007 0x791 0xf8 0x2314 0x880007 0x11ef 0xd8 0x1125 0x8000000600940007 0x47 0x98 0x10df 0x990007 0x0 0x98 0x10df 0x9f0005 0x0 0x0 0x1bae4f6c388 0x10dd 0x1baff520410 0x2 0xa20007 0x0 0x40 0x10df 0xad0007 0x0 0x20 0x1126 0xc00002 0x1981 0xc50007 0x0 0x330 0x1981 0xca0007 0x0 0x188 0x1981 0xdb0007 0x1fb7 0xf0 0x28c 0xe70007 0x21 0x98 0x26b 0xec0007 0x0 0xb0 0x26b 0xf20005 0x1 0x0 0x1bae4f6c388 0x269 0x1bae4f6e9d8 0x1 0xf50007 0x0 0x58 0x26b 0x1000007 0x25d 0x98 0x2f 0x1090003 0x2f 0x78 0x1180007 0x8c2 0x48 0x16f5 0x1250002 0x16f5 0x12b0003 0x16f6 0x30 0x1310003 0x8c2 0xfffffffffffffec8 0x1340003 0x1982 0x1a0 0x1390004 0x0 0x0 0x0 0x0 0x0 0x0 0x13c0007 0x0 0xe8 0x0 0x1440004 0x0 0x0 0x0 0x0 0x0 0x0 0x14b0005 0x0 0x0 0x0 0x0 0x0 0x0 0x1510007 0x0 0x40 0x0 0x15c0007 0x0 0x20 0x0 0x1650003 0x0 0x80 0x16a0004 0x0 0x0 0x0 0x0 0x0 0x0 0x16d0007 0x0 0x30 0x0 0x1760002 0x0 0x17d0003 0x1982 0x18 0x18a0007 0x0 0x98 0x1982 0x1910007 0x1981 0x58 0x1 0x1990005 0x1 0x0 0x0 0x0 0x0 0x0 0x19e0007 0x16f6 0x38 0x28c 0x1a40003 0x185 0xfffffffffffff990 0x1ab0005 0x4a57 0x0 0x0 0x0 0x0 0x0 0x0 0x0 0x0 0x0 0x0 0x0 0x0 0x0 0x0 0x9 0x4 0x0 0x0 0x0 0x0 oops 6 13 jdk/internal/util/WeakReferenceKey 15 java/lang/String 87 java/lang/String 89 jdk/internal/util/WeakReferenceKey 124 java/lang/String 126 java/lang/invoke/MemberName methods 0
ciMethodData java/lang/String isEmpty ()Z 2 158182 orig 80 0 0 0 0 0 0 0 0 0 0 0 0 186 1 0 0 0 0 0 0 0 0 0 0 0 0 0 0 0 0 0 0 0 0 0 0 0 0 0 0 0 0 0 0 0 0 0 0 0 0 0 0 0 0 0 0 0 0 0 0 0 0 0 0 0 0 0 0 0 0 0 0 0 0 0 0 0 0 0 0 data 14 0x50007 0x23ac2 0x38 0x2f28 0x90003 0x2f28 0x18 0x0 0x0 0x0 0x0 0x9 0x1 0x0 oops 0 methods 0
ciMethodData java/util/concurrent/ConcurrentHashMap get (Ljava/lang/Object;)Ljava/lang/Object; 2 12319 orig 80 1 0 0 0 0 0 0 0 0 0 0 0 186 1 0 0 0 0 0 0 0 0 0 0 0 0 0 0 0 0 0 0 0 0 0 0 0 0 0 1 0 0 0 0 0 0 0 0 0 0 0 0 0 0 0 0 0 0 0 0 0 0 0 0 0 0 0 0 0 0 0 0 0 0 0 0 0 0 0 0 data 101 0x10005 0x23bc 0x0 0x1bac5040368 0xbc1 0x1bae4f6e9d8 0xa2 0x40002 0x301f 0xf0007 0x153 0x290 0x2ecc 0x170007 0x0 0x270 0x2ecc 0x220002 0x2ecc 0x270007 0x9ea 0x240 0x24e2 0x330007 0x9ef 0xb8 0x1af3 0x3e0007 0xeb0 0x98 0xc43 0x430007 0x0 0x108 0xc43 0x490005 0x6df 0x0 0x1bac5040368 0x537 0x1bae4f6e9d8 0x2d 0x4c0007 0x0 0xb0 0xc43 0x560007 0x9ef 0x90 0x0 0x5d0005 0x0 0x0 0x0 0x0 0x0 0x0 0x630007 0x0 0x38 0x0 0x6b0003 0x0 0x18 0x760007 0x451 0xd8 0x782 0x7f0007 0x1e0 0xffffffffffffffe0 0x5a2 0x8a0007 0x399 0x98 0x209 0x8f0007 0x0 0xffffffffffffffa0 0x209 0x950005 0x1a 0x0 0x1bac5040368 0xee 0x1bae4f6c388 0x101 0x8000000600980007 0x4 0xffffffffffffff48 0x206 0x0 0x0 0x0 0x0 0x0 0x0 0x9 0x2 0x0 0x0 oops 6 3 jdk/internal/util/StrongReferenceKey 5 java/lang/invoke/MemberName 38 jdk/internal/util/StrongReferenceKey 40 java/lang/invoke/MemberName 83 jdk/internal/util/StrongReferenceKey 85 java/lang/String methods 0
ciMethodData java/lang/System getSecurityManager ()Ljava/lang/SecurityManager; 2 52095 orig 80 0 0 0 0 0 0 0 0 0 0 0 0 186 1 0 0 0 0 0 0 0 0 0 0 0 0 0 0 0 0 0 0 0 0 0 0 0 0 0 0 0 0 0 0 0 0 0 0 0 0 0 0 0 0 0 0 0 0 0 0 0 0 0 0 0 0 0 0 0 0 0 0 0 0 0 0 0 0 0 0 data 14 0x2 0xcb80 0x30007 0xcb5c 0x20 0x24 0x0 0x0 0x0 0x0 0x0 0x0 0x9 0x0 oops 0 methods 0
ciMethodData java/lang/System allowSecurityManager ()Z 2 52096 orig 80 0 0 0 0 0 0 0 0 0 0 0 0 186 1 0 0 0 0 0 0 0 0 0 0 0 0 0 0 0 0 0 0 0 0 0 0 0 0 0 0 0 0 0 0 0 0 0 0 0 0 0 0 0 0 0 0 0 0 0 0 0 0 0 0 0 0 0 0 0 0 0 0 0 0 0 0 0 0 0 0 data 11 0x40007 0xcb5c 0x38 0x24 0x80003 0x24 0x18 0x0 0x0 0x9 0x0 oops 0 methods 0
ciMethodData java/util/HashMap hash (Ljava/lang/Object;)I 2 63820 orig 80 1 0 0 0 0 0 0 0 0 0 0 0 186 1 0 0 0 0 0 0 0 0 0 0 0 0 0 0 0 0 0 0 0 0 0 0 0 0 0 3 0 0 0 0 0 0 0 0 0 0 0 0 0 0 0 0 0 0 0 0 0 0 0 0 0 0 0 0 0 0 0 0 0 0 0 0 0 0 0 0 data 23 0x8000000600010007 0xf940 0x38 0xf 0x50003 0xf 0x50 0x90005 0x3d72 0x0 0x1bae4f6c388 0xb99b 0x1bac5191538 0x233 0x0 0x0 0x0 0x0 0x0 0x0 0x9 0x1 0xffffffffffffffff oops 2 10 java/lang/String 12 java/lang/module/ModuleDescriptor methods 0
ciMethodData java/lang/StringLatin1 canEncode (I)Z 2 23533 orig 80 0 0 0 0 0 0 0 0 0 0 0 0 186 1 0 0 0 0 0 0 0 0 0 0 0 0 0 0 0 0 0 0 0 0 0 0 0 0 0 0 0 0 0 0 0 0 0 0 0 0 0 0 0 0 0 0 0 0 0 0 0 0 0 0 0 0 0 0 0 0 0 0 0 0 0 0 0 0 0 0 data 15 0x10007 0x0 0x58 0x5bed 0x80007 0x0 0x38 0x5bed 0xc0003 0x5bed 0x18 0x0 0x9 0x1 0x0 oops 0 methods 0
ciMethodData java/util/HashMap put (Ljava/lang/Object;Ljava/lang/Object;)Ljava/lang/Object; 2 26050 orig 80 2 0 0 0 0 0 0 0 0 0 0 0 0 0 0 0 0 0 0 0 0 0 0 0 0 0 0 0 0 0 0 0 0 0 0 0 0 0 0 0 0 0 0 0 0 0 0 0 0 0 0 0 0 0 0 0 0 0 0 0 0 0 0 0 0 0 0 0 0 0 0 0 0 0 0 0 0 0 0 0 data 20 0x20002 0x65c3 0x90005 0x65c4 0x0 0x0 0x0 0x0 0x0 0x0 0x0 0x0 0x0 0x0 0x0 0x9 0x3 0xffffffffffffffff 0xffffffffffffffff 0xffffffffffffffff oops 0 methods 0
ciMethodData java/util/HashMap getNode (Ljava/lang/Object;)Ljava/util/HashMap$Node; 2 12347 orig 80 1 0 0 0 0 0 0 0 0 0 0 0 0 0 0 0 0 0 0 0 0 0 0 0 0 0 0 0 0 0 0 0 0 0 0 0 0 0 0 0 0 0 0 0 0 0 0 0 0 0 0 0 0 0 0 0 0 0 0 0 0 0 0 0 0 0 0 0 0 0 0 0 0 0 0 0 0 0 0 0 data 103 0x60007 0x202 0x2e8 0x2e3a 0xe0007 0x0 0x2c8 0x2e3a 0x170002 0x2e3a 0x210007 0xf07 0x298 0x1f34 0x2a0007 0xfb4 0xb8 0xf80 0x350007 0xb72 0x98 0x40e 0x390007 0x0 0x78 0x40e 0x3f0005 0x74 0x0 0x1bae4f6c388 0x397 0x1bac518e440 0x3 0x420007 0x0 0x20 0x40e 0x4e0007 0x8a3 0x1c0 0x711 0x520004 0xfffffffffffff8ef 0x0 0x1bafdbdcfd8 0x25 0x0 0x0 0x550007 0x711 0x90 0x0 0x590004 0x0 0x0 0x0 0x0 0x0 0x0 0x5f0005 0x0 0x0 0x0 0x0 0x0 0x0 0x6a0007 0x590 0xb8 0x2de 0x760007 0x1fe 0x98 0xe0 0x7a0007 0x0 0x78 0xe0 0x800005 0x2 0x0 0x1bae4f6c388 0xd1 0x1bae4f70698 0xd 0x830007 0x0 0x20 0xe0 0x910007 0x15d 0xffffffffffffff48 0x433 0x0 0x0 0x0 0x0 0x0 0x0 0x9 0x2 0x0 0x0 oops 5 29 java/lang/String 31 java/util/zip/ZipFile$Source$Key 44 java/util/HashMap$Node 81 java/lang/String 83 java/lang/Integer methods 0
ciMethodData java/util/HashMap$HashIterator hasNext ()Z 2 6366 orig 80 0 0 0 0 0 0 0 0 0 0 0 0 0 0 0 0 0 0 0 0 0 0 0 0 0 0 0 0 0 0 0 0 0 0 0 0 0 0 0 0 0 0 0 0 0 0 0 0 0 0 0 0 0 0 0 0 0 0 0 0 0 0 0 0 0 0 0 0 0 0 0 0 0 0 0 0 0 0 0 0 data 16 0x40007 0xac4 0x38 0xe1b 0x80003 0xe1b 0x18 0x0 0x0 0x0 0x0 0x0 0x0 0x9 0x1 0x0 oops 0 methods 0
ciMethodData java/util/HashMap$HashIterator nextNode ()Ljava/util/HashMap$Node; 2 3129 orig 80 0 0 0 0 0 0 0 0 0 0 0 0 0 0 0 0 0 0 0 0 0 0 0 0 0 0 0 0 0 0 0 0 0 0 0 0 0 0 0 0 0 0 0 0 0 0 0 0 0 0 0 0 0 0 0 0 0 0 0 0 0 0 0 0 0 0 0 0 0 0 0 0 0 0 0 0 0 0 0 0 data 39 0x100007 0xc3a 0x30 0x0 0x170002 0x0 0x1c0007 0xc3a 0x30 0x0 0x230002 0x0 0x350007 0xca 0x80 0xb70 0x410007 0x0 0x60 0xb70 0x4a0007 0x825 0x40 0x4e2c 0x5f0007 0x4ae1 0xffffffffffffffe0 0x34b 0x0 0x0 0x0 0x0 0x0 0x0 0x0 0x0 0x9 0x1 0x0 oops 0 methods 0
ciMethodData java/util/HashMap get (Ljava/lang/Object;)Ljava/lang/Object; 2 9155 orig 80 0 0 0 0 0 0 0 0 0 0 0 0 0 0 0 0 0 0 0 0 0 0 0 0 0 0 0 0 0 0 0 0 0 0 0 0 0 0 0 0 0 0 0 0 0 0 0 0 0 0 0 0 0 0 0 0 0 0 0 0 0 0 0 0 0 0 0 0 0 0 0 0 0 0 0 0 0 0 0 0 data 24 0x20005 0x23c4 0x0 0x0 0x0 0x0 0x0 0x70007 0xe5e 0x38 0x1566 0xb0003 0x1566 0x18 0x0 0x0 0x0 0x0 0x0 0x0 0x9 0x2 0x0 0x0 oops 0 methods 0
ciMethodData java/util/HashMap$KeyIterator next ()Ljava/lang/Object; 2 9542 orig 80 0 0 0 0 0 0 0 0 0 0 0 0 0 0 0 0 0 0 0 0 0 0 0 0 0 0 0 0 0 0 0 0 0 0 0 0 0 0 0 0 0 0 0 0 0 0 0 0 0 0 0 0 0 0 0 0 0 0 0 0 0 0 0 0 0 0 0 0 0 0 0 0 0 0 0 0 0 0 0 0 data 16 0x10005 0x2547 0x0 0x0 0x0 0x0 0x0 0x0 0x0 0x0 0x0 0x0 0x0 0x9 0x1 0x0 oops 0 methods 0
ciMethodData java/util/HashMap$HashIterator <init> (Ljava/util/HashMap;)V 2 8817 orig 80 1 0 0 0 1 0 0 0 0 0 0 0 0 0 0 0 0 0 0 0 0 0 0 0 0 0 0 0 0 0 0 0 0 0 0 0 0 0 0 3 0 0 0 0 0 0 0 0 0 0 0 0 0 0 0 0 0 0 0 0 0 0 0 0 0 0 0 0 0 0 0 0 0 0 0 0 0 0 0 0 data 29 0x60002 0x2272 0x260007 0x436 0x80 0x1e3c 0x80000006002d0007 0xde 0x60 0x1d61 0x360007 0x0 0x40 0x9800 0x4b0007 0x7a9f 0xffffffffffffffe0 0x1d61 0x0 0x0 0x0 0x0 0x0 0x0 0x0 0x9 0x2 0x1e 0x0 oops 0 methods 0
ciMethodData java/util/HashMap keySet ()Ljava/util/Set; 2 10840 orig 80 0 0 0 0 0 0 0 0 0 0 0 0 0 0 0 0 0 0 0 0 0 0 0 0 0 0 0 0 0 0 0 0 0 0 0 0 0 0 0 0 0 0 0 0 0 0 0 0 0 0 0 0 0 0 0 0 0 0 0 0 0 0 0 0 0 0 0 0 0 0 0 0 0 0 0 0 0 0 0 0 data 15 0x60007 0x2a34 0x30 0x25 0xe0002 0x25 0x0 0x0 0x0 0x0 0x0 0x0 0x9 0x1 0x0 oops 0 methods 0
ciMethodData java/util/HashMap$KeySet iterator ()Ljava/util/Iterator; 2 13228 orig 80 1 0 0 0 0 0 0 0 0 0 0 0 0 0 0 0 0 0 0 0 0 0 0 0 0 0 0 0 0 0 0 0 0 0 0 0 0 0 0 0 0 0 0 0 0 0 0 0 0 0 0 0 0 0 0 0 0 0 0 0 0 0 0 0 0 0 0 0 0 0 0 0 0 0 0 0 0 0 0 0 data 9 0x80002 0x33ad 0x0 0x0 0x0 0x0 0x9 0x1 0x0 oops 0 methods 0
ciMethodData java/util/HashMap$KeyIterator <init> (Ljava/util/HashMap;)V 2 13228 orig 80 0 0 0 0 0 0 0 0 0 0 0 0 0 0 0 0 0 0 0 0 0 0 0 0 0 0 0 0 0 0 0 0 0 0 0 0 0 0 0 0 0 0 0 0 0 0 0 0 0 0 0 0 0 0 0 0 0 0 0 0 0 0 0 0 0 0 0 0 0 0 0 0 0 0 0 0 0 0 0 0 data 8 0x20002 0x33ad 0x0 0x0 0x9 0x2 0x0 0x0 oops 0 methods 0
ciMethodData java/util/HashSet iterator ()Ljava/util/Iterator; 2 13258 orig 80 1 0 0 0 0 0 0 0 0 0 0 0 0 0 0 0 0 0 0 0 0 0 0 0 0 0 0 0 0 0 0 0 0 0 0 0 0 0 0 0 0 0 0 0 0 0 0 0 0 0 0 0 0 0 0 0 0 0 0 0 0 0 0 0 0 0 0 0 0 0 0 0 0 0 0 0 0 0 0 0 data 23 0x40005 0x0 0x0 0x1bafdbdbef8 0x33b0 0x1bafdbdc360 0x1b 0x70005 0x0 0x0 0x1baff5b0bb0 0x33b0 0x1baff5b0c60 0x1b 0x0 0x0 0x0 0x0 0x0 0x0 0x9 0x1 0x0 oops 4 3 java/util/HashMap 5 java/util/LinkedHashMap 10 java/util/HashMap$KeySet 12 java/util/LinkedHashMap$LinkedKeySet methods 0
ciMethodData java/util/HashMap containsKey (Ljava/lang/Object;)Z 2 14507 orig 80 0 0 0 0 0 0 0 0 0 0 0 0 0 0 0 0 0 0 0 0 0 0 0 0 0 0 0 0 0 0 0 0 0 0 0 0 0 0 0 0 0 0 0 0 0 0 0 0 0 0 0 0 0 0 0 0 0 0 0 0 0 0 0 0 0 0 0 0 0 0 0 0 0 0 0 0 0 0 0 0 data 24 0x20005 0x38ac 0x0 0x0 0x0 0x0 0x0 0x50007 0x32af 0x38 0x5fd 0x90003 0x5fd 0x18 0x0 0x0 0x0 0x0 0x0 0x0 0x9 0x2 0x0 0x0 oops 0 methods 0
ciMethodData java/util/Arrays copyOfRangeByte ([BII)[B 2 74811 orig 80 0 0 0 0 0 0 0 0 0 0 0 0 186 1 0 0 0 0 0 0 0 0 0 0 0 0 0 0 0 0 0 0 0 0 0 0 0 0 0 0 0 0 0 0 0 0 0 0 0 0 0 0 0 0 0 0 0 0 0 0 0 0 0 0 0 0 0 0 0 0 0 0 0 0 0 0 0 0 0 0 data 17 0x20002 0x1243b 0x180002 0x1243c 0x1b0002 0x1243b 0x0 0x0 0x0 0x0 0x0 0x0 0x9 0x3 0xffffffffffffffff 0x0 0x0 oops 0 methods 0
ciMethodData java/util/Arrays checkLength (II)V 2 75108 orig 80 0 0 0 0 0 0 0 0 0 0 0 0 186 1 0 0 0 0 0 0 0 0 0 0 0 0 0 0 0 0 0 0 0 0 0 0 0 0 0 0 0 0 0 0 0 0 0 0 0 0 0 0 0 0 0 0 0 0 0 0 0 0 0 0 0 0 0 0 0 0 0 0 0 0 0 0 0 0 0 0 data 46 0x20007 0x12564 0x120 0x0 0xd0002 0x0 0x110005 0x0 0x0 0x0 0x0 0x0 0x0 0x170005 0x0 0x0 0x0 0x0 0x0 0x0 0x1b0005 0x0 0x0 0x0 0x0 0x0 0x0 0x1e0005 0x0 0x0 0x0 0x0 0x0 0x0 0x210002 0x0 0x0 0x0 0x0 0x0 0x0 0x0 0x9 0x2 0x0 0x0 oops 0 methods 0
ciMethodData java/util/AbstractSet <init> ()V 2 15595 orig 80 0 0 0 0 0 0 0 0 0 0 0 0 186 1 0 0 0 0 0 0 0 0 0 0 0 0 0 0 0 0 0 0 0 0 0 0 0 0 0 0 0 0 0 0 0 0 0 0 0 0 0 0 0 0 0 0 0 0 0 0 0 0 0 0 0 0 0 0 0 0 0 0 0 0 0 0 0 0 0 0 data 7 0x10002 0x3ceb 0x0 0x0 0x9 0x1 0x0 oops 0 methods 0
ciMethodData java/lang/String <init> ([BB)V 2 66805 orig 80 0 0 0 0 0 0 0 0 0 0 0 0 186 1 0 0 0 0 0 0 0 0 0 0 0 0 0 0 0 0 0 0 0 0 0 0 0 0 0 0 0 0 0 0 0 0 0 0 0 0 0 0 0 0 0 0 0 0 0 0 0 0 0 0 0 0 0 0 0 0 0 0 0 0 0 0 0 0 0 0 data 11 0x10002 0x104f5 0x0 0x0 0x0 0x0 0x9 0x3 0xc 0x0 0x0 oops 0 methods 0
ciMethodData java/util/HashMap$KeySet <init> (Ljava/util/HashMap;)V 1 36 orig 80 0 0 0 0 0 0 0 0 0 0 0 0 186 1 0 0 0 0 0 0 0 0 0 0 0 0 0 0 0 0 0 0 0 0 0 0 0 0 0 0 0 0 0 0 0 0 0 0 0 0 0 0 0 0 0 0 0 0 0 0 0 0 0 0 0 0 0 0 0 0 0 0 0 0 0 0 0 0 0 0 data 10 0x60002 0x24 0x0 0x0 0x0 0x0 0x9 0x2 0x6 0x0 oops 0 methods 0
ciMethodData jdk/internal/util/Preconditions checkFromToIndex (IIILjava/util/function/BiFunction;)I 2 26692 orig 80 0 0 0 0 0 0 0 0 0 0 0 0 186 1 0 0 0 0 0 0 0 0 0 0 0 0 0 0 0 0 0 0 0 0 0 0 0 0 0 0 0 0 0 0 0 0 0 0 0 0 0 0 0 0 0 0 0 0 0 0 0 0 0 0 0 0 0 0 0 0 0 0 0 0 0 0 0 0 0 0 data 26 0x10007 0x0 0x60 0x6844 0x60007 0x0 0x40 0x6844 0xb0007 0x6844 0x30 0x0 0x120002 0x0 0x0 0x0 0x0 0x0 0x0 0x0 0x9 0x4 0x0 0x0 0x0 0x0 oops 0 methods 0
ciMethodData java/lang/String substring (II)Ljava/lang/String; 2 13397 orig 80 1 0 0 0 0 0 0 0 0 0 0 0 186 1 0 0 0 0 0 0 0 0 0 0 0 0 0 0 0 0 0 0 0 0 0 0 0 0 0 1 0 0 0 0 0 0 0 0 0 0 0 0 0 0 0 0 0 0 0 0 0 0 0 0 0 0 0 0 0 0 0 0 0 0 0 0 0 0 0 0 data 46 0x10005 0x3455 0x0 0x0 0x0 0x0 0x0 0x80002 0x3455 0xc0007 0x1f22 0x40 0x1533 0x110007 0x1438 0x20 0xfb 0x1c0005 0x335a 0x0 0x0 0x0 0x0 0x0 0x80000006001f0007 0x2 0x48 0x3359 0x290002 0x3359 0x2c0003 0x3359 0x28 0x360002 0x2 0x0 0x0 0x0 0x0 0x0 0x0 0x9 0x3 0x0 0x0 0x0 oops 0 methods 0
ciMethodData java/lang/String checkBoundsBeginEnd (III)V 2 18965 orig 80 0 0 0 0 0 0 0 0 0 0 0 0 186 1 0 0 0 0 0 0 0 0 0 0 0 0 0 0 0 0 0 0 0 0 0 0 0 0 0 0 0 0 0 0 0 0 0 0 0 0 0 0 0 0 0 0 0 0 0 0 0 0 0 0 0 0 0 0 0 0 0 0 0 0 0 0 0 0 0 0 data 13 0x60002 0x4a15 0x0 0x0 0x0 0x0 0x0 0x0 0x9 0x3 0x0 0x0 0x0 oops 0 methods 0
ciMethodData java/lang/StringLatin1 newString ([BII)Ljava/lang/String; 2 8218 orig 80 0 0 0 0 0 0 0 0 0 0 0 0 186 1 0 0 0 0 0 0 0 0 0 0 0 0 0 0 0 0 0 0 0 0 0 0 0 0 0 0 0 0 0 0 0 0 0 0 0 0 0 0 0 0 0 0 0 0 0 0 0 0 0 0 0 0 0 0 0 0 0 0 0 0 0 0 0 0 0 0 data 19 0x10007 0x2015 0x20 0x5 0x100002 0x2015 0x140002 0x2015 0x0 0x0 0x0 0x0 0x0 0x0 0x9 0x3 0x0 0x0 0x0 oops 0 methods 0
ciMethodData java/lang/StringUTF16 newString ([BII)Ljava/lang/String; 1 2 orig 80 0 0 0 0 0 0 0 0 0 0 0 0 186 1 0 0 0 0 0 0 0 0 0 0 0 0 0 0 0 0 0 0 0 0 0 0 0 0 0 0 0 0 0 0 0 0 0 0 0 0 0 0 0 0 0 0 0 0 0 0 0 0 0 0 0 0 0 0 0 0 0 0 0 0 0 0 0 0 0 0 data 29 0x10007 0x2 0x20 0x0 0xb0007 0x0 0x50 0x2 0x110002 0x2 0x170002 0x2 0x230002 0x2 0x360002 0x0 0x3a0002 0x0 0x0 0x0 0x0 0x0 0x0 0x0 0x9 0x3 0xffffffffffffffff 0x0 0x0 oops 0 methods 0
ciMethodData java/util/Arrays copyOfRange ([BII)[B 2 87204 orig 80 0 0 0 0 0 0 0 0 0 0 0 0 186 1 0 0 0 0 0 0 0 0 0 0 0 0 0 0 0 0 0 0 0 0 0 0 0 0 0 0 0 0 0 0 0 0 0 0 0 0 0 0 0 0 0 0 0 0 0 0 0 0 0 0 0 0 0 0 0 0 0 0 0 0 0 0 0 0 0 0 data 35 0x10007 0xcf7e 0x40 0x8526 0x70007 0x310f 0x30 0x541a 0xd0002 0x12399 0x120005 0x0 0x0 0x1bafd207688 0x310f 0x0 0x0 0x150004 0x0 0x0 0x1bafd207688 0x310f 0x0 0x0 0x0 0x0 0x0 0x0 0x0 0x0 0x9 0x3 0xffffffffffffffff 0x0 0x0 oops 2 13 [B 20 [B methods 0
ciMethodData java/lang/String indexOf (II)I 2 7753 orig 80 0 0 0 0 0 0 0 0 0 0 0 0 186 1 0 0 0 0 0 0 0 0 0 0 0 0 0 0 0 0 0 0 0 0 0 0 0 0 0 0 0 0 0 0 0 0 0 0 0 0 0 0 0 0 0 0 0 0 0 0 0 0 0 0 0 0 0 0 0 0 0 0 0 0 0 0 0 0 0 0 data 43 0x10005 0x1e49 0x0 0x0 0x0 0x0 0x0 0x40007 0x1 0x80 0x1e49 0xe0005 0x1e49 0x0 0x0 0x0 0x0 0x0 0x110002 0x1e49 0x140003 0x1e49 0x60 0x1e0005 0x1 0x0 0x0 0x0 0x0 0x0 0x210002 0x1 0x0 0x0 0x0 0x0 0x0 0x0 0x9 0x3 0x0 0x0 0x0 oops 0 methods 0
ciMethodData java/lang/StringLatin1 indexOf ([BIII)I 2 7753 orig 80 0 0 0 0 0 0 0 0 0 0 0 0 186 1 0 0 0 0 0 0 0 0 0 0 0 0 0 0 0 0 0 0 0 0 0 0 0 0 0 0 0 0 0 0 0 0 0 0 0 0 0 0 0 0 0 0 0 0 0 0 0 0 0 0 0 0 0 0 0 0 0 0 0 0 0 0 0 0 0 0 data 28 0x10002 0x1e49 0x40007 0x1e49 0x20 0x0 0xb0002 0x1e49 0x120002 0x1e49 0x180007 0x1e26 0x20 0x23 0x210002 0x1e26 0x0 0x0 0x0 0x0 0x0 0x0 0x9 0x4 0x0 0x0 0x0 0x0 oops 0 methods 0
ciMethodData java/lang/StringUTF16 indexOf ([BIII)I 1 1 orig 80 0 0 0 0 0 0 0 0 0 0 0 0 186 1 0 0 0 0 0 0 0 0 0 0 0 0 0 0 0 0 0 0 0 0 0 0 0 0 0 0 0 0 0 0 0 0 0 0 0 0 0 0 0 0 0 0 0 0 0 0 0 0 0 0 0 0 0 0 0 0 0 0 0 0 0 0 0 0 0 0 data 28 0x20002 0x1 0xb0002 0x1 0x110007 0x1 0x20 0x0 0x190007 0x0 0x30 0x1 0x200002 0x1 0x280002 0x0 0x0 0x0 0x0 0x0 0x0 0x0 0x9 0x4 0x0 0x0 0x0 0x0 oops 0 methods 0
ciMethodData java/lang/String indexOf (I)I 2 229024 orig 80 1 0 0 0 0 0 0 0 0 0 0 0 186 1 0 0 0 0 0 0 0 0 0 0 0 0 0 0 0 0 0 0 0 0 0 0 0 0 0 0 0 0 0 0 0 0 0 0 0 0 0 0 0 0 0 0 0 0 0 0 0 0 0 0 0 0 0 0 0 0 0 0 0 0 0 0 0 0 0 0 data 17 0x30005 0x37ea0 0x0 0x0 0x0 0x0 0x0 0x0 0x0 0x0 0x0 0x0 0x0 0x9 0x2 0x0 0x0 oops 0 methods 0
ciMethodData java/lang/String lastIndexOf (I)I 2 74453 orig 80 0 0 0 0 0 0 0 0 0 0 0 0 186 1 0 0 0 0 0 0 0 0 0 0 0 0 0 0 0 0 0 0 0 0 0 0 0 0 0 0 0 0 0 0 0 0 0 0 0 0 0 0 0 0 0 0 0 0 0 0 0 0 0 0 0 0 0 0 0 0 0 0 0 0 0 0 0 0 0 0 data 24 0x30005 0x122d9 0x0 0x0 0x0 0x0 0x0 0x80005 0x122d5 0x0 0x0 0x0 0x0 0x0 0x0 0x0 0x0 0x0 0x0 0x0 0x9 0x2 0x0 0x0 oops 0 methods 0
ciMethodData java/lang/String lastIndexOf (II)I 2 62328 orig 80 0 0 0 0 0 0 0 0 0 0 0 0 186 1 0 0 0 0 0 0 0 0 0 0 0 0 0 0 0 0 0 0 0 0 0 0 0 0 0 0 0 0 0 0 0 0 0 0 0 0 0 0 0 0 0 0 0 0 0 0 0 0 0 0 0 0 0 0 0 0 0 0 0 0 0 0 0 0 0 0 data 29 0x10005 0xf378 0x0 0x0 0x0 0x0 0x0 0x40007 0x0 0x48 0xf379 0xd0002 0xf37a 0x100003 0xf37a 0x28 0x190002 0x0 0x0 0x0 0x0 0x0 0x0 0x0 0x9 0x3 0x0 0x0 0x0 oops 0 methods 0
ciMethodData java/lang/StringLatin1 lastIndexOf ([BII)I 2 1173 orig 80 0 0 0 0 0 0 0 0 0 0 0 0 186 1 0 0 0 0 0 0 0 0 0 0 0 0 0 0 0 0 0 0 0 0 0 0 0 0 0 0 0 0 0 0 0 0 0 0 0 0 0 0 0 0 0 0 0 0 0 0 0 0 0 0 0 0 0 0 0 0 0 0 0 0 0 0 0 0 0 0 data 30 0x10002 0x495 0x40007 0x495 0x20 0x0 0xe0002 0x495 0x130007 0x2de 0x58 0xeeb1 0x1b0007 0xecfa 0x20 0x1b7 0x230003 0xecfa 0xffffffffffffffc0 0x0 0x0 0x0 0x0 0x0 0x0 0x9 0x3 0x0 0x0 0x0 oops 0 methods 0
ciMethodData java/lang/ref/Reference reachabilityFence (Ljava/lang/Object;)V 2 71166 orig 80 0 0 0 0 0 0 0 0 0 0 0 0 186 1 0 0 0 0 0 0 0 0 0 0 0 0 0 0 0 0 0 0 0 0 0 0 0 0 0 0 0 0 0 0 0 0 0 0 0 0 0 0 0 0 0 0 0 0 0 0 0 0 0 0 0 0 0 0 0 0 0 0 0 0 0 0 0 0 0 0 data 4 0x0 0x9 0x1 0x0 oops 0 methods 0
ciMethodData java/lang/String startsWith (Ljava/lang/String;I)Z 2 5172 orig 80 0 0 0 0 0 0 0 0 0 0 0 0 186 1 0 0 0 0 0 0 0 0 0 0 0 0 0 0 0 0 0 0 0 0 0 0 0 0 0 1 0 0 0 0 0 0 0 0 0 0 0 0 0 0 0 0 0 0 0 0 0 0 0 0 0 0 0 0 0 0 0 0 0 0 0 0 0 0 0 0 data 78 0x10007 0x19 0xb0 0x141b 0x60005 0x141b 0x0 0x0 0x0 0x0 0x0 0xa0005 0x141b 0x0 0x0 0x0 0x0 0x0 0xe0007 0x123e 0x20 0x1dd 0x270005 0x123e 0x0 0x0 0x0 0x0 0x0 0x2f0005 0x123e 0x0 0x0 0x0 0x0 0x0 0x8000000600320007 0x1 0x88 0x123e 0x380007 0x123e 0x20 0x0 0x460002 0x123e 0x490007 0xf63 0x38 0x2db 0x4d0003 0x2db 0x18 0x540007 0x1 0x20 0x0 0x5d0007 0x0 0x50 0x1 0x650002 0x1 0x740007 0x0 0xffffffffffffffd0 0x1 0x0 0x0 0x0 0x0 0x0 0x0 0x9 0x3 0x0 0x0 0x0 oops 0 methods 0
ciMethodData jdk/internal/util/ArraysSupport mismatch ([BI[BII)I 2 6144 orig 80 0 0 0 0 0 0 0 0 0 0 0 0 186 1 0 0 0 0 0 0 0 0 0 0 0 0 0 0 0 0 0 0 0 0 0 0 0 0 0 0 0 0 0 0 0 0 0 0 0 0 0 0 0 0 0 0 0 0 0 0 0 0 0 0 0 0 0 0 0 0 0 0 0 0 0 0 0 0 0 0 data 38 0x70007 0x1070 0x70 0x790 0x100007 0x743 0x20 0x4d 0x300002 0x743 0x370007 0x6e1 0x20 0x62 0x4a0007 0x8b6 0x58 0x164f 0x590007 0x7b4 0x20 0xe9b 0x620003 0x7b4 0xffffffffffffffc0 0x0 0x0 0x0 0x0 0x0 0x0 0x9 0x5 0x0 0x0 0x0 0x0 0x0 oops 0 methods 0
ciMethodData java/lang/String startsWith (Ljava/lang/String;)Z 2 85867 orig 80 1 0 0 0 0 0 0 0 0 0 0 0 186 1 0 0 0 0 0 0 0 0 0 0 0 0 0 0 0 0 0 0 0 0 0 0 0 0 0 0 0 0 0 0 0 0 0 0 0 0 0 0 0 0 0 0 0 0 0 0 0 0 0 0 0 0 0 0 0 0 0 0 0 0 0 0 0 0 0 0 data 17 0x30005 0x14f6c 0x0 0x0 0x0 0x0 0x0 0x0 0x0 0x0 0x0 0x0 0x0 0x9 0x2 0x0 0x0 oops 0 methods 0
ciMethodData java/security/AccessController doPrivileged (Ljava/security/PrivilegedAction;)Ljava/lang/Object; 2 4435 orig 80 0 0 0 0 0 0 0 0 0 0 0 0 186 1 0 0 0 0 0 0 0 0 0 0 0 0 0 0 0 0 0 0 0 0 0 0 0 0 0 0 0 0 0 0 0 0 0 0 0 0 0 0 0 0 0 0 0 0 0 0 0 0 0 0 0 0 0 0 0 0 0 0 0 0 0 0 0 0 0 0 data 13 0x20002 0x1153 0x50002 0x1152 0x0 0x0 0x0 0x0 0x0 0x0 0x9 0x1 0x0 oops 0 methods 0
ciMethodData java/security/AccessController executePrivileged (Ljava/security/PrivilegedAction;Ljava/security/AccessControlContext;Ljava/lang/Class;)Ljava/lang/Object; 2 4611 orig 80 0 0 0 0 0 0 0 0 0 0 0 0 186 1 0 0 0 0 0 0 0 0 0 0 0 0 0 0 0 0 0 0 0 0 0 0 0 0 0 0 0 0 0 0 0 0 0 0 0 0 0 0 0 0 0 0 0 0 0 0 0 0 0 0 0 0 0 0 0 0 0 0 0 0 0 0 0 0 0 0 data 52 0x10007 0x1153 0x30 0xb1 0x50002 0xb1 0xb0007 0x1204 0x60 0x0 0xe0002 0x0 0x110007 0x0 0x30 0x0 0x180002 0x0 0x1d0005 0xb95 0x0 0x1bafeb19b30 0x1 0x1bafeb19be0 0x1 0x260007 0x1204 0x60 0x0 0x290002 0x0 0x2c0007 0x0 0x30 0x0 0x330002 0x0 0x380002 0x1204 0x3c0002 0x1205 0x0 0x0 0x0 0x0 0x0 0x0 0x9 0x3 0x0 0x0 0x0 oops 2 21 sun/security/jca/ProviderList$2 23  @bci java/security/Security <clinit> ()V 9 <appendix> argL0 ; methods 0
ciMethod java/lang/IllegalStateException <init> (Ljava/lang/String;)V 0 0 1 0 -1
ciMethodData java/lang/ClassLoader checkName (Ljava/lang/String;)Z 2 5161 orig 80 0 0 0 0 0 0 0 0 0 0 0 0 186 1 0 0 0 0 0 0 0 0 0 0 0 0 0 0 0 0 0 0 0 0 0 0 0 0 0 0 0 0 0 0 0 0 0 0 0 0 0 0 0 0 0 0 0 0 0 0 0 0 0 0 0 0 0 0 0 0 0 0 0 0 0 0 0 0 0 0 data 46 0x10007 0x0 0x78 0x1429 0x50005 0x1429 0x0 0x0 0x0 0x0 0x0 0x80007 0x1429 0x20 0x0 0x100005 0x1429 0x0 0x0 0x0 0x0 0x0 0x140007 0x0 0x78 0x1429 0x190005 0x1429 0x0 0x0 0x0 0x0 0x0 0x1e0007 0x1429 0x20 0x0 0x0 0x0 0x0 0x0 0x0 0x0 0x9 0x1 0x0 oops 0 methods 0
ciMethodData java/util/HashSet contains (Ljava/lang/Object;)Z 2 10638 orig 80 1 0 0 0 0 0 0 0 0 0 0 0 186 1 0 0 0 0 0 0 0 0 0 0 0 0 0 0 0 0 0 0 0 0 0 0 0 0 0 0 0 0 0 0 0 0 0 0 0 0 0 0 0 0 0 0 0 0 0 0 0 0 0 0 0 0 0 0 0 0 0 0 0 0 0 0 0 0 0 0 data 17 0x50005 0x0 0x0 0x1bafdbdbef8 0x2942 0x1bafdbdc360 0x4c 0x0 0x0 0x0 0x0 0x0 0x0 0x9 0x2 0x0 0x0 oops 2 3 java/util/HashMap 5 java/util/LinkedHashMap methods 0
ciMethodData java/util/Collections$UnmodifiableCollection$1 hasNext ()Z 2 7828 orig 80 0 0 0 0 0 0 0 0 0 0 0 0 186 1 0 0 0 0 0 0 0 0 0 0 0 0 0 0 0 0 0 0 0 0 0 0 0 0 0 0 0 0 0 0 0 0 0 0 0 0 0 0 0 0 0 0 0 0 0 0 0 0 0 0 0 0 0 0 0 0 0 0 0 0 0 0 0 0 0 0 data 16 0x40005 0x1 0x0 0x1baff5b6770 0x1dc3 0x1bafe8e0090 0xd0 0x0 0x0 0x0 0x0 0x0 0x0 0x9 0x1 0x0 oops 2 3 java/util/HashMap$KeyIterator 5 java/util/ArrayList$Itr methods 0
ciMethodData java/util/Collections$UnmodifiableCollection$1 next ()Ljava/lang/Object; 2 11547 orig 80 1 0 0 0 0 0 0 0 0 0 0 0 186 1 0 0 0 0 0 0 4 0 0 0 0 0 0 0 0 0 0 0 0 0 0 0 0 0 0 0 0 0 0 0 0 0 0 0 0 0 0 0 0 0 0 0 0 0 0 0 0 0 0 0 0 0 0 0 0 0 0 0 0 0 0 0 0 0 0 0 data 16 0x8000000400040005 0x18 0x0 0x1baff5b6770 0x2cf7 0x1bac57b5848 0x10 0x0 0x0 0x0 0x0 0x0 0x0 0x9 0x1 0x0 oops 2 3 java/util/HashMap$KeyIterator 5 java/util/Arrays$ArrayItr methods 0
ciMethodData java/util/Collections$UnmodifiableCollection iterator ()Ljava/util/Iterator; 2 10659 orig 80 1 0 0 0 0 0 0 0 0 0 0 0 186 1 0 0 0 0 0 0 0 0 0 0 0 0 0 0 0 0 0 0 0 0 0 0 0 0 0 0 0 0 0 0 0 0 0 0 0 0 0 0 0 0 0 0 0 0 0 0 0 0 0 0 0 0 0 0 0 0 0 0 0 0 0 0 0 0 0 0 data 8 0x50002 0x29a3 0x0 0x0 0x0 0x9 0x1 0x0 oops 0 methods 0
ciMethodData java/util/Collections$UnmodifiableCollection$1 <init> (Ljava/util/Collections$UnmodifiableCollection;)V 2 10659 orig 80 0 0 0 0 0 0 0 0 0 0 0 0 186 1 0 0 0 0 0 0 4 0 0 0 0 0 0 0 0 0 0 0 0 0 0 0 0 0 0 0 0 0 0 0 0 0 0 0 0 0 0 0 0 0 0 0 0 0 0 0 0 0 0 0 0 0 0 0 0 0 0 0 0 0 0 0 0 0 0 0 data 19 0x60002 0x29a3 0x8000000400110005 0x8 0x0 0x1bafdbdb280 0x299b 0x1baff5afaf8 0x4 0x0 0x0 0x0 0x0 0x0 0x0 0x9 0x2 0x6 0x0 oops 2 5 java/util/HashSet 7 java/util/Arrays$ArrayList methods 0
ciMethodData java/lang/StringBuilder append (Ljava/lang/Object;)Ljava/lang/StringBuilder; 2 11300 orig 80 0 0 0 0 0 0 0 0 0 0 0 0 186 1 0 0 0 0 0 0 0 0 0 0 0 0 0 0 0 0 0 0 0 0 0 0 0 0 0 0 0 0 0 0 0 0 0 0 0 0 0 0 0 0 0 0 0 0 0 0 0 0 0 0 0 0 0 0 0 0 0 0 0 0 0 0 0 0 0 0 data 19 0x20002 0x2c24 0x50005 0x2c23 0x0 0x0 0x0 0x0 0x0 0x0 0x0 0x0 0x0 0x0 0x0 0x9 0x2 0xe 0xffffffffffffffff oops 0 methods 0
ciMethodData java/lang/String valueOf (Ljava/lang/Object;)Ljava/lang/String; 2 13636 orig 80 0 0 0 0 0 0 0 0 0 0 0 0 186 1 0 0 0 0 0 0 0 0 0 0 0 0 0 0 0 0 0 0 0 0 0 0 0 0 0 0 0 0 0 0 0 0 0 0 0 0 0 0 0 0 0 0 0 0 0 0 0 0 0 0 0 0 0 0 0 0 0 0 0 0 0 0 0 0 0 0 data 23 0x10007 0x353f 0x38 0x5 0x70003 0x5 0x50 0xb0005 0x566 0x0 0x1bac667c778 0x92 0x1bae4f6c388 0x5ba 0x0 0x0 0x0 0x0 0x0 0x0 0x9 0x1 0xffffffffffffffff oops 2 10 java/security/Provider$UString 12 java/lang/String methods 0
ciMethod java/util/LinkedHashMap$LinkedKeySet <init> (Ljava/util/LinkedHashMap;Z)V 660 0 328 0 -1
ciMethod java/util/LinkedHashMap$LinkedKeySet iterator ()Ljava/util/Iterator; 308 0 134 0 0
ciMethod java/util/LinkedHashMap$LinkedKeyIterator <init> (Ljava/util/LinkedHashMap;Z)V 308 0 134 0 0
ciMethodData java/lang/ClassLoader findLoadedClass (Ljava/lang/String;)Ljava/lang/Class; 2 14202 orig 80 0 0 0 0 0 0 0 0 0 0 0 0 186 1 0 0 0 0 0 0 0 0 0 0 0 0 0 0 0 0 0 0 0 0 0 0 0 0 0 0 0 0 0 0 0 0 0 0 0 0 0 0 0 0 0 0 0 0 0 0 0 0 0 0 0 0 0 0 0 0 0 0 0 0 0 0 0 0 0 0 data 23 0x10002 0x377a 0x40007 0x3779 0x20 0x0 0xb0005 0x377a 0x0 0x0 0x0 0x0 0x0 0x0 0x0 0x0 0x0 0x0 0x0 0x9 0x2 0x0 0x0 oops 0 methods 0
ciMethodData jdk/internal/misc/VM isModuleSystemInited ()Z 2 4942 orig 80 0 0 0 0 0 0 0 0 0 0 0 0 186 1 0 0 0 0 0 0 0 0 0 0 0 0 0 0 0 0 0 0 0 0 0 0 0 0 0 0 0 0 0 0 0 0 0 0 0 0 0 0 0 0 0 0 0 0 0 0 0 0 0 0 0 0 0 0 0 0 0 0 0 0 0 0 0 0 0 0 data 11 0x40007 0x0 0x38 0x134e 0x80003 0x134e 0x18 0x0 0x0 0x9 0x0 oops 0 methods 0
ciMethodData java/lang/ClassLoader getClassLoadingLock (Ljava/lang/String;)Ljava/lang/Object; 2 4722 orig 80 0 0 0 0 0 0 0 0 0 0 0 0 186 1 0 0 0 0 0 0 0 0 0 0 0 0 0 0 0 0 0 0 0 0 0 0 0 0 0 0 0 0 0 0 0 0 0 0 0 0 0 0 0 0 0 0 0 0 0 0 0 0 0 0 0 0 0 0 0 0 0 0 0 0 0 0 0 0 0 0 data 27 0x60007 0x52a 0x88 0xd49 0xd0002 0xd49 0x170005 0x0 0x0 0x1bae4f6fb88 0xd48 0x0 0x0 0x1c0007 0x8ec 0x20 0x45d 0x0 0x0 0x0 0x0 0x0 0x0 0x9 0x2 0x0 0x0 oops 1 9 java/util/concurrent/ConcurrentHashMap methods 0
ciMethodData java/lang/ClassLoader loadClass (Ljava/lang/String;)Ljava/lang/Class; 2 6934 orig 80 0 0 0 0 0 0 0 0 0 0 0 0 186 1 0 0 0 0 0 0 0 0 0 0 0 0 0 0 0 0 0 0 0 0 0 0 0 0 0 0 0 0 0 0 0 0 0 0 0 0 0 0 0 0 0 0 0 0 0 0 0 0 0 0 0 0 0 0 0 0 0 0 0 0 0 0 0 0 0 0 data 17 0x30005 0x1716 0x0 0x1bac67078a8 0x3d3 0x1bac6707958 0x2d 0x0 0x0 0x0 0x0 0x0 0x0 0x9 0x2 0xffffffffffffffff 0xffffffffffffffff oops 2 3 org/eclipse/equinox/launcher/Main$StartupClassLoader 5 lombok/launch/ShadowClassLoader methods 0
ciMethodData java/util/LinkedHashMap$LinkedHashIterator <init> (Ljava/util/LinkedHashMap;Z)V 2 3825 orig 80 0 0 0 0 0 0 0 0 0 0 0 0 0 0 0 0 0 0 0 0 0 0 0 0 0 0 0 0 0 0 0 0 0 0 0 0 0 0 0 0 0 0 0 0 0 0 0 0 0 0 0 0 0 0 0 0 0 0 0 0 0 0 0 0 0 0 0 0 0 0 0 0 0 0 0 0 0 0 0 0 data 18 0x60002 0xef2 0x100007 0xef2 0x38 0x0 0x170003 0x0 0x18 0x0 0x0 0x0 0x0 0x9 0x3 0x1e 0x0 0x0 oops 0 methods 0
ciMethodData jdk/internal/loader/BuiltinClassLoader loadClassOrNull (Ljava/lang/String;Z)Ljava/lang/Class; 2 3304 orig 80 0 0 0 0 0 0 0 0 0 0 0 0 186 1 0 0 0 0 0 0 0 0 0 0 0 0 0 0 0 0 0 0 0 0 0 0 0 0 0 0 0 0 0 0 0 0 0 0 0 0 0 0 0 0 0 0 0 0 0 0 0 0 0 0 0 0 0 0 0 0 0 0 0 0 0 0 0 0 0 0 data 131 0x20005 0x0 0x0 0x1bae4f6fa68 0xc72 0x1bae4f6f9d8 0x76 0xa0005 0xce8 0x0 0x0 0x0 0x0 0x0 0x110007 0x104 0x2d8 0xbe4 0x160005 0xbe4 0x0 0x0 0x0 0x0 0x0 0x1d0007 0x208 0x148 0x9dc 0x220005 0x0 0x0 0x1bafea4f670 0x9dc 0x0 0x0 0x2a0007 0x9b2 0xa0 0x2a 0x2d0002 0x2a 0x300007 0x0 0xa8 0x2a 0x370005 0x2a 0x0 0x0 0x0 0x0 0x0 0x3c0003 0x2a 0x50 0x420005 0x9b2 0x0 0x0 0x0 0x0 0x0 0x470003 0x9dc 0x150 0x4e0007 0x0 0x58 0x208 0x560005 0x208 0x0 0x0 0x0 0x0 0x0 0x5d0007 0x0 0xe0 0x208 0x610005 0x0 0x0 0x1bae4f6fa68 0x208 0x0 0x0 0x640007 0x208 0x88 0x0 0x670002 0x0 0x6a0007 0x0 0x58 0x0 0x6f0005 0x0 0x0 0x0 0x0 0x0 0x0 0x750007 0xce8 0x78 0x0 0x7a0007 0x0 0x58 0x0 0x800005 0x0 0x0 0x0 0x0 0x0 0x0 0x0 0x0 0x0 0x0 0x0 0x0 0x9 0x3 0x0 0x0 0x0 oops 4 3 jdk/internal/loader/ClassLoaders$PlatformClassLoader 5 jdk/internal/loader/ClassLoaders$AppClassLoader 32 jdk/internal/loader/BuiltinClassLoader$LoadedModule 84 jdk/internal/loader/ClassLoaders$PlatformClassLoader methods 0
ciMethodData jdk/internal/loader/BuiltinClassLoader findLoadedModule (Ljava/lang/String;)Ljdk/internal/loader/BuiltinClassLoader$LoadedModule; 2 3047 orig 80 0 0 0 0 0 0 0 0 0 0 0 0 186 1 0 0 0 0 0 0 0 0 0 0 0 0 0 0 0 0 0 0 0 0 0 0 0 0 0 0 0 0 0 0 0 0 0 0 0 0 0 0 0 0 0 0 0 0 0 0 0 0 0 0 0 0 0 0 0 0 0 0 0 0 0 0 0 0 0 0 data 42 0x30005 0xbe7 0x0 0x0 0x0 0x0 0x0 0x80007 0xbe3 0x20 0x4 0x100005 0xbe3 0x0 0x0 0x0 0x0 0x0 0x180005 0x0 0x0 0x1bae4f6fb88 0xbe3 0x0 0x0 0x1d0104 0x0 0x0 0x1bafea4f670 0x9e0 0x0 0x0 0x0 0x0 0x0 0x0 0x0 0x0 0x9 0x2 0x0 0x0 oops 2 21 java/util/concurrent/ConcurrentHashMap 28 jdk/internal/loader/BuiltinClassLoader$LoadedModule methods 0
ciMethodData jdk/internal/loader/BuiltinClassLoader findClassInModuleOrNull (Ljdk/internal/loader/BuiltinClassLoader$LoadedModule;Ljava/lang/String;)Ljava/lang/Class; 1 46 orig 80 0 0 0 0 0 0 0 0 0 0 0 0 186 1 0 0 0 0 0 0 0 0 0 0 0 0 0 0 0 0 0 0 0 0 0 0 0 0 0 0 0 0 0 0 0 0 0 0 0 0 0 0 0 0 0 0 0 0 0 0 0 0 0 0 0 0 0 0 0 0 0 0 0 0 0 0 0 0 0 0 data 41 0x2 0x2e 0x30007 0x0 0x58 0x2e 0x90005 0x2e 0x0 0x0 0x0 0x0 0x0 0x10000a 0x0 0x5 0x0 0x0 0x1 0x0 0x0 0x170002 0x0 0x1a0004 0x0 0x0 0x0 0x0 0x0 0x0 0x0 0x0 0x0 0x0 0x0 0x0 0x9 0x3 0x0 0x0 0x0 oops 0 methods 0
ciMethodData jdk/internal/loader/BuiltinClassLoader defineClass (Ljava/lang/String;Ljdk/internal/loader/BuiltinClassLoader$LoadedModule;)Ljava/lang/Class; 1 46 orig 80 0 0 0 0 0 0 0 0 0 0 0 0 186 1 0 0 0 0 0 0 0 0 0 0 0 0 0 0 0 0 0 0 0 0 0 0 0 0 0 0 0 0 0 0 0 0 0 0 0 0 0 0 0 0 0 0 0 0 0 0 0 0 0 0 0 0 0 0 0 0 0 0 0 0 0 0 0 0 0 0 data 147 0x10005 0x0 0x0 0x1bafea4f670 0x2e 0x0 0x0 0x70005 0x2e 0x0 0x0 0x0 0x0 0x0 0x170005 0x2e 0x0 0x0 0x0 0x0 0x0 0x1c0005 0x2e 0x0 0x0 0x0 0x0 0x0 0x230004 0xffffffffffffffd2 0x0 0x1baff523ca8 0x2e 0x0 0x0 0x260007 0x2e 0x138 0x0 0x2b0004 0x0 0x0 0x0 0x0 0x0 0x0 0x300005 0x0 0x0 0x0 0x0 0x0 0x0 0x370007 0x0 0x90 0x0 0x3c0005 0x0 0x0 0x0 0x0 0x0 0x0 0x430005 0x0 0x0 0x0 0x0 0x0 0x0 0x480003 0x0 0xf8 0x4f0005 0x0 0x0 0x1baff523ca8 0x2e 0x0 0x0 0x550005 0x2e 0x0 0x0 0x0 0x0 0x0 0x580004 0x0 0x0 0x1baff523d58 0x2e 0x0 0x0 0x5e0005 0x0 0x0 0x1bafea4f670 0x2e 0x0 0x0 0x650007 0x2e 0x20 0x0 0x710104 0x0 0x0 0x0 0x0 0x0 0x0 0x740002 0x2e 0x7f0005 0x2e 0x0 0x0 0x0 0x0 0x0 0x880005 0x0 0x0 0x1baff523ca8 0x2e 0x0 0x0 0x960005 0x0 0x0 0x0 0x0 0x0 0x0 0x0 0x0 0x0 0x0 0x0 0x0 0x9 0x3 0x0 0x0 0x0 oops 6 3 jdk/internal/loader/BuiltinClassLoader$LoadedModule 31 jdk/internal/module/SystemModuleFinders$SystemModuleReader 77 jdk/internal/module/SystemModuleFinders$SystemModuleReader 91 java/nio/HeapByteBuffer 98 jdk/internal/loader/BuiltinClassLoader$LoadedModule 125 jdk/internal/module/SystemModuleFinders$SystemModuleReader methods 0
ciMethodData jdk/internal/loader/BuiltinClassLoader loadClassOrNull (Ljava/lang/String;)Ljava/lang/Class; 2 3001 orig 80 0 0 0 0 0 0 0 0 0 0 0 0 186 1 0 0 0 0 0 0 0 0 0 0 0 0 0 0 0 0 0 0 0 0 0 0 0 0 0 0 0 0 0 0 0 0 0 0 0 0 0 0 0 0 0 0 0 0 0 0 0 0 0 0 0 0 0 0 0 0 0 0 0 0 0 0 0 0 0 0 data 17 0x30005 0x0 0x0 0x1bafe847cb0 0xbb9 0x0 0x0 0x0 0x0 0x0 0x0 0x0 0x0 0x9 0x2 0x0 0x0 oops 1 3 jdk/internal/loader/ClassLoaders$BootClassLoader methods 0
ciMethodData jdk/internal/loader/BuiltinClassLoader hasClassPath ()Z 2 1088 orig 80 0 0 0 0 0 0 0 0 0 0 0 0 186 1 0 0 0 0 0 0 0 0 0 0 0 0 0 0 0 0 0 0 0 0 0 0 0 0 0 0 0 0 0 0 0 0 0 0 0 0 0 0 0 0 0 0 0 0 0 0 0 0 0 0 0 0 0 0 0 0 0 0 0 0 0 0 0 0 0 0 data 16 0x40007 0x3e5 0x38 0x5b 0x80003 0x5b 0x18 0x0 0x0 0x0 0x0 0x0 0x0 0x9 0x1 0x0 oops 0 methods 0
ciMethodData jdk/internal/loader/BuiltinClassLoader loadClass (Ljava/lang/String;Z)Ljava/lang/Class; 2 3280 orig 80 0 0 0 0 0 0 0 0 0 0 0 0 186 1 0 0 0 0 0 0 0 0 0 0 0 0 0 0 0 0 0 0 0 0 0 0 0 0 0 0 0 0 0 0 0 0 0 0 0 0 0 0 0 0 0 0 0 0 0 0 0 0 0 0 0 0 0 0 0 0 0 0 0 0 0 0 0 0 0 0 data 24 0x30005 0x0 0x0 0x1bae4f6fa68 0xc68 0x1bae4f6f9d8 0x68 0x80007 0xacc 0x30 0x204 0x100002 0x204 0x0 0x0 0x0 0x0 0x0 0x0 0x9 0x3 0x0 0x0 0x0 oops 2 3 jdk/internal/loader/ClassLoaders$PlatformClassLoader 5 jdk/internal/loader/ClassLoaders$AppClassLoader methods 0
ciMethodData java/lang/ClassNotFoundException <init> (Ljava/lang/String;)V 1 539 orig 80 0 0 0 0 0 0 0 0 0 0 0 0 186 1 0 0 0 0 0 0 0 0 0 0 0 0 0 0 0 0 0 0 0 0 0 0 0 0 0 0 0 0 0 0 0 0 0 0 0 0 0 0 0 0 0 0 0 0 0 0 0 0 0 0 0 0 0 0 0 0 0 0 0 0 0 0 0 0 0 0 data 8 0x30002 0x21b 0x0 0x0 0x9 0x2 0x1c 0x0 oops 0 methods 0
ciMethod java/util/concurrent/atomic/AtomicBoolean getAndSet (Z)Z 180 0 647 0 -1
ciMethodData java/lang/System$2 findBootstrapClassOrNull (Ljava/lang/String;)Ljava/lang/Class; 2 3010 orig 80 0 0 0 0 0 0 0 0 0 0 0 0 186 1 0 0 0 0 0 0 0 0 0 0 0 0 0 0 0 0 0 0 0 0 0 0 0 0 0 0 0 0 0 0 0 0 0 0 0 0 0 0 0 0 0 0 0 0 0 0 0 0 0 0 0 0 0 0 0 0 0 0 0 0 0 0 0 0 0 0 data 12 0x10002 0xbc2 0x0 0x0 0x0 0x0 0x0 0x0 0x9 0x2 0x0 0x0 oops 0 methods 0
ciMethodData java/lang/ClassLoader findBootstrapClassOrNull (Ljava/lang/String;)Ljava/lang/Class; 2 3010 orig 80 0 0 0 0 0 0 0 0 0 0 0 0 186 1 0 0 0 0 0 0 0 0 0 0 0 0 0 0 0 0 0 0 0 0 0 0 0 0 0 0 0 0 0 0 0 0 0 0 0 0 0 0 0 0 0 0 0 0 0 0 0 0 0 0 0 0 0 0 0 0 0 0 0 0 0 0 0 0 0 0 data 17 0x10002 0xbc2 0x40007 0xbc2 0x20 0x0 0xa0002 0xbc2 0x0 0x0 0x0 0x0 0x0 0x0 0x9 0x1 0x0 oops 0 methods 0
ciMethodData jdk/internal/loader/ClassLoaders$BootClassLoader loadClassOrNull (Ljava/lang/String;Z)Ljava/lang/Class; 2 2832 orig 80 0 0 0 0 0 0 0 0 0 0 0 0 186 1 0 0 0 0 0 0 0 0 0 0 0 0 0 0 0 0 0 0 0 0 0 0 0 0 0 0 0 0 0 0 0 0 0 0 0 0 0 0 0 0 0 0 0 0 0 0 0 0 0 0 0 0 0 0 0 0 0 0 0 0 0 0 0 0 0 0 data 18 0x40005 0x0 0x0 0x1bac50b8ee8 0xb10 0x0 0x0 0x0 0x0 0x0 0x0 0x0 0x0 0x9 0x3 0x0 0x0 0x0 oops 1 3 java/lang/System$2 methods 0
ciMethodData java/lang/Throwable getCause ()Ljava/lang/Throwable; 1 10 orig 80 0 0 0 0 0 0 0 0 0 0 0 0 186 1 0 0 0 0 0 0 0 0 0 0 0 0 0 0 0 0 0 0 0 0 0 0 0 0 0 0 0 0 0 0 0 0 0 0 0 0 0 0 0 0 0 0 0 0 0 0 0 0 0 0 0 0 0 0 0 0 0 0 0 0 0 0 0 0 0 0 data 16 0x50007 0x6 0x38 0x4 0x90003 0x4 0x18 0x0 0x0 0x0 0x0 0x0 0x0 0x9 0x1 0x0 oops 0 methods 0
ciMethodData java/lang/ReflectiveOperationException <init> (Ljava/lang/String;Ljava/lang/Throwable;)V 1 283 orig 80 0 0 0 0 0 0 0 0 0 0 0 0 186 1 0 0 0 0 0 0 0 0 0 0 0 0 0 0 0 0 0 0 0 0 0 0 0 0 0 0 0 0 0 0 0 0 0 0 0 0 0 0 0 0 0 0 0 0 0 0 0 0 0 0 0 0 0 0 0 0 0 0 0 0 0 0 0 0 0 0 data 9 0x30002 0x11b 0x0 0x0 0x9 0x3 0x1c 0x0 0x0 oops 0 methods 0
ciMethodData java/lang/Exception <init> (Ljava/lang/String;Ljava/lang/Throwable;)V 1 285 orig 80 0 0 0 0 0 0 0 0 0 0 0 0 186 1 0 0 0 0 0 0 0 0 0 0 0 0 0 0 0 0 0 0 0 0 0 0 0 0 0 0 0 0 0 0 0 0 0 0 0 0 0 0 0 0 0 0 0 0 0 0 0 0 0 0 0 0 0 0 0 0 0 0 0 0 0 0 0 0 0 0 data 9 0x30002 0x11d 0x0 0x0 0x9 0x3 0x1c 0x0 0x0 oops 0 methods 0
ciMethodData java/util/Collections emptyIterator ()Ljava/util/Iterator; 2 5636 orig 80 0 0 0 0 0 0 0 0 0 0 0 0 186 1 0 0 0 0 0 0 0 0 0 0 0 0 0 0 0 0 0 0 0 0 0 0 0 0 0 0 0 0 0 0 0 0 0 0 0 0 0 0 0 0 0 0 0 0 0 0 0 0 0 0 0 0 0 0 0 0 0 0 0 0 0 0 0 0 0 0 data 4 0x0 0x0 0x9 0x0 oops 0 methods 0
ciMethod org/eclipse/osgi/internal/framework/EquinoxContainer getEventPublisher ()Lorg/eclipse/osgi/internal/framework/EquinoxEventPublisher; 64 0 177 0 -1
ciMethod org/eclipse/osgi/internal/framework/EquinoxContainer getConfiguration ()Lorg/eclipse/osgi/internal/framework/EquinoxConfiguration; 256 0 128 0 0
ciMethod org/eclipse/osgi/internal/framework/EquinoxContainer isBootDelegationPackage (Ljava/lang/String;)Z 250 0 6808 0 0
ciMethod org/eclipse/osgi/internal/framework/EquinoxConfiguration getDebug ()Lorg/eclipse/osgi/internal/debug/Debug; 276 0 138 0 -1
ciMethod org/eclipse/osgi/internal/framework/EquinoxConfiguration getHookRegistry ()Lorg/eclipse/osgi/internal/hookregistry/HookRegistry; 256 0 128 0 0
ciMethod org/eclipse/osgi/internal/hookregistry/HookRegistry getClassLoaderHooks ()Ljava/util/List; 256 0 128 0 0
ciMethod org/eclipse/osgi/internal/hookregistry/ClassLoaderHook createClassLoader (Ljava/lang/ClassLoader;Lorg/eclipse/osgi/internal/framework/EquinoxConfiguration;Lorg/eclipse/osgi/internal/loader/BundleLoader;Lorg/eclipse/osgi/storage/BundleInfo$Generation;)Lorg/eclipse/osgi/internal/loader/ModuleClassLoader; 258 0 129 0 -1
ciMethod org/eclipse/osgi/internal/hookregistry/ClassLoaderHook classLoaderCreated (Lorg/eclipse/osgi/internal/loader/ModuleClassLoader;)V 516 0 393 0 0
ciMethod org/eclipse/osgi/internal/hookregistry/ClassLoaderHook preFindClass (Ljava/lang/String;Lorg/eclipse/osgi/internal/loader/ModuleClassLoader;)Ljava/lang/Class; 258 0 18628 0 0
ciMethod org/eclipse/osgi/internal/hookregistry/ClassLoaderHook postFindClass (Ljava/lang/String;Lorg/eclipse/osgi/internal/loader/ModuleClassLoader;)Ljava/lang/Class; 12 0 42 0 -1
ciMethod org/eclipse/osgi/internal/hookregistry/ClassLoaderHook preFindResource (Ljava/lang/String;Lorg/eclipse/osgi/internal/loader/ModuleClassLoader;)Ljava/net/URL; 0 0 837 0 -1
ciMethod org/eclipse/osgi/internal/hookregistry/ClassLoaderHook postFindResource (Ljava/lang/String;Lorg/eclipse/osgi/internal/loader/ModuleClassLoader;)Ljava/net/URL; 0 0 276 0 -1
ciMethod org/eclipse/osgi/internal/hookregistry/ClassLoaderHook preFindResources (Ljava/lang/String;Lorg/eclipse/osgi/internal/loader/ModuleClassLoader;)Ljava/util/Enumeration; 6 0 141 0 -1
ciMethod org/eclipse/osgi/internal/hookregistry/ClassLoaderHook postFindResources (Ljava/lang/String;Lorg/eclipse/osgi/internal/loader/ModuleClassLoader;)Ljava/util/Enumeration; 6 0 129 0 -1
ciMethod org/eclipse/osgi/internal/debug/Debug trace (Ljava/lang/String;Ljava/lang/String;)V 0 0 1 0 -1
ciMethod org/eclipse/osgi/internal/debug/Debug loaderWithPackage (Ljava/lang/String;)Ljava/lang/String; 246 0 4297 0 0
ciMethod org/eclipse/osgi/internal/debug/Debug loaderWithClass (Ljava/lang/String;)Ljava/lang/String; 6326 0 13527 0 0
ciMethod org/eclipse/osgi/internal/debug/Debug dynamicPackage (Ljava/lang/String;)Ljava/lang/String; 286 0 143 0 -1
ciMethod org/osgi/service/log/LoggerFactory getLogger (Ljava/lang/String;)Lorg/osgi/service/log/Logger; 0 0 1 0 -1
ciMethod org/osgi/service/log/Logger debug (Ljava/lang/String;)V 0 0 1 0 -1
ciMethod org/eclipse/osgi/storage/Storage getConfiguration ()Lorg/eclipse/osgi/internal/framework/EquinoxConfiguration; 550 0 4060 0 0
ciMethod org/eclipse/osgi/storage/BundleInfo getStorage ()Lorg/eclipse/osgi/storage/Storage; 292 0 146 0 0
ciMethod org/eclipse/osgi/storage/BundleInfo$Generation getBundleInfo ()Lorg/eclipse/osgi/storage/BundleInfo; 554 0 277 0 0
ciMethod org/eclipse/osgi/internal/loader/SystemBundleLoader findLocalClass (Ljava/lang/String;)Ljava/lang/Class; 512 0 338 0 0
ciMethod org/eclipse/osgi/internal/loader/BundleLoader getPackageName (Ljava/lang/String;)Ljava/lang/String; 512 0 13839 0 0
ciMethod org/eclipse/osgi/internal/loader/BundleLoader createExportPackageSource (Lorg/eclipse/osgi/container/ModuleWire;Ljava/util/Collection;)Lorg/eclipse/osgi/internal/loader/sources/PackageSource; 164 0 295 0 0
ciMethod org/eclipse/osgi/internal/loader/BundleLoader createMultiSource (Ljava/lang/String;[Lorg/eclipse/osgi/internal/loader/sources/PackageSource;)Lorg/eclipse/osgi/internal/loader/sources/PackageSource; 0 0 28 0 -1
ciMethod org/eclipse/osgi/internal/loader/BundleLoader getModuleClassLoader ()Lorg/eclipse/osgi/internal/loader/ModuleClassLoader; 564 0 5469 0 1360
ciMethod org/eclipse/osgi/internal/loader/BundleLoader createClassLoaderPrivledged (Ljava/lang/ClassLoader;Lorg/eclipse/osgi/internal/framework/EquinoxConfiguration;Lorg/eclipse/osgi/internal/loader/BundleLoader;Lorg/eclipse/osgi/storage/BundleInfo$Generation;Ljava/util/List;)Lorg/eclipse/osgi/internal/loader/ModuleClassLoader; 10 30 131 0 0
ciMethod org/eclipse/osgi/internal/loader/BundleLoader findLocalClass (Ljava/lang/String;)Ljava/lang/Class; 512 0 6229 1 0
ciMethod org/eclipse/osgi/internal/loader/BundleLoader findClass0 (Ljava/lang/String;ZZ)Ljava/lang/Class; 7598 0 8701 2 -1
ciMethod org/eclipse/osgi/internal/loader/BundleLoader generateException (Ljava/lang/String;ZLjava/lang/String;)Ljava/lang/Class; 2 0 10 10 0
ciMethod org/eclipse/osgi/internal/loader/BundleLoader searchHooks (Ljava/lang/String;I)Ljava/lang/Object; 248 744 6870 0 0
ciMethod org/eclipse/osgi/internal/loader/BundleLoader isRequestFromVM ()Z 0 0 1 0 0
ciMethod org/eclipse/osgi/internal/loader/BundleLoader getClassLoader (Ljava/lang/Class;)Ljava/lang/ClassLoader; 2 0 1 0 -1
ciMethod org/eclipse/osgi/internal/loader/BundleLoader toString ()Ljava/lang/String; 2 0 10 0 -1
ciMethod org/eclipse/osgi/internal/loader/BundleLoader isDynamicallyImported (Ljava/lang/String;)Z 302 236 151 0 -1
ciMethod org/eclipse/osgi/internal/loader/BundleLoader addExportedProvidersFor (Ljava/lang/String;Ljava/util/List;Ljava/util/Collection;)V 82 108 7956 0 -1
ciMethod org/eclipse/osgi/internal/loader/BundleLoader getProviderLoader (Lorg/eclipse/osgi/container/ModuleWire;)Lorg/eclipse/osgi/internal/loader/BundleLoader; 246 0 8250 0 -1
ciMethod org/eclipse/osgi/internal/loader/BundleLoader isExportedPackage (Ljava/lang/String;)Z 530 0 7787 0 -1
ciMethod org/eclipse/osgi/internal/loader/BundleLoader findImportedSource (Ljava/lang/String;Ljava/util/Collection;)Lorg/eclipse/osgi/internal/loader/sources/PackageSource; 258 0 4391 0 0
ciMethod org/eclipse/osgi/internal/loader/BundleLoader getImportedSources (Ljava/util/Collection;)Ljava/util/Map; 258 162 6944 0 0
ciMethod org/eclipse/osgi/internal/loader/BundleLoader findDynamicSource (Ljava/lang/String;)Lorg/eclipse/osgi/internal/loader/sources/PackageSource; 2 0 143 0 0
ciMethod org/eclipse/osgi/internal/loader/BundleLoader findRequiredSource (Ljava/lang/String;Ljava/util/Collection;)Lorg/eclipse/osgi/internal/loader/sources/PackageSource; 2632 752 6874 0 0
ciMethod org/eclipse/osgi/container/Module getContainer ()Lorg/eclipse/osgi/container/ModuleContainer; 588 0 1315 0 -1
ciMethod org/eclipse/osgi/container/ModuleContainer resolveDynamic (Ljava/lang/String;Lorg/eclipse/osgi/container/ModuleRevision;)Lorg/eclipse/osgi/container/ModuleWire; 4 568 2 0 -1
ciMethod org/eclipse/osgi/internal/loader/ModuleClassLoader <init> (Ljava/lang/ClassLoader;)V 264 0 132 0 -1
ciMethod org/eclipse/osgi/internal/loader/ModuleClassLoader getClasspathManager ()Lorg/eclipse/osgi/internal/loader/classpath/ClasspathManager; 0 0 1 0 -1
ciMethod org/eclipse/osgi/internal/loader/ModuleClassLoader publicFindLoaded (Ljava/lang/String;)Ljava/lang/Class; 166 0 5333 0 -1
ciMethod org/eclipse/osgi/internal/loader/ModuleClassLoader findLocalClass (Ljava/lang/String;)Ljava/lang/Class; 512 0 6273 1 0
ciMethod org/eclipse/osgi/container/ModuleRevisions getModule ()Lorg/eclipse/osgi/container/Module; 272 0 136 0 -1
ciMethod org/eclipse/osgi/container/ModuleRevision getSymbolicName ()Ljava/lang/String; 608 0 304 0 -1
ciMethod org/eclipse/osgi/container/ModuleRevision getVersion ()Lorg/osgi/framework/Version; 256 0 128 0 -1
ciMethod org/eclipse/osgi/container/ModuleRevision getWiring ()Lorg/eclipse/osgi/container/ModuleWiring; 512 0 12082 0 -1
ciMethod org/eclipse/osgi/container/ModuleRevision getRevisions ()Lorg/eclipse/osgi/container/ModuleRevisions; 272 0 136 0 -1
ciMethod org/eclipse/osgi/container/ModuleRevision getRevisionInfo ()Ljava/lang/Object; 258 0 129 0 0
ciMethod org/eclipse/osgi/internal/container/NamespaceList getList (Ljava/lang/String;)Ljava/util/List; 1024 0 2578 0 -1
ciMethod org/eclipse/osgi/container/ModuleCapability getAttributes ()Ljava/util/Map; 4910 0 7816 0 -1
ciMethod org/eclipse/osgi/container/ModuleWire getCapability ()Lorg/eclipse/osgi/container/ModuleCapability; 1194 0 597 0 -1
ciMethod org/eclipse/osgi/container/ModuleWire getProviderWiring ()Lorg/eclipse/osgi/container/ModuleWiring; 210 0 8281 0 -1
ciMethod org/eclipse/osgi/container/ModuleWiring getBundle ()Lorg/osgi/framework/Bundle; 512 0 3125 0 -1
ciMethod org/eclipse/osgi/container/ModuleWiring getRequiredModuleWires (Ljava/lang/String;)Ljava/util/List; 194 0 190 0 0
ciMethod org/eclipse/osgi/container/ModuleWiring getWires (Ljava/lang/String;Lorg/eclipse/osgi/internal/container/NamespaceList;)Ljava/util/List; 512 0 1099 0 -1
ciMethod org/eclipse/osgi/container/ModuleWiring getRevision ()Lorg/eclipse/osgi/container/ModuleRevision; 544 0 272 0 0
ciMethod org/eclipse/osgi/container/ModuleWiring getModuleLoader ()Lorg/eclipse/osgi/container/ModuleLoader; 514 0 11425 0 -1
ciMethod org/eclipse/osgi/internal/framework/EquinoxEventPublisher publishFrameworkEvent (ILorg/osgi/framework/Bundle;Ljava/lang/Throwable;)V 0 0 4 0 -1
ciMethod org/eclipse/osgi/internal/loader/BundleLoader$ClassContext getClassContext ()[Ljava/lang/Class; 0 0 1 0 -1
ciMethod org/eclipse/osgi/internal/loader/sources/PackageSource getId ()Ljava/lang/String; 264 0 132 0 0
ciMethod org/eclipse/osgi/internal/loader/sources/PackageSource isNullSource ()Z 290 0 145 0 -1
ciMethod org/eclipse/osgi/internal/loader/sources/PackageSource loadClass (Ljava/lang/String;)Ljava/lang/Class; 0 0 1 0 -1
ciMethod org/eclipse/osgi/internal/loader/sources/NullPackageSource getNullPackageSource (Ljava/lang/String;)Lorg/eclipse/osgi/internal/loader/sources/NullPackageSource; 12 0 321 0 -1
ciMethod org/eclipse/osgi/internal/loader/sources/MultiSourcePackage loadClass (Ljava/lang/String;)Ljava/lang/Class; 414 642 207 0 0
ciMethod org/eclipse/osgi/internal/loader/EquinoxClassLoader <init> (Ljava/lang/ClassLoader;Lorg/eclipse/osgi/internal/framework/EquinoxConfiguration;Lorg/eclipse/osgi/internal/loader/BundleLoader;Lorg/eclipse/osgi/storage/BundleInfo$Generation;)V 264 0 132 0 -1
ciMethod org/eclipse/osgi/internal/loader/EquinoxClassLoader getClasspathManager ()Lorg/eclipse/osgi/internal/loader/classpath/ClasspathManager; 260 0 130 0 -1
ciMethod org/eclipse/osgi/internal/loader/BundleLoaderSources createPackageSource (Lorg/eclipse/osgi/container/ModuleCapability;Z)Lorg/eclipse/osgi/internal/loader/sources/PackageSource; 512 0 295 0 -1
ciMethod org/eclipse/osgi/internal/loader/sources/SingleSourcePackage loadClass (Ljava/lang/String;)Ljava/lang/Class; 768 0 1548 0 0
ciMethod org/eclipse/osgi/internal/container/KeyBasedLockStore <init> (Ljava/util/function/Function;)V 264 0 132 0 -1
ciMethod org/eclipse/osgi/internal/loader/classpath/ClasspathManager <init> (Lorg/eclipse/osgi/storage/BundleInfo$Generation;Lorg/eclipse/osgi/internal/loader/ModuleClassLoader;)V 264 0 132 0 -1
ciMethod org/eclipse/osgi/internal/loader/classpath/ClasspathManager findLocalClass (Ljava/lang/String;)Ljava/lang/Class; 512 3058 5332 1 -1
ciMethodData org/eclipse/osgi/internal/container/NamespaceList getList (Ljava/lang/String;)Ljava/util/List; 2 2066 orig 80 0 0 0 0 0 0 0 0 0 0 0 0 0 0 0 0 0 0 0 0 0 0 0 0 0 0 0 0 0 0 0 0 0 0 0 0 0 0 0 0 0 0 0 0 0 0 0 0 0 0 0 0 0 0 0 0 0 0 0 0 0 0 0 0 0 0 0 0 0 0 0 0 0 0 0 0 0 0 0 0 data 30 0x10007 0x6a2 0x20 0x171 0xe0002 0x6a2 0x110005 0x0 0x0 0x1bafdbdc360 0x655 0x1bafe79dd78 0x4d 0x160004 0x0 0x0 0x1baff30ec98 0x234 0x1baffdbade8 0x46e 0x0 0x0 0x0 0x0 0x0 0x0 0x9 0x2 0x0 0xffffffffffffffff oops 4 9 java/util/LinkedHashMap 11 java/util/Collections$EmptyMap 16 java/util/Collections$UnmodifiableRandomAccessList 18 java/util/Collections$EmptyList methods 0
ciMethod org/eclipse/osgi/internal/loader/BundleLoader$3 <init> (Lorg/eclipse/osgi/internal/loader/BundleLoader;Ljava/util/List;Lorg/eclipse/osgi/internal/loader/ModuleClassLoader;)V 10 0 131 0 0
ciMethod org/eclipse/osgi/internal/loader/BundleLoader$3 run ()Ljava/lang/Object; 10 30 131 0 0
ciMethodData java/util/Collections$EmptyList iterator ()Ljava/util/Iterator; 2 5121 orig 80 0 0 0 0 0 0 0 0 0 0 0 0 186 1 0 0 0 0 0 0 0 0 0 0 0 0 0 0 0 0 0 0 0 0 0 0 0 0 0 0 0 0 0 0 0 0 0 0 0 0 0 0 0 0 0 0 0 0 0 0 0 0 0 0 0 0 0 0 0 0 0 0 0 0 0 0 0 0 0 0 data 11 0x2 0x1401 0x0 0x0 0x0 0x0 0x0 0x0 0x9 0x1 0x0 oops 0 methods 0
ciMethod jdk/internal/module/ModulePatcher$PatchedModuleReader findResource (Ljava/lang/String;)Ljdk/internal/loader/Resource; 0 0 1 0 -1
ciMethodData java/io/PrintStream println (Ljava/lang/String;)V 1 0 orig 80 0 0 0 0 0 0 0 0 0 0 0 0 186 1 0 0 0 0 0 0 0 0 0 0 0 0 0 0 0 0 0 0 0 0 0 0 0 0 0 0 0 0 0 0 0 0 0 0 0 0 0 0 0 0 0 0 0 0 0 0 0 0 0 0 0 0 0 0 0 0 0 0 0 0 0 0 0 0 0 0 data 50 0x10005 0x0 0x0 0x0 0x0 0x0 0x0 0x60007 0x0 0x80 0x0 0xb0002 0x0 0xe0005 0x0 0x0 0x0 0x0 0x0 0x0 0x110003 0x0 0xa0 0x1a0005 0x0 0x0 0x0 0x0 0x0 0x0 0x1e0005 0x0 0x0 0x0 0x0 0x0 0x0 0x230003 0x0 0x18 0x0 0x0 0x0 0x0 0x0 0x0 0x9 0x2 0xffffffffffffffff 0xffffffffffffffff oops 0 methods 0
ciMethodData org/eclipse/osgi/internal/loader/BundleLoader getModuleClassLoader ()Lorg/eclipse/osgi/internal/loader/ModuleClassLoader; 2 5187 orig 80 0 0 0 0 0 0 0 0 0 0 0 0 186 1 0 0 0 0 0 0 0 0 0 0 0 0 0 0 0 0 0 0 0 0 0 0 0 0 0 0 0 0 0 0 0 0 0 0 0 0 0 0 0 0 0 0 0 0 0 0 0 0 0 0 0 0 0 0 0 0 0 0 0 0 0 0 0 0 0 0 data 152 0x60007 0x7e 0x20 0x13c5 0xf0005 0x0 0x0 0x1bac5102430 0x7e 0x0 0x0 0x120005 0x0 0x0 0x1bac66ec408 0x7e 0x0 0x0 0x150005 0x7e 0x0 0x0 0x0 0x0 0x0 0x1d0005 0x7e 0x0 0x0 0x0 0x0 0x0 0x200005 0x7e 0x0 0x0 0x0 0x0 0x0 0x230004 0x0 0x0 0x1bac57bb5b0 0x7e 0x0 0x0 0x270002 0x7e 0x2a0007 0x0 0xf0 0x7e 0x320005 0x7e 0x0 0x0 0x0 0x0 0x0 0x350005 0x7e 0x0 0x0 0x0 0x0 0x0 0x380005 0x0 0x0 0x1bac57bbe58 0x7e 0x0 0x0 0x3e0002 0x7e 0x420003 0x7e 0x70 0x540002 0x0 0x570002 0x0 0x5a0004 0x0 0x0 0x0 0x0 0x0 0x0 0x6a0007 0x0 0x58 0x7e 0x7d0002 0x7e 0x800002 0x7e 0x8c0003 0x7e 0x128 0x9b0007 0x0 0x110 0x0 0xac0002 0x0 0xb00005 0x0 0x0 0x0 0x0 0x0 0x0 0xb60005 0x0 0x0 0x0 0x0 0x0 0x0 0xb90005 0x0 0x0 0x0 0x0 0x0 0x0 0xbc0005 0x0 0x0 0x0 0x0 0x0 0x0 0xc20003 0x7e 0x18 0x0 0x0 0x0 0x0 0x0 0x0 0x0 0x0 0x0 0x0 0x0 0x0 0x9 0x1 0x0 oops 4 7 org/eclipse/osgi/internal/framework/EquinoxContainer 14 org/eclipse/osgi/internal/framework/EquinoxConfiguration 42 org/eclipse/osgi/storage/BundleInfo$Generation 69 org/eclipse/osgi/storage/Storage methods 0
ciMethodData org/eclipse/osgi/storage/Storage getConfiguration ()Lorg/eclipse/osgi/internal/framework/EquinoxConfiguration; 2 3785 orig 80 0 0 0 0 0 0 0 0 0 0 0 0 186 1 0 0 0 0 0 0 0 0 0 0 0 0 0 0 0 0 0 0 0 0 0 0 0 0 0 0 0 0 0 0 0 0 0 0 0 0 0 0 0 0 0 0 0 0 0 0 0 0 0 0 0 0 0 0 0 0 0 0 0 0 0 0 0 0 0 0 data 16 0x40005 0x0 0x0 0x1bac5102430 0xec9 0x0 0x0 0x0 0x0 0x0 0x0 0x0 0x0 0x9 0x1 0x0 oops 1 3 org/eclipse/osgi/internal/framework/EquinoxContainer methods 0
ciMethodData org/eclipse/osgi/internal/loader/BundleLoader createClassLoaderPrivledged (Ljava/lang/ClassLoader;Lorg/eclipse/osgi/internal/framework/EquinoxConfiguration;Lorg/eclipse/osgi/internal/loader/BundleLoader;Lorg/eclipse/osgi/storage/BundleInfo$Generation;Ljava/util/List;)Lorg/eclipse/osgi/internal/loader/ModuleClassLoader; 1 126 orig 80 0 0 0 0 0 0 0 0 0 0 0 0 186 1 0 0 0 0 0 0 0 0 0 0 0 0 0 0 0 0 0 0 0 0 0 0 0 0 0 0 0 0 0 0 0 0 0 0 0 0 0 0 0 0 0 0 0 0 0 0 0 0 0 0 0 0 0 0 0 0 0 0 0 0 0 0 0 0 0 0 data 61 0x20005 0x0 0x0 0x1baff30ec98 0x7e 0x0 0x0 0x90003 0x7e 0xe0 0xe0005 0x0 0x0 0x1baff30ed48 0x17a 0x0 0x0 0x130004 0x0 0x0 0x1baff30edf8 0x7e 0x1baff30eea8 0x7e 0x1e0005 0x7e 0x0 0x1baff30edf8 0x7e 0x1baff30eea8 0x7e 0x250007 0x17a 0x20 0x0 0x2d0005 0x0 0x0 0x1baff30ed48 0x1f8 0x0 0x0 0x320007 0x17a 0xffffffffffffff00 0x7e 0x3d0002 0x7e 0x0 0x0 0x0 0x0 0x0 0x0 0x9 0x5 0x0 0x0 0x0 0x0 0x0 oops 7 3 java/util/Collections$UnmodifiableRandomAccessList 13 java/util/Collections$UnmodifiableCollection$1 20 org/eclipse/osgi/internal/hooks/DevClassLoadingHook 22 org/eclipse/osgi/internal/hooks/EclipseLazyStarter 27 org/eclipse/osgi/internal/hooks/DevClassLoadingHook 29 org/eclipse/osgi/internal/hooks/EclipseLazyStarter 38 java/util/Collections$UnmodifiableCollection$1 methods 0
ciMethodData org/eclipse/osgi/internal/loader/BundleLoader$3 <init> (Lorg/eclipse/osgi/internal/loader/BundleLoader;Ljava/util/List;Lorg/eclipse/osgi/internal/loader/ModuleClassLoader;)V 1 126 orig 80 0 0 0 0 0 0 0 0 0 0 0 0 186 1 0 0 0 0 0 0 0 0 0 0 0 0 0 0 0 0 0 0 0 0 0 0 0 0 0 0 0 0 0 0 0 0 0 0 0 0 0 0 0 0 0 0 0 0 0 0 0 0 0 0 0 0 0 0 0 0 0 0 0 0 0 0 0 0 0 0 data 12 0x100002 0x7e 0x0 0x0 0x0 0x0 0x9 0x4 0xe 0x0 0x0 0x0 oops 0 methods 0
ciMethodData org/eclipse/osgi/internal/loader/BundleLoader$3 run ()Ljava/lang/Object; 1 126 orig 80 0 0 0 0 0 0 0 0 0 0 0 0 186 1 0 0 0 0 0 0 0 0 0 0 0 0 0 0 0 0 0 0 0 0 0 0 0 0 0 0 0 0 0 0 0 0 0 0 0 0 0 0 0 0 0 0 0 0 0 0 0 0 0 0 0 0 0 0 0 0 0 0 0 0 0 0 0 0 0 0 data 51 0x40005 0x0 0x0 0x1baff30ec98 0x7e 0x0 0x0 0xa0003 0x7e 0xc0 0xe0005 0x0 0x0 0x1baff30ed48 0x17a 0x0 0x0 0x130004 0x0 0x0 0x1baff30edf8 0x7e 0x1baff30eea8 0x7e 0x1c0005 0x7e 0x0 0x1baff30edf8 0x7e 0x1baff30eea8 0x7e 0x200005 0x0 0x0 0x1baff30ed48 0x1f8 0x0 0x0 0x250007 0x17a 0xffffffffffffff20 0x7e 0x0 0x0 0x0 0x0 0x0 0x0 0x9 0x1 0x0 oops 7 3 java/util/Collections$UnmodifiableRandomAccessList 13 java/util/Collections$UnmodifiableCollection$1 20 org/eclipse/osgi/internal/hooks/DevClassLoadingHook 22 org/eclipse/osgi/internal/hooks/EclipseLazyStarter 27 org/eclipse/osgi/internal/hooks/DevClassLoadingHook 29 org/eclipse/osgi/internal/hooks/EclipseLazyStarter 34 java/util/Collections$UnmodifiableCollection$1 methods 0
ciMethodData org/eclipse/osgi/internal/loader/BundleLoader toString ()Ljava/lang/String; 1 9 orig 80 0 0 0 0 0 0 0 0 0 0 0 0 186 1 0 0 0 0 0 0 0 0 0 0 0 0 0 0 0 0 0 0 0 0 0 0 0 0 0 0 0 0 0 0 0 0 0 0 0 0 0 0 0 0 0 0 0 0 0 0 0 0 0 0 0 0 0 0 0 0 0 0 0 0 0 0 0 0 0 0 data 59 0x40005 0x9 0x0 0x0 0x0 0x0 0x0 0x90005 0x9 0x0 0x0 0x0 0x0 0x0 0xe0007 0x9 0x20 0x0 0x1a0002 0x9 0x1d0002 0x9 0x220005 0x9 0x0 0x0 0x0 0x0 0x0 0x260005 0x9 0x0 0x0 0x0 0x0 0x0 0x290005 0x9 0x0 0x0 0x0 0x0 0x0 0x2c0005 0x9 0x0 0x0 0x0 0x0 0x0 0x0 0x0 0x0 0x0 0x0 0x0 0x9 0x1 0x0 oops 0 methods 0
ciMethodData org/eclipse/osgi/internal/debug/Debug trace (Ljava/lang/String;Ljava/lang/String;)V 1 0 orig 80 0 0 0 0 0 0 0 0 0 0 0 0 186 1 0 0 0 0 0 0 0 0 0 0 0 0 0 0 0 0 0 0 0 0 0 0 0 0 0 0 0 0 0 0 0 0 0 0 0 0 0 0 0 0 0 0 0 0 0 0 0 0 0 0 0 0 0 0 0 0 0 0 0 0 0 0 0 0 0 0 data 39 0x60007 0x0 0xa8 0x0 0xb0005 0x0 0x0 0x0 0x0 0x0 0x0 0x110005 0x0 0x0 0x0 0x0 0x0 0x0 0x160003 0x0 0x50 0x1d0005 0x0 0x0 0x0 0x0 0x0 0x0 0x0 0x0 0x0 0x0 0x0 0x0 0x9 0x3 0x0 0xffffffffffffffff 0xffffffffffffffff oops 0 methods 0
ciMethod org/eclipse/osgi/internal/loader/buddy/PolicyHandler getPolicyImplementation ([Ljava/lang/Object;I)Lorg/eclipse/osgi/internal/loader/buddy/IBuddyPolicy; 0 0 1 0 -1
ciMethod org/eclipse/osgi/internal/loader/buddy/PolicyHandler doBuddyClassLoading (Ljava/lang/String;)Ljava/lang/Class; 0 0 1 0 0
ciMethod org/eclipse/osgi/internal/loader/buddy/PolicyHandler startLoading (Ljava/lang/String;)Z 0 0 1 0 -1
ciMethod org/eclipse/osgi/internal/loader/buddy/PolicyHandler stopLoading (Ljava/lang/String;)V 0 0 1 0 -1
ciMethodData org/eclipse/osgi/container/ModuleWiring getWires (Ljava/lang/String;Lorg/eclipse/osgi/internal/container/NamespaceList;)Ljava/util/List; 1 843 orig 80 0 0 0 0 0 0 0 0 0 0 0 0 186 1 0 0 0 0 0 0 0 0 0 0 0 0 0 0 0 0 0 0 0 0 0 0 0 0 0 0 0 0 0 0 0 0 0 0 0 0 0 0 0 0 0 0 0 0 0 0 0 0 0 0 0 0 0 0 0 0 0 0 0 0 0 0 0 0 0 0 data 22 0x40007 0x34b 0x20 0x0 0xb0005 0x0 0x0 0x1baffdbd4b8 0x34b 0x0 0x0 0x0 0x0 0x0 0x0 0x0 0x0 0x9 0x3 0x0 0x0 0x0 oops 1 7 org/eclipse/osgi/internal/container/NamespaceList methods 0
ciMethodData org/eclipse/osgi/container/ModuleWiring getRequiredModuleWires (Ljava/lang/String;)Ljava/util/List; 1 93 orig 80 0 0 0 0 0 0 0 0 0 0 0 0 186 1 0 0 0 0 0 0 0 0 0 0 0 0 0 0 0 0 0 0 0 0 0 0 0 0 0 0 0 0 0 0 0 0 0 0 0 0 0 0 0 0 0 0 0 0 0 0 0 0 0 0 0 0 0 0 0 0 0 0 0 0 0 0 0 0 0 0 data 10 0x60002 0x5d 0x0 0x0 0x0 0x0 0x9 0x2 0x0 0x0 oops 0 methods 0
ciMethodData org/eclipse/osgi/container/ModuleWire getProviderWiring ()Lorg/eclipse/osgi/container/ModuleWiring; 2 8176 orig 80 0 0 0 0 0 0 0 0 0 0 0 0 186 1 0 0 0 0 0 0 0 0 0 0 0 0 0 0 0 0 0 0 0 0 0 0 0 0 0 0 0 0 0 0 0 0 0 0 0 0 0 0 0 0 0 0 0 0 0 0 0 0 0 0 0 0 0 0 0 0 0 0 0 0 0 0 0 0 0 0 data 20 0x40007 0x1ff0 0x20 0x0 0xd0005 0x1ff0 0x0 0x0 0x0 0x0 0x0 0x0 0x0 0x0 0x0 0x0 0x0 0x9 0x1 0x0 oops 0 methods 0
ciMethodData org/eclipse/osgi/internal/hookregistry/ClassLoaderHook classLoaderCreated (Lorg/eclipse/osgi/internal/loader/ModuleClassLoader;)V 1 135 orig 80 0 0 0 0 0 0 0 0 0 0 0 0 186 1 0 0 0 0 0 0 0 0 0 0 0 0 0 0 0 0 0 0 0 0 0 0 0 0 0 0 0 0 0 0 0 0 0 0 0 0 0 0 0 0 0 0 0 0 0 0 0 0 0 0 0 0 0 0 0 0 0 0 0 0 0 0 0 0 0 0 data 5 0x0 0x9 0x2 0x0 0x0 oops 0 methods 0
ciMethodData org/eclipse/osgi/internal/loader/BundleLoader getPackageName (Ljava/lang/String;)Ljava/lang/String; 2 13995 orig 80 1 0 0 0 0 0 0 0 0 0 0 0 186 1 0 0 0 0 0 0 0 0 0 0 0 0 0 0 0 0 0 0 0 0 0 0 0 0 0 3 0 0 0 0 0 0 0 0 0 0 0 0 0 0 0 0 0 0 0 0 0 0 0 0 0 0 0 0 0 0 0 0 0 0 0 0 0 0 0 0 data 31 0x10007 0x0 0xb0 0x36ab 0x70005 0x36ab 0x0 0x0 0x0 0x0 0x0 0x80000006000c0007 0x6 0x58 0x36a8 0x120005 0x36a8 0x0 0x0 0x0 0x0 0x0 0x0 0x0 0x0 0x0 0x0 0x0 0x9 0x1 0x0 oops 0 methods 0
ciMethodData org/eclipse/osgi/internal/loader/BundleLoader findClass0 (Ljava/lang/String;ZZ)Ljava/lang/Class; 2 5155 orig 80 0 0 0 0 0 0 0 0 0 0 0 0 186 1 0 0 0 0 0 0 0 0 0 0 0 0 0 0 0 0 0 0 0 0 0 0 0 0 0 0 0 0 0 0 0 0 0 0 0 0 0 0 0 0 0 0 0 0 0 0 0 0 0 0 0 0 0 0 0 0 0 0 0 0 0 0 0 0 0 0 data 393 0x10007 0x0 0xd0 0x1423 0x80007 0x0 0xb0 0x1423 0xe0005 0x1423 0x0 0x0 0x0 0x0 0x0 0x110007 0xeba 0x58 0x569 0x190005 0x0 0x0 0x1bae4f6fa68 0x569 0x0 0x0 0x1e0002 0xeba 0x290005 0x0 0x0 0x1bac5102380 0xeba 0x0 0x0 0x300007 0xeba 0x180 0x0 0x400002 0x0 0x440005 0x0 0x0 0x0 0x0 0x0 0x0 0x4a0005 0x0 0x0 0x0 0x0 0x0 0x0 0x4e0005 0x0 0x0 0x0 0x0 0x0 0x0 0x540005 0x0 0x0 0x0 0x0 0x0 0x0 0x570005 0x0 0x0 0x0 0x0 0x0 0x0 0x5a0005 0x0 0x0 0x0 0x0 0x0 0x0 0x610007 0x0 0xd0 0xeba 0x680007 0x0 0xb0 0xeba 0x710005 0x0 0x0 0x1bac5102430 0xeba 0x0 0x0 0x740007 0xeba 0x58 0x0 0x7c0005 0x0 0x0 0x0 0x0 0x0 0x0 0x8b0002 0xeba 0x8e0104 0x0 0x0 0x0 0x0 0x0 0x0 0x930003 0xeba 0x18 0x9a0007 0xeba 0x20 0x0 0xa40002 0xeba 0xab0007 0xe14 0x260 0xa6 0xb00007 0xa6 0x148 0x0 0xc00002 0x0 0xc40005 0x0 0x0 0x0 0x0 0x0 0x0 0xca0005 0x0 0x0 0x0 0x0 0x0 0x0 0xcf0005 0x0 0x0 0x0 0x0 0x0 0x0 0xd20005 0x0 0x0 0x0 0x0 0x0 0x0 0xd50005 0x0 0x0 0x0 0x0 0x0 0x0 0xdb0005 0x0 0x0 0x1bac51024e0 0xa6 0x0 0x0 0xe20007 0xa6 0x90 0x0 0xe60005 0x0 0x0 0x0 0x0 0x0 0x0 0xea0005 0x0 0x0 0x0 0x0 0x0 0x0 0xf10007 0x0 0x20 0xa6 0xfc0002 0x0 0x1040002 0xe14 0x10b0007 0xb53 0x1a0 0x2c1 0x1100007 0x2c1 0x148 0x0 0x1200002 0x0 0x1240005 0x0 0x0 0x0 0x0 0x0 0x0 0x12a0005 0x0 0x0 0x0 0x0 0x0 0x0 0x12f0005 0x0 0x0 0x0 0x0 0x0 0x0 0x1320005 0x0 0x0 0x0 0x0 0x0 0x0 0x1350005 0x0 0x0 0x0 0x0 0x0 0x0 0x13b0005 0x0 0x0 0x1bac51024e0 0x231 0x1bac5102590 0x90 0x1420007 0x2a5 0x58 0xb6f 0x1470005 0x0 0x0 0x1bac5101480 0xb6f 0x0 0x0 0x14e0007 0x9 0x20 0xe0b 0x1560007 0x0 0xb8 0x9 0x15c0002 0x9 0x1630007 0x7 0x88 0x2 0x1690005 0x0 0x0 0x1bac51024e0 0x2 0x0 0x0 0x1700007 0x0 0x20 0x2 0x17b0002 0x0 0x1810007 0x0 0x80 0x7 0x1870002 0x7 0x18a0104 0x0 0x0 0x0 0x0 0x0 0x0 0x18f0003 0x7 0x18 0x1960007 0x0 0x78 0x7 0x19d0007 0x7 0x58 0x0 0x1a50005 0x0 0x0 0x0 0x0 0x0 0x0 0x1ac0007 0x7 0x20 0x0 0x1b30007 0x0 0x120 0x7 0x1ba0007 0x0 0x100 0x7 0x1bf0007 0x0 0xe0 0x7 0x1c60005 0x0 0x0 0x1bac5102430 0x7 0x0 0x0 0x1cc0007 0x7 0x50 0x0 0x1d00002 0x0 0x1d30007 0x0 0x58 0x0 0x1db0005 0x0 0x0 0x1bae4f6fa68 0x7 0x0 0x0 0x1e60002 0x3 0x0 0x0 0x0 0x0 0x0 0x0 0x0 0x0 0x0 0x0 0x0 0x0 0x0 0x0 0x0 0x0 0x0 0x0 0x0 0x9 0x4 0x0 0x0 0x0 0x0 oops 10 22 jdk/internal/loader/ClassLoaders$PlatformClassLoader 31 org/eclipse/osgi/internal/debug/Debug 94 org/eclipse/osgi/internal/framework/EquinoxContainer 175 org/eclipse/osgi/internal/loader/sources/SingleSourcePackage 253 org/eclipse/osgi/internal/loader/sources/SingleSourcePackage 255 org/eclipse/osgi/internal/loader/sources/MultiSourcePackage 264 org/eclipse/osgi/internal/loader/BundleLoader 285 org/eclipse/osgi/internal/loader/sources/SingleSourcePackage 345 org/eclipse/osgi/internal/framework/EquinoxContainer 362 jdk/internal/loader/ClassLoaders$PlatformClassLoader methods 0
ciMethodData org/eclipse/osgi/internal/debug/Debug loaderWithPackage (Ljava/lang/String;)Ljava/lang/String; 2 4180 orig 80 0 0 0 0 0 0 0 0 0 0 0 0 186 1 0 0 0 0 0 0 0 0 0 0 0 0 0 0 0 0 0 0 0 0 0 0 0 0 0 0 0 0 0 0 0 0 0 0 0 0 0 0 0 0 0 0 0 0 0 0 0 0 0 0 0 0 0 0 0 0 0 0 0 0 0 0 0 0 0 0 data 29 0x40007 0x1054 0x20 0x0 0xe0007 0x0 0x78 0x1054 0x160005 0x0 0x0 0x1bafdbd90c8 0x1054 0x0 0x0 0x1b0007 0x1054 0x20 0x0 0x0 0x0 0x0 0x0 0x0 0x0 0x9 0x2 0x0 0x0 oops 1 11 java/util/Collections$UnmodifiableSet methods 0
ciMethodData org/eclipse/osgi/internal/framework/EquinoxContainer isBootDelegationPackage (Ljava/lang/String;)Z 2 6706 orig 80 0 0 0 0 0 0 0 0 0 0 0 0 186 1 0 0 0 0 0 0 0 0 0 0 0 0 0 0 0 0 0 0 0 0 0 0 0 0 0 0 0 0 0 0 0 0 0 0 0 0 0 0 0 0 0 0 0 0 0 0 0 0 0 0 0 0 0 0 0 0 0 0 0 0 0 0 0 0 0 0 data 47 0x40007 0x1a32 0x20 0x0 0xe0005 0x0 0x0 0x1bafdbdb280 0x1a33 0x0 0x0 0x130007 0x1a34 0x20 0x0 0x1c0007 0x1a34 0xb0 0x0 0x2b0003 0x0 0x70 0x350005 0x0 0x0 0x0 0x0 0x0 0x0 0x380007 0x0 0x20 0x0 0x430007 0x0 0xffffffffffffffa8 0x0 0x0 0x0 0x0 0x0 0x0 0x0 0x9 0x2 0x0 0x0 oops 1 7 java/util/HashSet methods 0
ciMethodData org/eclipse/osgi/internal/loader/BundleLoader searchHooks (Ljava/lang/String;I)Ljava/lang/Object; 2 6772 orig 80 0 0 0 0 0 0 0 0 0 0 0 0 186 1 0 0 0 0 0 0 0 0 0 0 0 0 0 0 0 0 0 0 0 0 0 0 0 0 0 0 0 0 0 0 0 0 0 0 0 0 0 0 0 0 0 0 0 0 0 0 0 0 0 0 0 0 0 0 0 0 0 0 0 0 0 0 0 0 0 0 data 190 0x40005 0x0 0x0 0x1bac5102430 0x1a74 0x0 0x0 0x70005 0x0 0x0 0x1bac66ec408 0x1a73 0x0 0x0 0xa0005 0x1a73 0x0 0x0 0x0 0x0 0x0 0xf0007 0x1a74 0x20 0x0 0x180005 0x0 0x0 0x1baff30ec98 0x1a74 0x0 0x0 0x1f0003 0x1a73 0x440 0x240005 0x0 0x0 0x1baff30ed48 0x4f5b 0x0 0x0 0x290004 0x0 0x0 0x1baff30edf8 0x1a73 0x1baff30eea8 0x1a73 0x2f0008 0xe 0x0 0x398 0x49c7 0x80 0x27 0x108 0x345 0x190 0x114 0x218 0x8d 0x2a0 0x81 0x328 0x580005 0x0 0x0 0x1bac5101480 0x49ca 0x0 0x0 0x5b0005 0x189a 0x0 0x1baff30edf8 0x1898 0x1baff30eea8 0x189a 0x600003 0x49c9 0x2a8 0x670005 0x0 0x0 0x1bac5101480 0x27 0x0 0x0 0x6a0005 0xd 0x0 0x1baff30edf8 0xd 0x1baff30eea8 0xd 0x6f0003 0x27 0x220 0x760005 0x0 0x0 0x1bac5101480 0x345 0x0 0x0 0x790005 0x117 0x0 0x1baff30edf8 0x117 0x1baff30eea8 0x117 0x7e0003 0x345 0x198 0x850005 0x0 0x0 0x1bac5101480 0x114 0x0 0x0 0x880005 0x5c 0x0 0x1baff30edf8 0x5c 0x1baff30eea8 0x5c 0x8d0003 0x114 0x110 0x940005 0x0 0x0 0x1bac5101480 0x8d 0x0 0x0 0x970005 0x2f 0x0 0x1baff30edf8 0x30 0x1baff30eea8 0x2f 0x9c0003 0x8d 0x88 0xa30005 0x0 0x0 0x1bac5101480 0x81 0x0 0x0 0xa60005 0x2b 0x0 0x1baff30edf8 0x2b 0x1baff30eea8 0x2b 0xad0007 0x4f56 0x20 0x0 0xb50005 0x0 0x0 0x1baff30ed48 0x69c6 0x0 0x0 0xba0007 0x4f5a 0xfffffffffffffba0 0x1a75 0x0 0x0 0x0 0x0 0x0 0x0 0x9 0x3 0x0 0x0 0x0 oops 25 3 org/eclipse/osgi/internal/framework/EquinoxContainer 10 org/eclipse/osgi/internal/framework/EquinoxConfiguration 28 java/util/Collections$UnmodifiableRandomAccessList 38 java/util/Collections$UnmodifiableCollection$1 45 org/eclipse/osgi/internal/hooks/DevClassLoadingHook 47 org/eclipse/osgi/internal/hooks/EclipseLazyStarter 68 org/eclipse/osgi/internal/loader/BundleLoader 75 org/eclipse/osgi/internal/hooks/DevClassLoadingHook 77 org/eclipse/osgi/internal/hooks/EclipseLazyStarter 85 org/eclipse/osgi/internal/loader/BundleLoader 92 org/eclipse/osgi/internal/hooks/DevClassLoadingHook 94 org/eclipse/osgi/internal/hooks/EclipseLazyStarter 102 org/eclipse/osgi/internal/loader/BundleLoader 109 org/eclipse/osgi/internal/hooks/DevClassLoadingHook 111 org/eclipse/osgi/internal/hooks/EclipseLazyStarter 119 org/eclipse/osgi/internal/loader/BundleLoader 126 org/eclipse/osgi/internal/hooks/DevClassLoadingHook 128 org/eclipse/osgi/internal/hooks/EclipseLazyStarter 136 org/eclipse/osgi/internal/loader/BundleLoader 143 org/eclipse/osgi/internal/hooks/DevClassLoadingHook 145 org/eclipse/osgi/internal/hooks/EclipseLazyStarter 153 org/eclipse/osgi/internal/loader/BundleLoader 160 org/eclipse/osgi/internal/hooks/DevClassLoadingHook 162 org/eclipse/osgi/internal/hooks/EclipseLazyStarter 171 java/util/Collections$UnmodifiableCollection$1 methods 0
ciMethodData org/eclipse/osgi/internal/loader/BundleLoader findImportedSource (Ljava/lang/String;Ljava/util/Collection;)Lorg/eclipse/osgi/internal/loader/sources/PackageSource; 2 4269 orig 80 0 0 0 0 0 0 0 0 0 0 0 0 186 1 0 0 0 0 0 0 0 0 0 0 0 0 0 0 0 0 0 0 0 0 0 0 0 0 0 0 0 0 0 0 0 0 0 0 0 0 0 0 0 0 0 0 0 0 0 0 0 0 0 0 0 0 0 0 0 0 0 0 0 0 0 0 0 0 0 0 data 27 0x20002 0x10ad 0xd0005 0x0 0x0 0x1bafdbdbef8 0x10ae 0x0 0x0 0x120104 0x0 0x0 0x1bac51024e0 0xc2 0x0 0x0 0x0 0x0 0x0 0x0 0x0 0x0 0x9 0x3 0x0 0x0 0x0 oops 2 5 java/util/HashMap 12 org/eclipse/osgi/internal/loader/sources/SingleSourcePackage methods 0
ciMethodData org/eclipse/osgi/internal/loader/BundleLoader getImportedSources (Ljava/util/Collection;)Ljava/util/Map; 2 6815 orig 80 0 0 0 0 0 0 0 0 0 0 0 0 186 1 0 0 0 0 0 0 0 0 0 0 0 0 0 0 0 0 0 0 0 0 0 0 0 0 0 0 0 0 0 0 0 0 0 0 0 0 0 0 0 0 0 0 0 0 0 0 0 0 0 0 0 0 0 0 0 0 0 0 0 0 0 0 0 0 0 0 data 85 0xb0007 0x24 0x20 0x1a80 0x1b0005 0x24 0x0 0x0 0x0 0x0 0x0 0x200007 0x0 0x200 0x24 0x240005 0x0 0x0 0x1baff30ec98 0x19 0x1baffdbade8 0xb 0x2b0003 0x24 0x150 0x300005 0x0 0x0 0x1baff30ed48 0xd4 0x0 0x0 0x350004 0x0 0x0 0x1baffdba2f0 0xd4 0x0 0x0 0x3e0005 0xd4 0x0 0x0 0x0 0x0 0x0 0x450007 0x0 0x90 0xd4 0x4e0005 0x0 0x0 0x1bac51024e0 0xd3 0x1bac5102590 0x1 0x530005 0x0 0x0 0x1bafdbdbef8 0xd4 0x0 0x0 0x5b0005 0x0 0x0 0x1baff30ed48 0xed 0x1baffdbae98 0xb 0x600007 0xd4 0xfffffffffffffe90 0x24 0x0 0x0 0x0 0x0 0x0 0x0 0x9 0x2 0x0 0x0 oops 9 18 java/util/Collections$UnmodifiableRandomAccessList 20 java/util/Collections$EmptyList 28 java/util/Collections$UnmodifiableCollection$1 35 org/eclipse/osgi/container/ModuleWire 53 org/eclipse/osgi/internal/loader/sources/SingleSourcePackage 55 org/eclipse/osgi/internal/loader/sources/MultiSourcePackage 60 java/util/HashMap 67 java/util/Collections$UnmodifiableCollection$1 69 java/util/Collections$EmptyIterator methods 0
ciMethodData org/eclipse/osgi/internal/loader/BundleLoader generateException (Ljava/lang/String;ZLjava/lang/String;)Ljava/lang/Class; 1 9 orig 80 0 0 0 0 0 0 0 0 0 0 0 0 186 1 0 0 0 0 0 0 0 0 0 0 0 0 0 0 0 0 0 0 0 0 0 0 0 0 0 0 0 0 0 0 0 0 0 0 0 0 0 0 0 0 0 0 0 0 0 0 0 0 0 0 0 0 0 0 0 0 0 0 0 0 0 0 0 0 0 0 data 91 0x10007 0x0 0x278 0x9 0xd0002 0x9 0x100002 0x9 0x160005 0x9 0x0 0x0 0x0 0x0 0x0 0x1a0005 0x9 0x0 0x0 0x0 0x0 0x0 0x1d0005 0x9 0x0 0x0 0x0 0x0 0x0 0x200002 0x9 0x260007 0x9 0x180 0x0 0x350002 0x0 0x390005 0x0 0x0 0x0 0x0 0x0 0x0 0x3f0005 0x0 0x0 0x0 0x0 0x0 0x0 0x430005 0x0 0x0 0x0 0x0 0x0 0x0 0x490005 0x0 0x0 0x0 0x0 0x0 0x0 0x4c0005 0x0 0x0 0x0 0x0 0x0 0x0 0x4f0005 0x0 0x0 0x0 0x0 0x0 0x0 0x0 0x0 0x0 0x0 0x0 0x0 0x9 0x4 0xffffffffffffffff 0xffffffffffffffff 0x0 0xffffffffffffffff oops 0 methods 0
ciMethodData org/eclipse/osgi/internal/loader/BundleLoader findRequiredSource (Ljava/lang/String;Ljava/util/Collection;)Lorg/eclipse/osgi/internal/loader/sources/PackageSource; 2 5801 orig 80 0 0 0 0 0 0 0 0 0 0 0 0 186 1 0 0 0 0 0 0 0 0 0 0 0 0 0 0 0 0 0 0 0 0 0 0 0 0 0 0 0 0 0 0 0 0 0 0 0 0 0 0 0 0 0 0 0 0 0 0 0 0 0 0 0 0 0 0 0 0 0 0 0 0 0 0 0 0 0 0 data 232 0x40005 0x0 0x0 0x1baff30ec98 0x11e3 0x1baffdbade8 0x4c8 0x90007 0x11e1 0x20 0x4c8 0x1a0005 0x0 0x0 0x1bafdbdbef8 0x11e3 0x0 0x0 0x1f0104 0x0 0x0 0x1bac51024e0 0x2a7 0x1bac52e22f8 0xcb5 0x260007 0x1cc 0x90 0x1017 0x2b0005 0xba 0x0 0x1bac51024e0 0x2a7 0x1bac52e22f8 0xcb5 0x2e0007 0x361 0x38 0xcb6 0x320003 0xcb6 0x18 0x3c0003 0x1cc 0x18 0x430007 0x0 0x30 0x1cc 0x4a0002 0x1cc 0x500005 0x0 0x0 0x1bae4f6fcc8 0x1cc 0x0 0x0 0x550007 0x0 0x58 0x1cc 0x5a0005 0x0 0x0 0x1bae4f6fcc8 0x1cc 0x0 0x0 0x650002 0x1cc 0x6d0005 0x0 0x0 0x1baff30ec98 0x1cc 0x0 0x0 0x740003 0x1cc 0xf0 0x790005 0x0 0x0 0x1baff30ed48 0xfff 0x0 0x0 0x7e0004 0x0 0x0 0x1baffdba2f0 0x1001 0x0 0x0 0x860002 0x1001 0x8d0007 0x0 0x58 0x1001 0x950005 0x1001 0x0 0x0 0x0 0x0 0x0 0x9a0005 0x0 0x0 0x1baff30ed48 0x11ca 0x0 0x0 0x9f0007 0xfff 0xfffffffffffffef0 0x1cc 0xa30005 0x0 0x0 0x1bae4f6fcc8 0x1cc 0x0 0x0 0xa80007 0x106 0x48 0xc6 0xac0002 0xc6 0xb10003 0xc6 0x1b0 0xb50005 0x0 0x0 0x1bae4f6fcc8 0x106 0x0 0x0 0xbb0007 0x16 0xa8 0xf0 0xc00005 0x0 0x0 0x1bae4f6fcc8 0xf0 0x0 0x0 0xc50004 0x0 0x0 0x1bac51024e0 0xf0 0x0 0x0 0xca0003 0xf0 0xd0 0xcf0005 0x0 0x0 0x1bae4f6fcc8 0x16 0x0 0x0 0xd70005 0x0 0x0 0x1bae4f6fcc8 0x16 0x0 0x0 0xdc0004 0x0 0x0 0x1bac56ea940 0x16 0x0 0x0 0xe40002 0x16 0xf70005 0x16 0x0 0x1bac51024e0 0xf0 0x1bac52e22f8 0xc6 0xfc0005 0x0 0x0 0x1bafdbdbef8 0x1cc 0x0 0x0 0x1050003 0x1cc 0x18 0x10e0005 0x16 0x0 0x1bac51024e0 0xf0 0x1bac52e22f8 0xc6 0x1110007 0x106 0x38 0xc6 0x1150003 0xc6 0x18 0x0 0x0 0x0 0x0 0x0 0x0 0x0 0x0 0x0 0x9 0x3 0x0 0x0 0x0 oops 25 3 java/util/Collections$UnmodifiableRandomAccessList 5 java/util/Collections$EmptyList 14 java/util/HashMap 21 org/eclipse/osgi/internal/loader/sources/SingleSourcePackage 23 org/eclipse/osgi/internal/loader/sources/NullPackageSource 32 org/eclipse/osgi/internal/loader/sources/SingleSourcePackage 34 org/eclipse/osgi/internal/loader/sources/NullPackageSource 55 java/util/ArrayList 66 java/util/ArrayList 75 java/util/Collections$UnmodifiableRandomAccessList 85 java/util/Collections$UnmodifiableCollection$1 92 org/eclipse/osgi/container/ModuleWire 112 java/util/Collections$UnmodifiableCollection$1 123 java/util/ArrayList 139 java/util/ArrayList 150 java/util/ArrayList 157 org/eclipse/osgi/internal/loader/sources/SingleSourcePackage 167 java/util/ArrayList 174 java/util/ArrayList 181 [Lorg/eclipse/osgi/internal/loader/sources/PackageSource; 190 org/eclipse/osgi/internal/loader/sources/SingleSourcePackage 192 org/eclipse/osgi/internal/loader/sources/NullPackageSource 197 java/util/HashMap 207 org/eclipse/osgi/internal/loader/sources/SingleSourcePackage 209 org/eclipse/osgi/internal/loader/sources/NullPackageSource methods 0
ciMethodData org/eclipse/osgi/internal/loader/buddy/PolicyHandler doBuddyClassLoading (Ljava/lang/String;)Ljava/lang/Class; 1 0 orig 80 0 0 0 0 0 0 0 0 0 0 0 0 186 1 0 0 0 0 0 0 0 0 0 0 0 0 0 0 0 0 0 0 0 0 0 0 0 0 0 0 0 0 0 0 0 0 0 0 0 0 0 0 0 0 0 0 0 0 0 0 0 0 0 0 0 0 0 0 0 0 0 0 0 0 0 0 0 0 0 0 data 51 0x20002 0x0 0x50007 0x0 0x20 0x0 0x120007 0x0 0x38 0x0 0x160003 0x0 0x18 0x200003 0x0 0x80 0x270002 0x0 0x2e0007 0x0 0x58 0x0 0x340005 0x0 0x0 0x0 0x0 0x0 0x0 0x410007 0x0 0x40 0x0 0x450007 0x0 0xffffffffffffff78 0x0 0x4d0002 0x0 0x570002 0x0 0x0 0x0 0x0 0x0 0x0 0x0 0x9 0x2 0xffffffffffffffff 0xffffffffffffffff oops 0 methods 0
ciMethodData org/eclipse/osgi/internal/loader/BundleLoader findDynamicSource (Ljava/lang/String;)Lorg/eclipse/osgi/internal/loader/sources/PackageSource; 1 142 orig 80 0 0 0 0 0 0 0 0 0 0 0 0 186 1 0 0 0 0 0 0 0 0 0 0 0 0 0 0 0 0 0 0 0 0 0 0 0 0 0 0 0 0 0 0 0 0 0 0 0 0 0 0 0 0 0 0 0 0 0 0 0 0 0 0 0 0 0 0 0 0 0 0 0 0 0 0 0 0 0 0 data 181 0x50005 0x0 0x0 0x1bac5102380 0x8e 0x0 0x0 0xb0005 0x8e 0x0 0x0 0x0 0x0 0x0 0xe0007 0x16 0x4d8 0x78 0x130002 0x78 0x160007 0x76 0x4a8 0x2 0x1a0007 0x2 0x148 0x0 0x290002 0x0 0x2d0005 0x0 0x0 0x0 0x0 0x0 0x0 0x330005 0x0 0x0 0x0 0x0 0x0 0x0 0x370005 0x0 0x0 0x0 0x0 0x0 0x0 0x3a0005 0x0 0x0 0x0 0x0 0x0 0x0 0x3d0005 0x0 0x0 0x0 0x0 0x0 0x0 0x440005 0x2 0x0 0x0 0x0 0x0 0x0 0x490005 0x2 0x0 0x0 0x0 0x0 0x0 0x4c0005 0x2 0x0 0x0 0x0 0x0 0x0 0x4f0005 0x2 0x0 0x0 0x0 0x0 0x0 0x540005 0x2 0x0 0x0 0x0 0x0 0x0 0x5b0007 0x0 0x228 0x2 0x620005 0x2 0x0 0x0 0x0 0x0 0x0 0x680007 0x2 0x148 0x0 0x770002 0x0 0x7b0005 0x0 0x0 0x0 0x0 0x0 0x0 0x810005 0x0 0x0 0x0 0x0 0x0 0x0 0x860005 0x0 0x0 0x0 0x0 0x0 0x0 0x890005 0x0 0x0 0x0 0x0 0x0 0x0 0x8c0005 0x0 0x0 0x0 0x0 0x0 0x0 0x9d0005 0x0 0x0 0x1bac51024e0 0x2 0x0 0x0 0xa20005 0x0 0x0 0x1bafdbdbef8 0x2 0x0 0x0 0xab0003 0x2 0x18 0x0 0x0 0x0 0x0 0x0 0x0 0x0 0x0 0x9 0x2 0x0 0x0 oops 3 3 org/eclipse/osgi/internal/debug/Debug 155 org/eclipse/osgi/internal/loader/sources/SingleSourcePackage 162 java/util/HashMap methods 0
ciMethodData org/eclipse/osgi/internal/loader/BundleLoader isRequestFromVM ()Z 1 0 orig 80 0 0 0 0 0 0 0 0 0 0 0 0 186 1 0 0 0 0 0 0 0 0 0 0 0 0 0 0 0 0 0 0 0 0 0 0 0 0 0 0 0 0 0 0 0 0 0 0 0 0 0 0 0 0 0 0 0 0 0 0 0 0 0 0 0 0 0 0 0 0 0 0 0 0 0 0 0 0 0 0 data 131 0x40005 0x0 0x0 0x0 0x0 0x0 0x0 0xa0007 0x0 0x20 0x0 0x120005 0x0 0x0 0x0 0x0 0x0 0x0 0x170007 0x0 0x40 0x0 0x1d0007 0x0 0x20 0x0 0x240003 0x0 0x2e0 0x2e0007 0x0 0x2c8 0x0 0x350005 0x0 0x0 0x0 0x0 0x0 0x0 0x380007 0x0 0x270 0x0 0x3f0007 0x0 0x250 0x0 0x460007 0x0 0x230 0x0 0x4a0005 0x0 0x0 0x0 0x0 0x0 0x0 0x500005 0x0 0x0 0x0 0x0 0x0 0x0 0x530007 0x0 0x1a0 0x0 0x5a0005 0x0 0x0 0x0 0x0 0x0 0x0 0x5d0007 0x0 0x20 0x0 0x630002 0x0 0x6d0007 0x0 0x118 0x0 0x730003 0x0 0xb8 0x7c0004 0x0 0x0 0x0 0x0 0x0 0x0 0x7f0007 0x0 0x20 0x0 0x860005 0x0 0x0 0x0 0x0 0x0 0x0 0x890002 0x0 0x900007 0x0 0x40 0x0 0x970007 0x0 0xffffffffffffff40 0x0 0xa20007 0x0 0xfffffffffffffd38 0x0 0x0 0x0 0x0 0x0 0x0 0x0 0x9 0x1 0x0 oops 0 methods 0
ciMethodData org/eclipse/osgi/internal/debug/Debug loaderWithClass (Ljava/lang/String;)Ljava/lang/String; 2 10369 orig 80 2 0 0 0 0 0 0 0 0 0 0 0 186 1 0 0 0 0 0 0 0 0 0 0 0 0 0 0 0 0 0 0 0 0 0 0 0 0 0 0 0 0 0 0 0 0 0 0 0 0 0 0 0 0 0 0 0 0 0 0 0 0 0 0 0 0 0 0 0 0 0 0 0 0 0 0 0 0 0 0 data 31 0x40007 0x2880 0x20 0x0 0xe0007 0x0 0x88 0x2880 0x120002 0x2880 0x1b0005 0x0 0x0 0x1bafdbd90c8 0x2882 0x0 0x0 0x200007 0x2882 0x20 0x0 0x0 0x0 0x0 0x0 0x0 0x0 0x9 0x2 0x0 0x0 oops 1 13 java/util/Collections$UnmodifiableSet methods 0
ciMethodData org/eclipse/osgi/internal/loader/BundleLoader createExportPackageSource (Lorg/eclipse/osgi/container/ModuleWire;Ljava/util/Collection;)Lorg/eclipse/osgi/internal/loader/sources/PackageSource; 1 213 orig 80 0 0 0 0 0 0 0 0 0 0 0 0 186 1 0 0 0 0 0 0 0 0 0 0 0 0 0 0 0 0 0 0 0 0 0 0 0 0 0 0 0 0 0 0 0 0 0 0 0 0 0 0 0 0 0 0 0 0 0 0 0 0 0 0 0 0 0 0 0 0 0 0 0 0 0 0 0 0 0 0 data 83 0x10005 0xd5 0x0 0x0 0x0 0x0 0x0 0x40005 0xd5 0x0 0x0 0x0 0x0 0x0 0x90005 0x0 0x0 0x1baff526d90 0xd5 0x0 0x0 0xe0004 0x0 0x0 0x1bae4f6c388 0xd5 0x0 0x0 0x140002 0xd5 0x1b0007 0xd5 0x30 0x0 0x230002 0x0 0x2b0002 0xd5 0x360005 0xd5 0x0 0x0 0x0 0x0 0x0 0x3a0005 0x0 0x0 0x1bac56ea340 0xd5 0x0 0x0 0x410007 0x1 0x20 0xd4 0x500004 0x0 0x0 0x1bac51024e0 0x1 0x0 0x0 0x550004 0x0 0x0 0x1bac51024e0 0x1 0x0 0x0 0x560002 0x1 0x0 0x0 0x0 0x0 0x0 0x0 0x9 0x3 0x0 0x0 0xffffffffffffffff oops 5 17 java/util/Collections$UnmodifiableMap 24 java/lang/String 48 org/eclipse/osgi/internal/loader/BundleLoaderSources 59 org/eclipse/osgi/internal/loader/sources/SingleSourcePackage 66 org/eclipse/osgi/internal/loader/sources/SingleSourcePackage methods 0
ciMethodData org/eclipse/osgi/internal/loader/BundleLoader getProviderLoader (Lorg/eclipse/osgi/container/ModuleWire;)Lorg/eclipse/osgi/internal/loader/BundleLoader; 2 8146 orig 80 0 0 0 0 0 0 0 0 0 0 0 0 186 1 0 0 0 0 0 0 0 0 0 0 0 0 0 0 0 0 0 0 0 0 0 0 0 0 0 0 0 0 0 0 0 0 0 0 0 0 0 0 0 0 0 0 0 0 0 0 0 0 0 0 0 0 0 0 0 0 0 0 0 0 0 0 0 0 0 0 data 92 0x10005 0x1fd2 0x0 0x0 0x0 0x0 0x0 0x60007 0x1fd4 0x1e8 0x0 0xe0005 0x0 0x0 0x0 0x0 0x0 0x0 0x110007 0x0 0x190 0x0 0x1b0002 0x0 0x1f0005 0x0 0x0 0x0 0x0 0x0 0x0 0x220005 0x0 0x0 0x0 0x0 0x0 0x0 0x250005 0x0 0x0 0x0 0x0 0x0 0x0 0x2d0005 0x0 0x0 0x0 0x0 0x0 0x0 0x350005 0x0 0x0 0x0 0x0 0x0 0x0 0x3d0002 0x0 0x400005 0x0 0x0 0x0 0x0 0x0 0x0 0x460005 0x1fd4 0x0 0x0 0x0 0x0 0x0 0x490004 0x0 0x0 0x1bac56ee378 0x240 0x1bac5101480 0x1d94 0x0 0x0 0x0 0x0 0x0 0x0 0x9 0x2 0x0 0x0 oops 2 78 org/eclipse/osgi/internal/loader/SystemBundleLoader 80 org/eclipse/osgi/internal/loader/BundleLoader methods 0
ciMethodData org/eclipse/osgi/internal/hookregistry/ClassLoaderHook preFindClass (Ljava/lang/String;Lorg/eclipse/osgi/internal/loader/ModuleClassLoader;)Ljava/lang/Class; 2 18556 orig 80 0 0 0 0 0 0 0 0 0 0 0 0 186 1 0 0 0 0 0 0 0 0 0 0 0 0 0 0 0 0 0 0 0 0 0 0 0 0 0 0 0 0 0 0 0 0 0 0 0 0 0 0 0 0 0 0 0 0 0 0 0 0 0 0 0 0 0 0 0 0 0 0 0 0 0 0 0 0 0 0 data 6 0x0 0x9 0x3 0x0 0x0 0x0 oops 0 methods 0
ciMethodData java/util/Collections$UnmodifiableCollection contains (Ljava/lang/Object;)Z 2 5761 orig 80 1 0 0 0 0 0 0 0 0 0 0 0 186 1 0 0 0 0 0 0 0 0 0 0 0 0 0 0 0 0 0 0 0 0 0 0 0 0 0 0 0 0 0 0 0 0 0 0 0 0 0 0 0 0 0 0 0 0 0 0 0 0 0 0 0 0 0 0 0 0 0 0 0 0 0 0 0 0 0 0 data 17 0x50005 0x8 0x0 0x1bafdbdb280 0x1677 0x1bafdbdb330 0x2 0x0 0x0 0x0 0x0 0x0 0x0 0x9 0x2 0x0 0x0 oops 2 3 java/util/HashSet 5 java/util/ArrayList$SubList methods 0
ciMethodData org/eclipse/osgi/internal/loader/BundleLoader findLocalClass (Ljava/lang/String;)Ljava/lang/Class; 2 6019 orig 80 0 0 0 0 0 0 0 0 0 0 0 0 186 1 0 0 0 0 0 0 0 0 0 0 0 0 0 0 0 0 0 0 0 0 0 0 0 0 0 0 0 0 0 0 0 0 0 0 0 0 0 0 0 0 0 0 0 0 0 0 0 0 0 0 0 0 0 0 0 0 0 0 0 0 0 0 0 0 0 0 data 167 0x50005 0x0 0x0 0x1bac5102380 0x1784 0x0 0x0 0xc0007 0x1783 0x190 0x0 0x1b0002 0x0 0x1f0005 0x0 0x0 0x0 0x0 0x0 0x0 0x250005 0x0 0x0 0x0 0x0 0x0 0x0 0x290005 0x0 0x0 0x0 0x0 0x0 0x0 0x2f0005 0x0 0x0 0x0 0x0 0x0 0x0 0x320005 0x0 0x0 0x0 0x0 0x0 0x0 0x350005 0x0 0x0 0x0 0x0 0x0 0x0 0x380002 0x0 0x3d0005 0x0 0x0 0x1bac5101480 0x1782 0x0 0x0 0x410005 0x0 0x0 0x1bafea82b70 0x1782 0x0 0x0 0x470007 0x1783 0x220 0x0 0x4c0007 0x0 0x200 0x0 0x4f0002 0x0 0x620002 0x0 0x660005 0x0 0x0 0x0 0x0 0x0 0x0 0x6c0005 0x0 0x0 0x0 0x0 0x0 0x0 0x700005 0x0 0x0 0x0 0x0 0x0 0x0 0x760005 0x0 0x0 0x0 0x0 0x0 0x0 0x7b0005 0x0 0x0 0x0 0x0 0x0 0x0 0x810005 0x0 0x0 0x0 0x0 0x0 0x0 0x840005 0x0 0x0 0x0 0x0 0x0 0x0 0x870005 0x0 0x0 0x0 0x0 0x0 0x0 0x910005 0x0 0x0 0x0 0x0 0x0 0x0 0x940004 0x0 0x0 0x0 0x0 0x0 0x0 0x970007 0x0 0x20 0x0 0x0 0x0 0x0 0x0 0x0 0x0 0x9 0x2 0x0 0x0 oops 3 3 org/eclipse/osgi/internal/debug/Debug 60 org/eclipse/osgi/internal/loader/BundleLoader 67 org/eclipse/osgi/internal/loader/EquinoxClassLoader methods 0
ciMethodData org/eclipse/osgi/internal/loader/ModuleClassLoader findLocalClass (Ljava/lang/String;)Ljava/lang/Class; 2 6078 orig 80 0 0 0 0 0 0 0 0 0 0 0 0 186 1 0 0 0 0 0 0 0 0 0 0 0 0 0 0 0 0 0 0 0 0 0 0 0 0 0 0 0 0 0 0 0 0 0 0 0 0 0 0 0 0 0 0 0 0 0 0 0 0 0 0 0 0 0 0 0 0 0 0 0 0 0 0 0 0 0 0 data 24 0x10005 0x17bb 0x0 0x1bafea82b70 0x3 0x0 0x0 0x50005 0x0 0x0 0x1bac52146b8 0x17be 0x0 0x0 0x0 0x0 0x0 0x0 0x0 0x0 0x9 0x2 0x0 0x0 oops 2 3 org/eclipse/osgi/internal/loader/EquinoxClassLoader 10 org/eclipse/osgi/internal/loader/classpath/ClasspathManager methods 0
ciMethodData org/eclipse/osgi/internal/loader/classpath/ClasspathManager findLocalClass (Ljava/lang/String;)Ljava/lang/Class; 2 5076 orig 80 0 0 0 0 0 0 0 0 0 0 0 0 186 1 0 0 0 0 0 0 0 0 0 0 0 0 0 0 0 0 0 0 0 0 0 0 0 0 0 0 0 0 0 0 0 0 0 0 0 0 0 0 0 0 0 0 0 0 0 0 0 0 0 0 0 0 0 0 0 0 0 0 0 0 0 0 0 0 0 0 data 198 0x60005 0x13d4 0x0 0x0 0x0 0x0 0x0 0xb0005 0x0 0x0 0x1baff30ec98 0x13d4 0x0 0x0 0x120003 0x13d4 0xc0 0x170005 0x0 0x0 0x1baff30ed48 0x3b7d 0x0 0x0 0x1c0004 0x0 0x0 0x1baff30edf8 0x13d4 0x1baff30eea8 0x13d2 0x250005 0x13d7 0x0 0x1baff30edf8 0x13d3 0x1baff30eea8 0x13d2 0x2a0005 0x0 0x0 0x1baff30ed48 0x4f50 0x0 0x0 0x2f0007 0x3b7a 0xffffffffffffff20 0x13d6 0x370005 0x0 0x0 0x1bafea82b70 0x13d6 0x0 0x0 0x3c0007 0xa9d 0x170 0x93b 0x430005 0x0 0x0 0x1baff30ec98 0x93b 0x0 0x0 0x4a0003 0x93b 0xc0 0x4f0005 0x0 0x0 0x1baff30ed48 0x1bb1 0x0 0x0 0x540004 0x0 0x0 0x1baff30edf8 0x93b 0x1baff30eea8 0x93b 0x5e0005 0x93b 0x0 0x1baff30edf8 0x93b 0x1baff30eea8 0x93b 0x630005 0x0 0x0 0x1baff30ed48 0x24ec 0x0 0x0 0x680007 0x1bb1 0xffffffffffffff20 0x93b 0x710002 0xa9c 0x790005 0x0 0x0 0x1baff30ec98 0xa9d 0x0 0x0 0x800003 0xa9d 0xc0 0x850005 0x0 0x0 0x1baff30ed48 0x1fd6 0x0 0x0 0x8a0004 0x0 0x0 0x1baff30edf8 0xa9d 0x1baff30eea8 0xa9d 0x940005 0xa9d 0x0 0x1baff30edf8 0xa9d 0x1baff30eea8 0xa9d 0x990005 0x0 0x0 0x1baff30ed48 0x2a73 0x0 0x0 0x9e0007 0x1fd6 0xffffffffffffff20 0xa9d 0xa70005 0x0 0x0 0x0 0x0 0x0 0x0 0xae0003 0x0 0xc0 0xb30005 0x0 0x0 0x0 0x0 0x0 0x0 0xb80004 0x0 0x0 0x0 0x0 0x0 0x0 0xc20005 0x0 0x0 0x0 0x0 0x0 0x0 0xc70005 0x0 0x0 0x0 0x0 0x0 0x0 0xcc0007 0x0 0xffffffffffffff20 0x0 0x0 0x0 0x0 0x0 0x0 0x0 0x9 0x2 0x0 0x0 oops 22 10 java/util/Collections$UnmodifiableRandomAccessList 20 java/util/Collections$UnmodifiableCollection$1 27 org/eclipse/osgi/internal/hooks/DevClassLoadingHook 29 org/eclipse/osgi/internal/hooks/EclipseLazyStarter 34 org/eclipse/osgi/internal/hooks/DevClassLoadingHook 36 org/eclipse/osgi/internal/hooks/EclipseLazyStarter 41 java/util/Collections$UnmodifiableCollection$1 52 org/eclipse/osgi/internal/loader/EquinoxClassLoader 63 java/util/Collections$UnmodifiableRandomAccessList 73 java/util/Collections$UnmodifiableCollection$1 80 org/eclipse/osgi/internal/hooks/DevClassLoadingHook 82 org/eclipse/osgi/internal/hooks/EclipseLazyStarter 87 org/eclipse/osgi/internal/hooks/DevClassLoadingHook 89 org/eclipse/osgi/internal/hooks/EclipseLazyStarter 94 java/util/Collections$UnmodifiableCollection$1 107 java/util/Collections$UnmodifiableRandomAccessList 117 java/util/Collections$UnmodifiableCollection$1 124 org/eclipse/osgi/internal/hooks/DevClassLoadingHook 126 org/eclipse/osgi/internal/hooks/EclipseLazyStarter 131 org/eclipse/osgi/internal/hooks/DevClassLoadingHook 133 org/eclipse/osgi/internal/hooks/EclipseLazyStarter 138 java/util/Collections$UnmodifiableCollection$1 methods 0
ciMethodData org/eclipse/osgi/internal/loader/sources/SingleSourcePackage loadClass (Ljava/lang/String;)Ljava/lang/Class; 2 1164 orig 80 0 0 0 0 0 0 0 0 0 0 0 0 186 1 0 0 0 0 0 0 0 0 0 0 0 0 0 0 0 0 0 0 0 0 0 0 0 0 0 0 0 0 0 0 0 0 0 0 0 0 0 0 0 0 0 0 0 0 0 0 0 0 0 0 0 0 0 0 0 0 0 0 0 0 0 0 0 0 0 0 data 17 0x50005 0x0 0x0 0x1bac5101480 0x3f0 0x1bac56ee378 0x9c 0x0 0x0 0x0 0x0 0x0 0x0 0x9 0x2 0x0 0xffffffffffffffff oops 2 3 org/eclipse/osgi/internal/loader/BundleLoader 5 org/eclipse/osgi/internal/loader/SystemBundleLoader methods 0
ciMethodData org/eclipse/osgi/internal/loader/SystemBundleLoader findLocalClass (Ljava/lang/String;)Ljava/lang/Class; 1 82 orig 80 0 0 0 0 0 0 0 0 0 0 0 0 186 1 0 0 0 0 0 0 0 0 0 0 0 0 0 0 0 0 0 0 0 0 0 0 0 0 0 0 0 0 0 0 0 0 0 0 0 0 0 0 0 0 0 0 0 0 0 0 0 0 0 0 0 0 0 0 0 0 0 0 0 0 0 0 0 0 0 0 data 17 0x50005 0x0 0x0 0x1bac67078a8 0x52 0x0 0x0 0x0 0x0 0x0 0x0 0x0 0x0 0x9 0x2 0x0 0x0 oops 1 3 org/eclipse/equinox/launcher/Main$StartupClassLoader methods 0
compile org/eclipse/osgi/internal/loader/BundleLoader findClass0 (Ljava/lang/String;ZZ)Ljava/lang/Class; -1 4 inline 263 0 -1 0 org/eclipse/osgi/internal/loader/BundleLoader findClass0 (Ljava/lang/String;ZZ)Ljava/lang/Class; 1 14 0 java/lang/String startsWith (Ljava/lang/String;)Z 2 3 0 java/lang/String startsWith (Ljava/lang/String;I)Z 3 6 0 java/lang/String length ()I 4 6 0 java/lang/String coder ()B 3 10 0 java/lang/String length ()I 4 6 0 java/lang/String coder ()B 3 39 0 java/lang/String coder ()B 3 47 0 java/lang/String coder ()B 3 70 0 jdk/internal/util/ArraysSupport mismatch ([BI[BII)I 1 25 0 java/lang/ClassLoader loadClass (Ljava/lang/String;)Ljava/lang/Class; 2 3 0 jdk/internal/loader/BuiltinClassLoader loadClass (Ljava/lang/String;Z)Ljava/lang/Class; 3 3 0 jdk/internal/loader/BuiltinClassLoader loadClassOrNull (Ljava/lang/String;Z)Ljava/lang/Class; 4 2 0 java/lang/ClassLoader getClassLoadingLock (Ljava/lang/String;)Ljava/lang/Object; 5 13 0 java/lang/Object <init> ()V 5 23 0 java/util/concurrent/ConcurrentHashMap putIfAbsent (Ljava/lang/Object;Ljava/lang/Object;)Ljava/lang/Object; 4 10 0 java/lang/ClassLoader findLoadedClass (Ljava/lang/String;)Ljava/lang/Class; 5 1 0 java/lang/ClassLoader checkName (Ljava/lang/String;)Z 6 5 0 java/lang/String isEmpty ()Z 6 16 0 java/lang/String indexOf (I)I 7 3 0 java/lang/String indexOf (II)I 8 1 0 java/lang/String isLatin1 ()Z 8 14 0 java/lang/String length ()I 9 6 0 java/lang/String coder ()B 8 17 0 java/lang/StringLatin1 indexOf ([BIII)I 9 1 0 java/lang/StringLatin1 canEncode (I)Z 6 25 0 java/lang/String charAt (I)C 7 1 0 java/lang/String isLatin1 ()Z 7 12 0 java/lang/StringLatin1 charAt ([BI)C 8 3 0 java/lang/String checkIndex (II)V 4 22 0 jdk/internal/loader/BuiltinClassLoader findLoadedModule (Ljava/lang/String;)Ljdk/internal/loader/BuiltinClassLoader$LoadedModule; 5 3 0 java/lang/String lastIndexOf (I)I 6 3 0 java/lang/String length ()I 7 6 0 java/lang/String coder ()B 6 8 0 java/lang/String lastIndexOf (II)I 7 1 0 java/lang/String isLatin1 ()Z 7 13 0 java/lang/StringLatin1 lastIndexOf ([BII)I 8 1 0 java/lang/StringLatin1 canEncode (I)Z 5 16 0 java/lang/String substring (II)Ljava/lang/String; 6 1 0 java/lang/String length ()I 7 6 0 java/lang/String coder ()B 6 8 0 java/lang/String checkBoundsBeginEnd (III)V 7 6 0 jdk/internal/util/Preconditions checkFromToIndex (IIILjava/util/function/BiFunction;)I 6 28 0 java/lang/String isLatin1 ()Z 6 41 0 java/lang/StringLatin1 newString ([BII)Ljava/lang/String; 7 16 0 java/util/Arrays copyOfRange ([BII)[B 8 13 0 java/util/Arrays copyOfRangeByte ([BII)[B 9 2 0 java/util/Arrays checkLength (II)V 7 20 0 java/lang/String <init> ([BB)V 8 1 0 java/lang/Object <init> ()V 5 24 0 java/util/concurrent/ConcurrentHashMap get (Ljava/lang/Object;)Ljava/lang/Object; 6 1 0 java/lang/String hashCode ()I 7 17 0 java/lang/String isLatin1 ()Z 6 4 0 java/util/concurrent/ConcurrentHashMap spread (I)I 6 34 0 java/util/concurrent/ConcurrentHashMap tabAt ([Ljava/util/concurrent/ConcurrentHashMap$Node;I)Ljava/util/concurrent/ConcurrentHashMap$Node; 6 73 0 java/lang/String equals (Ljava/lang/Object;)Z 4 34 0 jdk/internal/loader/BuiltinClassLoader$LoadedModule loader ()Ljdk/internal/loader/BuiltinClassLoader; 4 45 0 jdk/internal/misc/VM isModuleSystemInited ()Z 4 55 0 jdk/internal/loader/BuiltinClassLoader findClassInModuleOrNull (Ljdk/internal/loader/BuiltinClassLoader$LoadedModule;Ljava/lang/String;)Ljava/lang/Class; 4 66 0 jdk/internal/loader/BuiltinClassLoader loadClassOrNull (Ljava/lang/String;)Ljava/lang/Class; 5 3 0 jdk/internal/loader/ClassLoaders$BootClassLoader loadClassOrNull (Ljava/lang/String;Z)Ljava/lang/Class; 6 4 0 java/lang/System$2 findBootstrapClassOrNull (Ljava/lang/String;)Ljava/lang/Class; 7 1 0 java/lang/ClassLoader findBootstrapClassOrNull (Ljava/lang/String;)Ljava/lang/Class; 8 1 0 java/lang/ClassLoader checkName (Ljava/lang/String;)Z 9 5 0 java/lang/String isEmpty ()Z 9 16 0 java/lang/String indexOf (I)I 10 3 0 java/lang/String indexOf (II)I 11 1 0 java/lang/String isLatin1 ()Z 11 14 0 java/lang/String length ()I 12 6 0 java/lang/String coder ()B 11 17 0 java/lang/StringLatin1 indexOf ([BIII)I 12 1 0 java/lang/StringLatin1 canEncode (I)Z 9 25 0 java/lang/String charAt (I)C 10 1 0 java/lang/String isLatin1 ()Z 10 12 0 java/lang/StringLatin1 charAt ([BI)C 11 3 0 java/lang/String checkIndex (II)V 4 86 0 jdk/internal/loader/BuiltinClassLoader loadClassOrNull (Ljava/lang/String;)Ljava/lang/Class; 5 3 0 jdk/internal/loader/ClassLoaders$BootClassLoader loadClassOrNull (Ljava/lang/String;Z)Ljava/lang/Class; 6 4 0 java/lang/System$2 findBootstrapClassOrNull (Ljava/lang/String;)Ljava/lang/Class; 7 1 0 java/lang/ClassLoader findBootstrapClassOrNull (Ljava/lang/String;)Ljava/lang/Class; 8 1 0 java/lang/ClassLoader checkName (Ljava/lang/String;)Z 9 5 0 java/lang/String isEmpty ()Z 9 16 0 java/lang/String indexOf (I)I 10 3 0 java/lang/String indexOf (II)I 11 1 0 java/lang/String isLatin1 ()Z 11 14 0 java/lang/String length ()I 12 6 0 java/lang/String coder ()B 11 17 0 java/lang/StringLatin1 indexOf ([BIII)I 12 1 0 java/lang/StringLatin1 canEncode (I)Z 9 25 0 java/lang/String charAt (I)C 10 1 0 java/lang/String isLatin1 ()Z 10 12 0 java/lang/StringLatin1 charAt ([BI)C 11 3 0 java/lang/String checkIndex (II)V 4 97 0 jdk/internal/loader/BuiltinClassLoader hasClassPath ()Z 1 30 0 org/eclipse/osgi/internal/loader/BundleLoader getPackageName (Ljava/lang/String;)Ljava/lang/String; 2 7 0 java/lang/String lastIndexOf (I)I 3 3 0 java/lang/String length ()I 4 6 0 java/lang/String coder ()B 3 8 0 java/lang/String lastIndexOf (II)I 4 1 0 java/lang/String isLatin1 ()Z 4 13 0 java/lang/StringLatin1 lastIndexOf ([BII)I 5 1 0 java/lang/StringLatin1 canEncode (I)Z 2 18 0 java/lang/String substring (II)Ljava/lang/String; 3 1 0 java/lang/String length ()I 4 6 0 java/lang/String coder ()B 3 8 0 java/lang/String checkBoundsBeginEnd (III)V 4 6 0 jdk/internal/util/Preconditions checkFromToIndex (IIILjava/util/function/BiFunction;)I 3 28 0 java/lang/String isLatin1 ()Z 3 41 0 java/lang/StringLatin1 newString ([BII)Ljava/lang/String; 4 16 0 java/util/Arrays copyOfRange ([BII)[B 5 13 0 java/util/Arrays copyOfRangeByte ([BII)[B 6 2 0 java/util/Arrays checkLength (II)V 4 20 0 java/lang/String <init> ([BB)V 5 1 0 java/lang/Object <init> ()V 1 41 0 org/eclipse/osgi/internal/debug/Debug loaderWithPackage (Ljava/lang/String;)Ljava/lang/String; 2 22 0 java/util/Collections$UnmodifiableCollection contains (Ljava/lang/Object;)Z 3 5 0 java/util/HashSet contains (Ljava/lang/Object;)Z 4 5 0 java/util/HashMap containsKey (Ljava/lang/Object;)Z 5 2 0 java/util/HashMap getNode (Ljava/lang/Object;)Ljava/util/HashMap$Node; 6 23 0 java/util/HashMap hash (Ljava/lang/Object;)I 7 9 0 java/lang/String hashCode ()I 8 17 0 java/lang/String isLatin1 ()Z 1 113 0 org/eclipse/osgi/internal/framework/EquinoxContainer isBootDelegationPackage (Ljava/lang/String;)Z 2 14 0 java/util/HashSet contains (Ljava/lang/Object;)Z 3 5 0 java/util/HashMap containsKey (Ljava/lang/Object;)Z 4 2 0 java/util/HashMap getNode (Ljava/lang/Object;)Ljava/util/HashMap$Node; 5 23 0 java/util/HashMap hash (Ljava/lang/Object;)I 6 9 0 java/lang/String hashCode ()I 7 17 0 java/lang/String isLatin1 ()Z 1 139 0 org/eclipse/osgi/internal/loader/BundleLoader searchHooks (Ljava/lang/String;I)Ljava/lang/Object; 2 4 0 org/eclipse/osgi/internal/framework/EquinoxContainer getConfiguration ()Lorg/eclipse/osgi/internal/framework/EquinoxConfiguration; 2 7 0 org/eclipse/osgi/internal/framework/EquinoxConfiguration getHookRegistry ()Lorg/eclipse/osgi/internal/hookregistry/HookRegistry; 2 10 0 org/eclipse/osgi/internal/hookregistry/HookRegistry getClassLoaderHooks ()Ljava/util/List; 2 24 0 java/util/Collections$UnmodifiableCollection iterator ()Ljava/util/Iterator; 3 5 0 java/util/Collections$UnmodifiableCollection$1 <init> (Ljava/util/Collections$UnmodifiableCollection;)V 4 6 0 java/lang/Object <init> ()V 4 17 0 java/util/HashSet iterator ()Ljava/util/Iterator; 5 4 0 java/util/HashMap keySet ()Ljava/util/Set; 6 14 0 java/util/HashMap$KeySet <init> (Ljava/util/HashMap;)V 7 6 0 java/util/AbstractSet <init> ()V 8 1 0 java/util/AbstractCollection <init> ()V 9 1 0 java/lang/Object <init> ()V 5 4 0 java/util/LinkedHashMap keySet ()Ljava/util/Set; 5 7 0 java/util/HashMap$KeySet iterator ()Ljava/util/Iterator; 6 8 0 java/util/HashMap$KeyIterator <init> (Ljava/util/HashMap;)V 7 2 0 java/util/HashMap$HashIterator <init> (Ljava/util/HashMap;)V 8 6 0 java/lang/Object <init> ()V 5 7 0 java/util/LinkedHashMap$LinkedKeySet iterator ()Ljava/util/Iterator; 6 12 0 java/util/LinkedHashMap$LinkedKeyIterator <init> (Ljava/util/LinkedHashMap;Z)V 7 3 0 java/util/LinkedHashMap$LinkedHashIterator <init> (Ljava/util/LinkedHashMap;Z)V 8 6 0 java/lang/Object <init> ()V 2 181 0 java/util/Collections$UnmodifiableCollection$1 hasNext ()Z 3 4 0 java/util/HashMap$HashIterator hasNext ()Z 2 36 0 java/util/Collections$UnmodifiableCollection$1 next ()Ljava/lang/Object; 3 4 0 java/util/HashMap$KeyIterator next ()Ljava/lang/Object; 4 1 0 java/util/HashMap$HashIterator nextNode ()Ljava/util/HashMap$Node; 2 88 0 org/eclipse/osgi/internal/loader/BundleLoader getModuleClassLoader ()Lorg/eclipse/osgi/internal/loader/ModuleClassLoader; 3 15 0 org/eclipse/osgi/internal/framework/EquinoxContainer getConfiguration ()Lorg/eclipse/osgi/internal/framework/EquinoxConfiguration; 3 18 0 org/eclipse/osgi/internal/framework/EquinoxConfiguration getHookRegistry ()Lorg/eclipse/osgi/internal/hookregistry/HookRegistry; 3 21 0 org/eclipse/osgi/internal/hookregistry/HookRegistry getClassLoaderHooks ()Ljava/util/List; 3 29 0 org/eclipse/osgi/container/ModuleWiring getRevision ()Lorg/eclipse/osgi/container/ModuleRevision; 3 32 0 org/eclipse/osgi/container/ModuleRevision getRevisionInfo ()Ljava/lang/Object; 3 39 0 java/lang/System getSecurityManager ()Ljava/lang/SecurityManager; 4 0 0 java/lang/System allowSecurityManager ()Z 3 50 0 org/eclipse/osgi/storage/BundleInfo$Generation getBundleInfo ()Lorg/eclipse/osgi/storage/BundleInfo; 3 53 0 org/eclipse/osgi/storage/BundleInfo getStorage ()Lorg/eclipse/osgi/storage/Storage; 3 56 0 org/eclipse/osgi/storage/Storage getConfiguration ()Lorg/eclipse/osgi/internal/framework/EquinoxConfiguration; 4 4 0 org/eclipse/osgi/internal/framework/EquinoxContainer getConfiguration ()Lorg/eclipse/osgi/internal/framework/EquinoxConfiguration; 3 125 0 org/eclipse/osgi/internal/loader/BundleLoader$3 <init> (Lorg/eclipse/osgi/internal/loader/BundleLoader;Ljava/util/List;Lorg/eclipse/osgi/internal/loader/ModuleClassLoader;)V 4 16 0 java/lang/Object <init> ()V 3 128 0 java/security/AccessController doPrivileged (Ljava/security/PrivilegedAction;)Ljava/lang/Object; 4 5 0 java/security/AccessController executePrivileged (Ljava/security/PrivilegedAction;Ljava/security/AccessControlContext;Ljava/lang/Class;)Ljava/lang/Object; 5 29 0 org/eclipse/osgi/internal/loader/BundleLoader$3 run ()Ljava/lang/Object; 6 28 0 org/eclipse/osgi/internal/hookregistry/ClassLoaderHook classLoaderCreated (Lorg/eclipse/osgi/internal/loader/ModuleClassLoader;)V 5 56 0 java/lang/ref/Reference reachabilityFence (Ljava/lang/Object;)V 5 60 0 java/lang/ref/Reference reachabilityFence (Ljava/lang/Object;)V 2 91 0 org/eclipse/osgi/internal/hookregistry/ClassLoaderHook preFindClass (Ljava/lang/String;Lorg/eclipse/osgi/internal/loader/ModuleClassLoader;)Ljava/lang/Class; 1 164 0 org/eclipse/osgi/internal/loader/BundleLoader findImportedSource (Ljava/lang/String;Ljava/util/Collection;)Lorg/eclipse/osgi/internal/loader/sources/PackageSource; 2 2 0 org/eclipse/osgi/internal/loader/BundleLoader getImportedSources (Ljava/util/Collection;)Ljava/util/Map; 3 36 0 java/util/Collections$UnmodifiableCollection iterator ()Ljava/util/Iterator; 4 5 0 java/util/Collections$UnmodifiableCollection$1 <init> (Ljava/util/Collections$UnmodifiableCollection;)V 5 6 0 java/lang/Object <init> ()V 5 17 0 java/util/HashSet iterator ()Ljava/util/Iterator; 6 4 0 java/util/HashMap keySet ()Ljava/util/Set; 7 14 0 java/util/HashMap$KeySet <init> (Ljava/util/HashMap;)V 8 6 0 java/util/AbstractSet <init> ()V 9 1 0 java/util/AbstractCollection <init> ()V 10 1 0 java/lang/Object <init> ()V 6 4 0 java/util/LinkedHashMap keySet ()Ljava/util/Set; 6 7 0 java/util/HashMap$KeySet iterator ()Ljava/util/Iterator; 7 8 0 java/util/HashMap$KeyIterator <init> (Ljava/util/HashMap;)V 8 2 0 java/util/HashMap$HashIterator <init> (Ljava/util/HashMap;)V 9 6 0 java/lang/Object <init> ()V 6 7 0 java/util/LinkedHashMap$LinkedKeySet iterator ()Ljava/util/Iterator; 7 12 0 java/util/LinkedHashMap$LinkedKeyIterator <init> (Ljava/util/LinkedHashMap;Z)V 8 3 0 java/util/LinkedHashMap$LinkedHashIterator <init> (Ljava/util/LinkedHashMap;Z)V 9 6 0 java/lang/Object <init> ()V 3 36 0 java/util/Collections$EmptyList iterator ()Ljava/util/Iterator; 4 0 0 java/util/Collections emptyIterator ()Ljava/util/Iterator; 3 91 0 java/util/Collections$UnmodifiableCollection$1 hasNext ()Z 4 4 0 java/util/HashMap$HashIterator hasNext ()Z 3 91 0 java/util/Collections$EmptyIterator hasNext ()Z 3 48 0 java/util/Collections$UnmodifiableCollection$1 next ()Ljava/lang/Object; 4 4 0 java/util/HashMap$KeyIterator next ()Ljava/lang/Object; 5 1 0 java/util/HashMap$HashIterator nextNode ()Ljava/util/HashMap$Node; 3 78 0 org/eclipse/osgi/internal/loader/sources/PackageSource getId ()Ljava/lang/String; 2 13 0 java/util/HashMap get (Ljava/lang/Object;)Ljava/lang/Object; 3 2 0 java/util/HashMap getNode (Ljava/lang/Object;)Ljava/util/HashMap$Node; 4 23 0 java/util/HashMap hash (Ljava/lang/Object;)I 5 9 0 java/lang/String hashCode ()I 6 17 0 java/lang/String isLatin1 ()Z 1 219 0 org/eclipse/osgi/internal/loader/sources/SingleSourcePackage loadClass (Ljava/lang/String;)Ljava/lang/Class; 2 5 0 org/eclipse/osgi/internal/loader/BundleLoader findLocalClass (Ljava/lang/String;)Ljava/lang/Class; 3 5 0 org/eclipse/osgi/internal/debug/Debug loaderWithClass (Ljava/lang/String;)Ljava/lang/String; 4 18 0 org/eclipse/osgi/internal/loader/BundleLoader getPackageName (Ljava/lang/String;)Ljava/lang/String; 5 7 0 java/lang/String lastIndexOf (I)I 6 3 0 java/lang/String length ()I 7 6 0 java/lang/String coder ()B 6 8 0 java/lang/String lastIndexOf (II)I 7 1 0 java/lang/String isLatin1 ()Z 7 13 0 java/lang/StringLatin1 lastIndexOf ([BII)I 8 1 0 java/lang/StringLatin1 canEncode (I)Z 5 18 0 java/lang/String substring (II)Ljava/lang/String; 6 1 0 java/lang/String length ()I 7 6 0 java/lang/String coder ()B 6 8 0 java/lang/String checkBoundsBeginEnd (III)V 7 6 0 jdk/internal/util/Preconditions checkFromToIndex (IIILjava/util/function/BiFunction;)I 6 28 0 java/lang/String isLatin1 ()Z 6 41 0 java/lang/StringLatin1 newString ([BII)Ljava/lang/String; 7 16 0 java/util/Arrays copyOfRange ([BII)[B 8 13 0 java/util/Arrays copyOfRangeByte ([BII)[B 9 2 0 java/util/Arrays checkLength (II)V 7 20 0 java/lang/String <init> ([BB)V 8 1 0 java/lang/Object <init> ()V 4 27 0 java/util/Collections$UnmodifiableCollection contains (Ljava/lang/Object;)Z 5 5 0 java/util/HashSet contains (Ljava/lang/Object;)Z 6 5 0 java/util/HashMap containsKey (Ljava/lang/Object;)Z 7 2 0 java/util/HashMap getNode (Ljava/lang/Object;)Ljava/util/HashMap$Node; 8 23 0 java/util/HashMap hash (Ljava/lang/Object;)I 9 9 0 java/lang/String hashCode ()I 10 17 0 java/lang/String isLatin1 ()Z 3 61 0 org/eclipse/osgi/internal/loader/BundleLoader getModuleClassLoader ()Lorg/eclipse/osgi/internal/loader/ModuleClassLoader; 4 15 0 org/eclipse/osgi/internal/framework/EquinoxContainer getConfiguration ()Lorg/eclipse/osgi/internal/framework/EquinoxConfiguration; 4 18 0 org/eclipse/osgi/internal/framework/EquinoxConfiguration getHookRegistry ()Lorg/eclipse/osgi/internal/hookregistry/HookRegistry; 4 21 0 org/eclipse/osgi/internal/hookregistry/HookRegistry getClassLoaderHooks ()Ljava/util/List; 4 29 0 org/eclipse/osgi/container/ModuleWiring getRevision ()Lorg/eclipse/osgi/container/ModuleRevision; 4 32 0 org/eclipse/osgi/container/ModuleRevision getRevisionInfo ()Ljava/lang/Object; 4 39 0 java/lang/System getSecurityManager ()Ljava/lang/SecurityManager; 5 0 0 java/lang/System allowSecurityManager ()Z 4 50 0 org/eclipse/osgi/storage/BundleInfo$Generation getBundleInfo ()Lorg/eclipse/osgi/storage/BundleInfo; 4 53 0 org/eclipse/osgi/storage/BundleInfo getStorage ()Lorg/eclipse/osgi/storage/Storage; 4 56 0 org/eclipse/osgi/storage/Storage getConfiguration ()Lorg/eclipse/osgi/internal/framework/EquinoxConfiguration; 5 4 0 org/eclipse/osgi/internal/framework/EquinoxContainer getConfiguration ()Lorg/eclipse/osgi/internal/framework/EquinoxConfiguration; 4 125 0 org/eclipse/osgi/internal/loader/BundleLoader$3 <init> (Lorg/eclipse/osgi/internal/loader/BundleLoader;Ljava/util/List;Lorg/eclipse/osgi/internal/loader/ModuleClassLoader;)V 5 16 0 java/lang/Object <init> ()V 4 128 0 java/security/AccessController doPrivileged (Ljava/security/PrivilegedAction;)Ljava/lang/Object; 5 5 0 java/security/AccessController executePrivileged (Ljava/security/PrivilegedAction;Ljava/security/AccessControlContext;Ljava/lang/Class;)Ljava/lang/Object; 6 29 0 org/eclipse/osgi/internal/loader/BundleLoader$3 run ()Ljava/lang/Object; 7 28 0 org/eclipse/osgi/internal/hookregistry/ClassLoaderHook classLoaderCreated (Lorg/eclipse/osgi/internal/loader/ModuleClassLoader;)V 6 56 0 java/lang/ref/Reference reachabilityFence (Ljava/lang/Object;)V 6 60 0 java/lang/ref/Reference reachabilityFence (Ljava/lang/Object;)V 2 5 0 org/eclipse/osgi/internal/loader/SystemBundleLoader findLocalClass (Ljava/lang/String;)Ljava/lang/Class; 1 454 0 org/eclipse/osgi/internal/framework/EquinoxContainer getConfiguration ()Lorg/eclipse/osgi/internal/framework/EquinoxConfiguration;
